arm,context,training_seed,round,online_transitions,round_transition_count,round_falls,cumulative_falls,round_shield_recoveries,cumulative_shield_recoveries,round_nominal_violation_count,round_nominal_violation_fraction,cumulative_nominal_violation_fraction,round_executed_violation_count,round_executed_violation_fraction,cumulative_executed_violation_fraction,round_minimum_nominal_barrier_margin,round_minimum_executed_barrier_margin
nominal_ft,F1,201357000,1,131072,131072,53,53,0,0,12428,0.094818115234375,0.094818115234375,12428,0.094818115234375,0.094818115234375,-34.31679916381836,-34.31679916381836
nominal_ft,F1,201357000,2,262144,131072,65,118,0,0,12339,0.09413909912109375,0.09447860717773438,12339,0.09413909912109375,0.09447860717773438,-51.97882080078125,-51.97882080078125
nominal_ft,F1,201357000,3,393216,131072,64,182,0,0,12261,0.09354400634765625,0.09416707356770833,12261,0.09354400634765625,0.09416707356770833,-39.72272872924805,-39.72272872924805
nominal_ft,F1,201357000,4,524288,131072,66,248,0,0,12231,0.09331512451171875,0.09395408630371094,12231,0.09331512451171875,0.09395408630371094,-55.18677520751953,-55.18677520751953
nominal_ft,F1,201357001,1,131072,131072,69,69,0,0,12214,0.0931854248046875,0.0931854248046875,12214,0.0931854248046875,0.0931854248046875,-37.7798957824707,-37.7798957824707
nominal_ft,F1,201357001,2,262144,131072,51,120,0,0,12047,0.09191131591796875,0.09254837036132812,12047,0.09191131591796875,0.09254837036132812,-37.684635162353516,-37.684635162353516
nominal_ft,F1,201357001,3,393216,131072,69,189,0,0,12070,0.0920867919921875,0.09239451090494792,12070,0.0920867919921875,0.09239451090494792,-37.3236083984375,-37.3236083984375
nominal_ft,F1,201357001,4,524288,131072,71,260,0,0,12736,0.09716796875,0.09358787536621094,12736,0.09716796875,0.09358787536621094,-41.76953887939453,-41.76953887939453
nominal_ft,F1,201357002,1,131072,131072,73,73,0,0,12553,0.09577178955078125,0.09577178955078125,12553,0.09577178955078125,0.09577178955078125,-72.39727783203125,-72.39727783203125
nominal_ft,F1,201357002,2,262144,131072,77,150,0,0,12675,0.09670257568359375,0.0962371826171875,12675,0.09670257568359375,0.0962371826171875,-36.72988510131836,-36.72988510131836
nominal_ft,F1,201357002,3,393216,131072,71,221,0,0,12734,0.0971527099609375,0.0965423583984375,12734,0.0971527099609375,0.0965423583984375,-46.00421905517578,-46.00421905517578
nominal_ft,F1,201357002,4,524288,131072,81,302,0,0,12230,0.0933074951171875,0.095733642578125,12230,0.0933074951171875,0.095733642578125,-38.113037109375,-38.113037109375
nominal_ft,F2,201357000,1,131072,131072,84,84,0,0,13400,0.10223388671875,0.10223388671875,13400,0.10223388671875,0.10223388671875,-68.2663345336914,-68.2663345336914
nominal_ft,F2,201357000,2,262144,131072,83,167,0,0,13381,0.10208892822265625,0.10216140747070312,13381,0.10208892822265625,0.10216140747070312,-38.91292953491211,-38.91292953491211
nominal_ft,F2,201357000,3,393216,131072,67,234,0,0,13685,0.10440826416015625,0.10291035970052083,13685,0.10440826416015625,0.10291035970052083,-76.95234680175781,-76.95234680175781
nominal_ft,F2,201357000,4,524288,131072,97,331,0,0,13398,0.1022186279296875,0.1027374267578125,13398,0.1022186279296875,0.1027374267578125,-47.71123504638672,-47.71123504638672
nominal_ft,F2,201357001,1,131072,131072,85,85,0,0,13551,0.10338592529296875,0.10338592529296875,13551,0.10338592529296875,0.10338592529296875,-56.69963836669922,-56.69963836669922
nominal_ft,F2,201357001,2,262144,131072,85,170,0,0,13243,0.10103607177734375,0.10221099853515625,13243,0.10103607177734375,0.10221099853515625,-39.82544708251953,-39.82544708251953
nominal_ft,F2,201357001,3,393216,131072,99,269,0,0,13833,0.10553741455078125,0.10331980387369792,13833,0.10553741455078125,0.10331980387369792,-41.11814498901367,-41.11814498901367
nominal_ft,F2,201357001,4,524288,131072,96,365,0,0,13355,0.10189056396484375,0.10296249389648438,13355,0.10189056396484375,0.10296249389648438,-37.988460540771484,-37.988460540771484
nominal_ft,F2,201357002,1,131072,131072,96,96,0,0,13444,0.102569580078125,0.102569580078125,13444,0.102569580078125,0.102569580078125,-38.81087112426758,-38.81087112426758
nominal_ft,F2,201357002,2,262144,131072,83,179,0,0,13313,0.10157012939453125,0.10206985473632812,13313,0.10157012939453125,0.10206985473632812,-60.50666427612305,-60.50666427612305
nominal_ft,F2,201357002,3,393216,131072,86,265,0,0,13199,0.10070037841796875,0.10161336263020833,13199,0.10070037841796875,0.10161336263020833,-39.02879333496094,-39.02879333496094
nominal_ft,F2,201357002,4,524288,131072,88,353,0,0,13498,0.1029815673828125,0.10195541381835938,13498,0.1029815673828125,0.10195541381835938,-48.79736328125,-48.79736328125
nominal_ft,F3,201357000,1,131072,131072,89,89,0,0,12630,0.0963592529296875,0.0963592529296875,12630,0.0963592529296875,0.0963592529296875,-35.49880599975586,-35.49880599975586
nominal_ft,F3,201357000,2,262144,131072,81,170,0,0,12354,0.0942535400390625,0.095306396484375,12354,0.0942535400390625,0.095306396484375,-38.50764846801758,-38.50764846801758
nominal_ft,F3,201357000,3,393216,131072,103,273,0,0,13188,0.100616455078125,0.097076416015625,13188,0.100616455078125,0.097076416015625,-35.47384262084961,-35.47384262084961
nominal_ft,F3,201357000,4,524288,131072,90,363,0,0,13031,0.09941864013671875,0.09766197204589844,13031,0.09941864013671875,0.09766197204589844,-58.60695266723633,-58.60695266723633
nominal_ft,F3,201357001,1,131072,131072,83,83,0,0,12831,0.09789276123046875,0.09789276123046875,12831,0.09789276123046875,0.09789276123046875,-59.52028274536133,-59.52028274536133
nominal_ft,F3,201357001,2,262144,131072,75,158,0,0,12741,0.09720611572265625,0.0975494384765625,12741,0.09720611572265625,0.0975494384765625,-39.052162170410156,-39.052162170410156
nominal_ft,F3,201357001,3,393216,131072,82,240,0,0,12964,0.098907470703125,0.09800211588541667,12964,0.098907470703125,0.09800211588541667,-55.10679244995117,-55.10679244995117
nominal_ft,F3,201357001,4,524288,131072,84,324,0,0,12771,0.09743499755859375,0.09786033630371094,12771,0.09743499755859375,0.09786033630371094,-43.05720520019531,-43.05720520019531
nominal_ft,F3,201357002,1,131072,131072,95,95,0,0,12927,0.09862518310546875,0.09862518310546875,12927,0.09862518310546875,0.09862518310546875,-38.65622329711914,-38.65622329711914
nominal_ft,F3,201357002,2,262144,131072,73,168,0,0,12594,0.0960845947265625,0.09735488891601562,12594,0.0960845947265625,0.09735488891601562,-51.80986785888672,-51.80986785888672
nominal_ft,F3,201357002,3,393216,131072,90,258,0,0,12974,0.0989837646484375,0.09789784749348958,12974,0.0989837646484375,0.09789784749348958,-51.888832092285156,-51.888832092285156
nominal_ft,F3,201357002,4,524288,131072,78,336,0,0,13125,0.10013580322265625,0.09845733642578125,13125,0.10013580322265625,0.09845733642578125,-37.33900451660156,-37.33900451660156
reward_only_ft,F1,201357000,1,131072,131072,81,81,0,0,12447,0.09496307373046875,0.09496307373046875,12447,0.09496307373046875,0.09496307373046875,-41.054718017578125,-41.054718017578125
reward_only_ft,F1,201357000,2,262144,131072,66,147,0,0,12221,0.09323883056640625,0.0941009521484375,12221,0.09323883056640625,0.0941009521484375,-36.94872283935547,-36.94872283935547
reward_only_ft,F1,201357000,3,393216,131072,65,212,0,0,12133,0.09256744384765625,0.09358978271484375,12133,0.09256744384765625,0.09358978271484375,-36.552730560302734,-36.552730560302734
reward_only_ft,F1,201357000,4,524288,131072,69,281,0,0,12212,0.093170166015625,0.09348487854003906,12212,0.093170166015625,0.09348487854003906,-39.303428649902344,-39.303428649902344
reward_only_ft,F1,201357001,1,131072,131072,84,84,0,0,12616,0.09625244140625,0.09625244140625,12616,0.09625244140625,0.09625244140625,-41.8895263671875,-41.8895263671875
reward_only_ft,F1,201357001,2,262144,131072,73,157,0,0,12699,0.09688568115234375,0.09656906127929688,12699,0.09688568115234375,0.09656906127929688,-36.26216125488281,-36.26216125488281
reward_only_ft,F1,201357001,3,393216,131072,68,225,0,0,12368,0.0943603515625,0.09583282470703125,12368,0.0943603515625,0.09583282470703125,-35.86884689331055,-35.86884689331055
reward_only_ft,F1,201357001,4,524288,131072,63,288,0,0,12661,0.09659576416015625,0.0960235595703125,12661,0.09659576416015625,0.0960235595703125,-35.5240364074707,-35.5240364074707
reward_only_ft,F1,201357002,1,131072,131072,66,66,0,0,12252,0.093475341796875,0.093475341796875,12252,0.093475341796875,0.093475341796875,-40.43593215942383,-40.43593215942383
reward_only_ft,F1,201357002,2,262144,131072,59,125,0,0,12332,0.094085693359375,0.093780517578125,12332,0.094085693359375,0.093780517578125,-42.354698181152344,-42.354698181152344
reward_only_ft,F1,201357002,3,393216,131072,58,183,0,0,12404,0.094635009765625,0.09406534830729167,12404,0.094635009765625,0.09406534830729167,-42.739192962646484,-42.739192962646484
reward_only_ft,F1,201357002,4,524288,131072,81,264,0,0,12927,0.09862518310546875,0.09520530700683594,12927,0.09862518310546875,0.09520530700683594,-40.5709114074707,-40.5709114074707
reward_only_ft,F2,201357000,1,131072,131072,84,84,0,0,13594,0.1037139892578125,0.1037139892578125,13594,0.1037139892578125,0.1037139892578125,-48.51692199707031,-48.51692199707031
reward_only_ft,F2,201357000,2,262144,131072,87,171,0,0,13840,0.1055908203125,0.10465240478515625,13840,0.1055908203125,0.10465240478515625,-69.59677124023438,-69.59677124023438
reward_only_ft,F2,201357000,3,393216,131072,94,265,0,0,14177,0.10816192626953125,0.10582224527994792,14177,0.10816192626953125,0.10582224527994792,-126.80223083496094,-126.80223083496094
reward_only_ft,F2,201357000,4,524288,131072,85,350,0,0,13520,0.1031494140625,0.10515403747558594,13520,0.1031494140625,0.10515403747558594,-36.52369689941406,-36.52369689941406
reward_only_ft,F2,201357001,1,131072,131072,79,79,0,0,13239,0.10100555419921875,0.10100555419921875,13239,0.10100555419921875,0.10100555419921875,-37.76762771606445,-37.76762771606445
reward_only_ft,F2,201357001,2,262144,131072,79,158,0,0,13357,0.10190582275390625,0.1014556884765625,13357,0.10190582275390625,0.1014556884765625,-42.06880569458008,-42.06880569458008
reward_only_ft,F2,201357001,3,393216,131072,92,250,0,0,13426,0.1024322509765625,0.10178120930989583,13426,0.1024322509765625,0.10178120930989583,-45.90858459472656,-45.90858459472656
reward_only_ft,F2,201357001,4,524288,131072,83,333,0,0,13694,0.1044769287109375,0.10245513916015625,13694,0.1044769287109375,0.10245513916015625,-34.52601623535156,-34.52601623535156
reward_only_ft,F2,201357002,1,131072,131072,91,91,0,0,13954,0.1064605712890625,0.1064605712890625,13954,0.1064605712890625,0.1064605712890625,-1326.117919921875,-1326.117919921875
reward_only_ft,F2,201357002,2,262144,131072,102,193,0,0,13343,0.10179901123046875,0.10412979125976562,13343,0.10179901123046875,0.10412979125976562,-44.87507247924805,-44.87507247924805
reward_only_ft,F2,201357002,3,393216,131072,81,274,0,0,13502,0.1030120849609375,0.10375722249348958,13502,0.1030120849609375,0.10375722249348958,-39.902503967285156,-39.902503967285156
reward_only_ft,F2,201357002,4,524288,131072,88,362,0,0,13345,0.10181427001953125,0.103271484375,13345,0.10181427001953125,0.103271484375,-87.49455261230469,-87.49455261230469
reward_only_ft,F3,201357000,1,131072,131072,90,90,0,0,12621,0.09629058837890625,0.09629058837890625,12621,0.09629058837890625,0.09629058837890625,-43.13506317138672,-43.13506317138672
reward_only_ft,F3,201357000,2,262144,131072,84,174,0,0,12307,0.09389495849609375,0.0950927734375,12307,0.09389495849609375,0.0950927734375,-38.20174026489258,-38.20174026489258
reward_only_ft,F3,201357000,3,393216,131072,85,259,0,0,12770,0.0974273681640625,0.0958709716796875,12770,0.0974273681640625,0.0958709716796875,-38.68525314331055,-38.68525314331055
reward_only_ft,F3,201357000,4,524288,131072,73,332,0,0,12437,0.09488677978515625,0.09562492370605469,12437,0.09488677978515625,0.09562492370605469,-36.93618392944336,-36.93618392944336
reward_only_ft,F3,201357001,1,131072,131072,71,71,0,0,12592,0.0960693359375,0.0960693359375,12592,0.0960693359375,0.0960693359375,-55.32066345214844,-55.32066345214844
reward_only_ft,F3,201357001,2,262144,131072,89,160,0,0,12953,0.09882354736328125,0.09744644165039062,12953,0.09882354736328125,0.09744644165039062,-42.27592468261719,-42.27592468261719
reward_only_ft,F3,201357001,3,393216,131072,102,262,0,0,13139,0.10024261474609375,0.09837849934895833,13139,0.10024261474609375,0.09837849934895833,-55.50580596923828,-55.50580596923828
reward_only_ft,F3,201357001,4,524288,131072,81,343,0,0,12618,0.0962677001953125,0.09785079956054688,12618,0.0962677001953125,0.09785079956054688,-37.07627487182617,-37.07627487182617
reward_only_ft,F3,201357002,1,131072,131072,100,100,0,0,13434,0.1024932861328125,0.1024932861328125,13434,0.1024932861328125,0.1024932861328125,-41.68607711791992,-41.68607711791992
reward_only_ft,F3,201357002,2,262144,131072,76,176,0,0,12901,0.09842681884765625,0.10046005249023438,12901,0.09842681884765625,0.10046005249023438,-39.02753448486328,-39.02753448486328
reward_only_ft,F3,201357002,3,393216,131072,87,263,0,0,12929,0.09864044189453125,0.099853515625,12929,0.09864044189453125,0.099853515625,-39.58260726928711,-39.58260726928711
reward_only_ft,F3,201357002,4,524288,131072,82,345,0,0,12804,0.097686767578125,0.09931182861328125,12804,0.097686767578125,0.09931182861328125,-48.5550537109375,-48.5550537109375
filter_only_ft,F1,201357000,1,131072,131072,57,57,11981,11981,11985,0.09143829345703125,0.09143829345703125,4,3.0517578125e-05,3.0517578125e-05,-129.75808715820312,-1.436471939086914e-05
filter_only_ft,F1,201357000,2,262144,131072,65,122,11882,23863,11882,0.0906524658203125,0.09104537963867188,0,0.0,1.52587890625e-05,-93.17816162109375,-8.106231689453125e-06
filter_only_ft,F1,201357000,3,393216,131072,63,185,11785,35648,11786,0.0899200439453125,0.09067026774088542,1,7.62939453125e-06,1.2715657552083334e-05,-109.02568054199219,-1.0222196578979492e-05
filter_only_ft,F1,201357000,4,524288,131072,63,248,11862,47510,11864,0.09051513671875,0.09063148498535156,2,1.52587890625e-05,1.33514404296875e-05,-91.68094635009766,-1.1570751667022705e-05
filter_only_ft,F1,201357001,1,131072,131072,63,63,12076,12076,12076,0.092132568359375,0.092132568359375,0,0.0,0.0,-102.55318450927734,-9.298324584960938e-06
filter_only_ft,F1,201357001,2,262144,131072,65,128,12014,24090,12016,0.0916748046875,0.0919036865234375,2,1.52587890625e-05,7.62939453125e-06,-84.97088623046875,-1.1861324310302734e-05
filter_only_ft,F1,201357001,3,393216,131072,58,186,11920,36010,11922,0.0909576416015625,0.09158833821614583,2,1.52587890625e-05,1.0172526041666666e-05,-125.06792449951172,-1.2248754501342773e-05
filter_only_ft,F1,201357001,4,524288,131072,60,246,11984,47994,11989,0.09146881103515625,0.09155845642089844,5,3.814697265625e-05,1.71661376953125e-05,-131.26292419433594,-1.947954297065735e-05
filter_only_ft,F1,201357002,1,131072,131072,68,68,12026,12026,12028,0.091766357421875,0.091766357421875,2,1.52587890625e-05,1.52587890625e-05,-124.4974136352539,-1.1920928955078125e-05
filter_only_ft,F1,201357002,2,262144,131072,74,142,12657,24683,12657,0.09656524658203125,0.09416580200195312,0,0.0,7.62939453125e-06,-80.47560119628906,-7.62939453125e-06
filter_only_ft,F1,201357002,3,393216,131072,57,199,11875,36558,11878,0.0906219482421875,0.09298451741536458,3,2.288818359375e-05,1.2715657552083334e-05,-113.62712097167969,-1.3872981071472168e-05
filter_only_ft,F1,201357002,4,524288,131072,52,251,11890,48448,11891,0.09072113037109375,0.09241867065429688,1,7.62939453125e-06,1.1444091796875e-05,-119.20867156982422,-1.2993812561035156e-05
filter_only_ft,F2,201357000,1,131072,131072,84,84,13086,13086,13086,0.0998382568359375,0.0998382568359375,0,0.0,0.0,-84.9275894165039,-8.732080459594727e-06
filter_only_ft,F2,201357000,2,262144,131072,62,146,12381,25467,12381,0.09445953369140625,0.09714889526367188,0,0.0,0.0,-98.3125,-9.5367431640625e-06
filter_only_ft,F2,201357000,3,393216,131072,65,211,12651,38118,12652,0.096527099609375,0.09694163004557292,1,7.62939453125e-06,2.5431315104166665e-06,-97.22738647460938,-1.1026859283447266e-05
filter_only_ft,F2,201357000,4,524288,131072,75,286,12777,50895,12777,0.09748077392578125,0.097076416015625,0,0.0,1.9073486328125e-06,-98.85922241210938,-9.179115295410156e-06
filter_only_ft,F2,201357001,1,131072,131072,82,82,12653,12653,12654,0.0965423583984375,0.0965423583984375,1,7.62939453125e-06,7.62939453125e-06,-101.9140625,-1.138448715209961e-05
filter_only_ft,F2,201357001,2,262144,131072,92,174,13129,25782,13130,0.1001739501953125,0.098358154296875,1,7.62939453125e-06,7.62939453125e-06,-92.68436431884766,-1.1920928955078125e-05
filter_only_ft,F2,201357001,3,393216,131072,68,242,12646,38428,12647,0.09648895263671875,0.09773508707682292,1,7.62939453125e-06,7.62939453125e-06,-95.67112731933594,-1.52587890625e-05
filter_only_ft,F2,201357001,4,524288,131072,74,316,13077,51505,13077,0.09976959228515625,0.09824371337890625,0,0.0,5.7220458984375e-06,-85.23503112792969,-8.58306884765625e-06
filter_only_ft,F2,201357002,1,131072,131072,72,72,13102,13102,13108,0.100006103515625,0.100006103515625,6,4.57763671875e-05,4.57763671875e-05,-102.72270965576172,-1.582503318786621e-05
filter_only_ft,F2,201357002,2,262144,131072,72,144,12582,25684,12583,0.09600067138671875,0.09800338745117188,1,7.62939453125e-06,2.6702880859375e-05,-100.1897964477539,-1.3574957847595215e-05
filter_only_ft,F2,201357002,3,393216,131072,84,228,12770,38454,12770,0.0974273681640625,0.09781138102213542,0,0.0,1.7801920572916668e-05,-101.06080627441406,-9.775161743164062e-06
filter_only_ft,F2,201357002,4,524288,131072,77,305,12612,51066,12613,0.09622955322265625,0.09741592407226562,1,7.62939453125e-06,1.52587890625e-05,-123.52371978759766,-1.436471939086914e-05
filter_only_ft,F3,201357000,1,131072,131072,75,75,12473,12473,12473,0.09516143798828125,0.09516143798828125,0,0.0,0.0,-88.44983673095703,-7.62939453125e-06
filter_only_ft,F3,201357000,2,262144,131072,79,154,12488,24961,12489,0.09528350830078125,0.09522247314453125,1,7.62939453125e-06,3.814697265625e-06,-91.955322265625,-1.1429190635681152e-05
filter_only_ft,F3,201357000,3,393216,131072,78,232,12561,37522,12565,0.09586334228515625,0.09543609619140625,4,3.0517578125e-05,1.2715657552083334e-05,-142.13119506835938,-1.8075108528137207e-05
filter_only_ft,F3,201357000,4,524288,131072,82,314,12650,50172,12652,0.096527099609375,0.09570884704589844,2,1.52587890625e-05,1.33514404296875e-05,-99.60353088378906,-1.074373722076416e-05
filter_only_ft,F3,201357001,1,131072,131072,71,71,12320,12320,12322,0.0940093994140625,0.0940093994140625,2,1.52587890625e-05,1.52587890625e-05,-78.4375991821289,-1.1675059795379639e-05
filter_only_ft,F3,201357001,2,262144,131072,69,140,12467,24787,12468,0.095123291015625,0.09456634521484375,1,7.62939453125e-06,1.1444091796875e-05,-106.8105697631836,-1.049041748046875e-05
filter_only_ft,F3,201357001,3,393216,131072,83,223,12537,37324,12541,0.09568023681640625,0.09493764241536458,4,3.0517578125e-05,1.7801920572916668e-05,-109.73441314697266,-1.7076730728149414e-05
filter_only_ft,F3,201357001,4,524288,131072,82,305,12875,50199,12878,0.0982513427734375,0.09576606750488281,3,2.288818359375e-05,1.9073486328125e-05,-118.33903503417969,-1.1205673217773438e-05
filter_only_ft,F3,201357002,1,131072,131072,73,73,12325,12325,12326,0.0940399169921875,0.0940399169921875,1,7.62939453125e-06,7.62939453125e-06,-140.71768188476562,-1.049041748046875e-05
filter_only_ft,F3,201357002,2,262144,131072,79,152,12306,24631,12311,0.09392547607421875,0.09398269653320312,5,3.814697265625e-05,2.288818359375e-05,-92.23324584960938,-1.52587890625e-05
filter_only_ft,F3,201357002,3,393216,131072,71,223,12491,37122,12492,0.095306396484375,0.09442392985026042,1,7.62939453125e-06,1.7801920572916668e-05,-106.80874633789062,-1.2040138244628906e-05
filter_only_ft,F3,201357002,4,524288,131072,57,280,12029,49151,12030,0.0917816162109375,0.09376335144042969,1,7.62939453125e-06,1.52587890625e-05,-84.73805236816406,-1.0609626770019531e-05
dual_safe_ft,F1,201357000,1,131072,131072,73,73,12082,12082,12083,0.09218597412109375,0.09218597412109375,1,7.62939453125e-06,7.62939453125e-06,-99.5069580078125,-1.239776611328125e-05
dual_safe_ft,F1,201357000,2,262144,131072,59,132,11966,24048,11967,0.09130096435546875,0.09174346923828125,1,7.62939453125e-06,7.62939453125e-06,-103.72944641113281,-1.3276934623718262e-05
dual_safe_ft,F1,201357000,3,393216,131072,72,204,12453,36501,12454,0.0950164794921875,0.09283447265625,1,7.62939453125e-06,7.62939453125e-06,-90.4912338256836,-1.029670238494873e-05
dual_safe_ft,F1,201357000,4,524288,131072,62,266,12080,48581,12080,0.0921630859375,0.0926666259765625,0,0.0,5.7220458984375e-06,-88.81749725341797,-8.225440979003906e-06
dual_safe_ft,F1,201357001,1,131072,131072,63,63,11882,11882,11882,0.0906524658203125,0.0906524658203125,0,0.0,0.0,-113.24590301513672,-6.9141387939453125e-06
dual_safe_ft,F1,201357001,2,262144,131072,72,135,12228,24110,12228,0.093292236328125,0.09197235107421875,0,0.0,0.0,-93.00481414794922,-8.77678394317627e-06
dual_safe_ft,F1,201357001,3,393216,131072,60,195,11901,36011,11902,0.0908050537109375,0.091583251953125,1,7.62939453125e-06,2.5431315104166665e-06,-86.49563598632812,-1.0609626770019531e-05
dual_safe_ft,F1,201357001,4,524288,131072,51,246,12013,48024,12013,0.09165191650390625,0.09160041809082031,0,0.0,1.9073486328125e-06,-87.1987075805664,-7.331371307373047e-06
dual_safe_ft,F1,201357002,1,131072,131072,58,58,11994,11994,11994,0.0915069580078125,0.0915069580078125,0,0.0,0.0,-103.84701538085938,-7.987022399902344e-06
dual_safe_ft,F1,201357002,2,262144,131072,74,132,12012,24006,12015,0.09166717529296875,0.09158706665039062,3,2.288818359375e-05,1.1444091796875e-05,-142.83351135253906,-1.5020370483398438e-05
dual_safe_ft,F1,201357002,3,393216,131072,61,193,11786,35792,11786,0.0899200439453125,0.09103139241536458,0,0.0,7.62939453125e-06,-78.19816589355469,-8.52346420288086e-06
dual_safe_ft,F1,201357002,4,524288,131072,68,261,12014,47806,12015,0.09166717529296875,0.09119033813476562,1,7.62939453125e-06,7.62939453125e-06,-100.54563903808594,-1.1175870895385742e-05
dual_safe_ft,F2,201357000,1,131072,131072,84,84,12766,12766,12766,0.0973968505859375,0.0973968505859375,0,0.0,0.0,-99.71571350097656,-9.611248970031738e-06
dual_safe_ft,F2,201357000,2,262144,131072,79,163,13068,25834,13071,0.09972381591796875,0.09856033325195312,3,2.288818359375e-05,1.1444091796875e-05,-88.07086944580078,-1.2874603271484375e-05
dual_safe_ft,F2,201357000,3,393216,131072,70,233,12825,38659,12825,0.09784698486328125,0.09832255045572917,0,0.0,7.62939453125e-06,-101.86595153808594,-9.357929229736328e-06
dual_safe_ft,F2,201357000,4,524288,131072,92,325,13296,51955,13306,0.1015167236328125,0.09912109375,10,7.62939453125e-05,2.47955322265625e-05,-124.81607055664062,-1.811981201171875e-05
dual_safe_ft,F2,201357001,1,131072,131072,77,77,12744,12744,12744,0.09722900390625,0.09722900390625,0,0.0,0.0,-99.51969146728516,-9.179115295410156e-06
dual_safe_ft,F2,201357001,2,262144,131072,86,163,13093,25837,13095,0.09990692138671875,0.09856796264648438,2,1.52587890625e-05,7.62939453125e-06,-92.88801574707031,-1.919269561767578e-05
dual_safe_ft,F2,201357001,3,393216,131072,74,237,12783,38620,12787,0.09755706787109375,0.09823099772135417,4,3.0517578125e-05,1.52587890625e-05,-132.42080688476562,-2.311915159225464e-05
dual_safe_ft,F2,201357001,4,524288,131072,73,310,12788,51408,12789,0.09757232666015625,0.09806632995605469,1,7.62939453125e-06,1.33514404296875e-05,-144.43246459960938,-1.0699033737182617e-05
dual_safe_ft,F2,201357002,1,131072,131072,75,75,12855,12855,12858,0.0980987548828125,0.0980987548828125,3,2.288818359375e-05,2.288818359375e-05,-119.65751647949219,-1.6570091247558594e-05
dual_safe_ft,F2,201357002,2,262144,131072,89,164,13162,26017,13163,0.10042572021484375,0.09926223754882812,1,7.62939453125e-06,1.52587890625e-05,-105.07186889648438,-1.043081283569336e-05
dual_safe_ft,F2,201357002,3,393216,131072,85,249,13006,39023,13008,0.0992431640625,0.09925587972005208,2,1.52587890625e-05,1.52587890625e-05,-107.47257232666016,-1.4543533325195312e-05
dual_safe_ft,F2,201357002,4,524288,131072,73,322,12906,51929,12906,0.0984649658203125,0.09905815124511719,0,0.0,1.1444091796875e-05,-97.35528564453125,-8.463859558105469e-06
dual_safe_ft,F3,201357000,1,131072,131072,75,75,12417,12417,12417,0.09473419189453125,0.09473419189453125,0,0.0,0.0,-89.44098663330078,-7.62939453125e-06
dual_safe_ft,F3,201357000,2,262144,131072,75,150,12282,24699,12283,0.09371185302734375,0.0942230224609375,1,7.62939453125e-06,3.814697265625e-06,-90.20950317382812,-1.0013580322265625e-05
dual_safe_ft,F3,201357000,3,393216,131072,76,226,12257,36956,12258,0.0935211181640625,0.09398905436197917,1,7.62939453125e-06,5.086263020833333e-06,-110.84314727783203,-1.1086463928222656e-05
dual_safe_ft,F3,201357000,4,524288,131072,61,287,12239,49195,12241,0.09339141845703125,0.09383964538574219,2,1.52587890625e-05,7.62939453125e-06,-104.5842514038086,-1.0222196578979492e-05
dual_safe_ft,F3,201357001,1,131072,131072,73,73,12217,12217,12217,0.09320831298828125,0.09320831298828125,0,0.0,0.0,-74.95086669921875,-8.52346420288086e-06
dual_safe_ft,F3,201357001,2,262144,131072,67,140,12436,24653,12438,0.0948944091796875,0.09405136108398438,2,1.52587890625e-05,7.62939453125e-06,-85.73583221435547,-1.0728836059570312e-05
dual_safe_ft,F3,201357001,3,393216,131072,62,202,12400,37053,12401,0.09461212158203125,0.09423828125,1,7.62939453125e-06,7.62939453125e-06,-76.26882934570312,-1.3947486877441406e-05
dual_safe_ft,F3,201357001,4,524288,131072,70,272,12135,49188,12136,0.09259033203125,0.0938262939453125,1,7.62939453125e-06,7.62939453125e-06,-82.30961608886719,-1.1309981346130371e-05
dual_safe_ft,F3,201357002,1,131072,131072,72,72,12087,12087,12087,0.09221649169921875,0.09221649169921875,0,0.0,0.0,-102.46546173095703,-9.5367431640625e-06
dual_safe_ft,F3,201357002,2,262144,131072,78,150,12450,24537,12450,0.0949859619140625,0.09360122680664062,0,0.0,0.0,-102.839599609375,-9.59634780883789e-06
dual_safe_ft,F3,201357002,3,393216,131072,74,224,12633,37170,12634,0.0963897705078125,0.09453074137369792,1,7.62939453125e-06,2.5431315104166665e-06,-119.3394546508789,-1.1444091796875e-05
dual_safe_ft,F3,201357002,4,524288,131072,80,304,12329,49499,12330,0.0940704345703125,0.09441566467285156,1,7.62939453125e-06,3.814697265625e-06,-89.5267562866211,-1.0728836059570312e-05
