phase,context,method,arm,action_mean_shift,actor_gradient_clipped_fraction,actor_gradient_norm,actor_loss,behavior_approx_kl,cbf_intervention_count,cbf_intervention_per_riser,clip_fraction,epoch_moving_forward_kl_json,mean_cbf_correction_norm,mean_policy_to_target_distance_after_update,mean_policy_to_target_distance_before_update,mean_residual_target_norm,minibatch_diagnostics_json,moving_forward_kl,rollout_fall_rate,rollout_mean_reached_riser,rollout_mean_return,rollout_success_rate,round,round_end_actor_sha256,round_start_actor_sha256,run_status,teacher_error_after_action_00,teacher_error_after_action_01,teacher_error_after_action_02,teacher_error_after_action_03,teacher_error_after_action_04,teacher_error_after_action_05,teacher_error_after_action_06,teacher_error_after_action_07,teacher_error_after_action_08,teacher_error_after_action_09,teacher_error_after_action_10,teacher_error_after_action_11,teacher_error_before_action_00,teacher_error_before_action_01,teacher_error_before_action_02,teacher_error_before_action_03,teacher_error_before_action_04,teacher_error_before_action_05,teacher_error_before_action_06,teacher_error_before_action_07,teacher_error_before_action_08,teacher_error_before_action_09,teacher_error_before_action_10,teacher_error_before_action_11,teacher_eta,teacher_fraction_among_interventions,teacher_gate_mode,teacher_huber_loss_mean,teacher_loss,teacher_mode,teacher_smooth_l1_beta,teacher_transition_count,teacher_weight_sum,toe_riser_kick_event_count,value_loss
formal,F1,control,A0,0.004678752680774778,1.0,56.6866340637207,0.010741994905401953,0.002668797504156828,8349,6.615689277648926,0.4119720458984375,"[0.003830744419246912,0.002153491834178567]",0.628032386302948,0.0,0.0,0.0,"[{""action_mean_shift"":0.007433087099343538,""actor_gradient_norm_pre_clip"":12.983342170715332,""behavior_approximate_kl"":0.014231352135539055,""clip_fraction"":0.6865234375,""epoch"":1,""minibatch"":1,""moving_forward_kl"":0.013087956234812737},{""action_mean_shift"":0.006182661280035973,""actor_gradient_norm_pre_clip"":56.6866340637207,""behavior_approximate_kl"":0.008903732523322105,""clip_fraction"":0.64422607421875,""epoch"":1,""minibatch"":2,""moving_forward_kl"":0.008598659187555313},{""action_mean_shift"":0.005083373747766018,""actor_gradient_norm_pre_clip"":45.599693298339844,""behavior_approximate_kl"":0.00602141534909606,""clip_fraction"":0.5931396484375,""epoch"":1,""minibatch"":3,""moving_forward_kl"":0.0055999476462602615},{""action_mean_shift"":0.004230776336044073,""actor_gradient_norm_pre_clip"":35.14546585083008,""behavior_approximate_kl"":0.003880552016198635,""clip_fraction"":0.531982421875,""epoch"":1,""minibatch"":4,""moving_forward_kl"":0.003828285960480571},{""action_mean_shift"":0.004170779138803482,""actor_gradient_norm_pre_clip"":32.0801887512207,""behavior_approximate_kl"":0.004651290830224752,""clip_fraction"":0.52520751953125,""epoch"":2,""minibatch"":1,""moving_forward_kl"":0.0037510800175368786},{""action_mean_shift"":0.0037716245278716087,""actor_gradient_norm_pre_clip"":33.685203552246094,""behavior_approximate_kl"":0.0038509636651724577,""clip_fraction"":0.48046875,""epoch"":2,""minibatch"":2,""moving_forward_kl"":0.00306723453104496},{""action_mean_shift"":0.0033741137012839317,""actor_gradient_norm_pre_clip"":32.392059326171875,""behavior_approximate_kl"":0.0037531298585236073,""clip_fraction"":0.433837890625,""epoch"":2,""minibatch"":3,""moving_forward_kl"":0.0024362788535654545},{""action_mean_shift"":0.0031836056150496006,""actor_gradient_norm_pre_clip"":30.149133682250977,""behavior_approximate_kl"":0.002379880752414465,""clip_fraction"":0.415771484375,""epoch"":2,""minibatch"":4,""moving_forward_kl"":0.002165050944313407}]",0.002153491834178567,0.38636363636363635,7.863636363636363,-7.05523350202676,0.6136363636363636,1,e6539313b5c3acfe848d7cf0bdda957569e9eb8c79934aa1d164015e7140a75a,7afed309902a323a43b47005c01529c84160944bb8cea2c45d000b38b18cc099,complete,0.0,0.0,0.0,0.0,0.0,0.0,0.0,0.0,0.0,0.0,0.0,0.0,0.0,0.0,0.0,0.0,0.0,0.0,0.0,0.0,0.0,0.0,0.0,0.0,0.0,0.0,none,0.0,0.0,none,0.05,0.0,0.0,933.0,0.6871972382068634
formal,F1,control,A0,0.0022264181170612574,1.0,29.527755737304688,0.0013122794043738395,0.001207940629683435,7824,6.219395637512207,0.2041168212890625,"[0.0009271714370697737,0.0008761249482631683]",0.6049582362174988,0.0,0.0,0.0,"[{""action_mean_shift"":0.0023024994879961014,""actor_gradient_norm_pre_clip"":12.05400276184082,""behavior_approximate_kl"":0.0019655488431453705,""clip_fraction"":0.26776123046875,""epoch"":1,""minibatch"":1,""moving_forward_kl"":0.0011496893130242825},{""action_mean_shift"":0.0025981669314205647,""actor_gradient_norm_pre_clip"":29.527755737304688,""behavior_approximate_kl"":0.0018792403861880302,""clip_fraction"":0.31658935546875,""epoch"":1,""minibatch"":2,""moving_forward_kl"":0.0014345007948577404},{""action_mean_shift"":0.0022126338444650173,""actor_gradient_norm_pre_clip"":28.944896697998047,""behavior_approximate_kl"":0.0012508812360465527,""clip_fraction"":0.2454833984375,""epoch"":1,""minibatch"":3,""moving_forward_kl"":0.0010533761233091354},{""action_mean_shift"":0.0020521297119557858,""actor_gradient_norm_pre_clip"":22.63568115234375,""behavior_approximate_kl"":0.0009978320449590683,""clip_fraction"":0.21697998046875,""epoch"":1,""minibatch"":4,""moving_forward_kl"":0.0009218643535859883},{""action_mean_shift"":0.002148507395759225,""actor_gradient_norm_pre_clip"":18.048112869262695,""behavior_approximate_kl"":0.0007761716260574758,""clip_fraction"":0.2330322265625,""epoch"":2,""minibatch"":1,""moving_forward_kl"":0.0009921143064275384},{""action_mean_shift"":0.00229146471247077,""actor_gradient_norm_pre_clip"":22.873828887939453,""behavior_approximate_kl"":0.0012836726382374763,""clip_fraction"":0.2646484375,""epoch"":2,""minibatch"":2,""moving_forward_kl"":0.0011260455939918756},{""action_mean_shift"":0.0022100438363850117,""actor_gradient_norm_pre_clip"":26.329683303833008,""behavior_approximate_kl"":0.0006720433593727648,""clip_fraction"":0.24951171875,""epoch"":2,""minibatch"":3,""moving_forward_kl"":0.0010509663261473179},{""action_mean_shift"":0.0019958990160375834,""actor_gradient_norm_pre_clip"":24.440298080444336,""behavior_approximate_kl"":0.0013082744553685188,""clip_fraction"":0.202880859375,""epoch"":2,""minibatch"":4,""moving_forward_kl"":0.0008806342957541347}]",0.0008761249482631683,0.23484848484848486,8.348484848484848,-5.029131063909242,0.7651515151515151,2,20dcf5e0811b266257089a9513eb36dc1cb68cc4758a8c4428f06a0b2f42a54e,e6539313b5c3acfe848d7cf0bdda957569e9eb8c79934aa1d164015e7140a75a,complete,0.0,0.0,0.0,0.0,0.0,0.0,0.0,0.0,0.0,0.0,0.0,0.0,0.0,0.0,0.0,0.0,0.0,0.0,0.0,0.0,0.0,0.0,0.0,0.0,0.0,0.0,none,0.0,0.0,none,0.05,0.0,0.0,893.0,0.5478469580411911
formal,F1,control,A0,0.0018323928525205702,1.0,25.225746154785156,0.000274486345006153,0.001051347586326301,8223,6.50039529800415,0.15191650390625,"[0.0008355907048098743,0.000677620992064476]",0.6339655518531799,0.0,0.0,0.0,"[{""action_mean_shift"":0.0014670203672721982,""actor_gradient_norm_pre_clip"":9.732026100158691,""behavior_approximate_kl"":0.0008073875214904547,""clip_fraction"":0.1031494140625,""epoch"":1,""minibatch"":1,""moving_forward_kl"":0.0004748441861011088},{""action_mean_shift"":0.002032872289419174,""actor_gradient_norm_pre_clip"":14.73008918762207,""behavior_approximate_kl"":0.0010755476541817188,""clip_fraction"":0.2210693359375,""epoch"":1,""minibatch"":2,""moving_forward_kl"":0.0008888659067451954},{""action_mean_shift"":0.002118853386491537,""actor_gradient_norm_pre_clip"":25.225746154785156,""behavior_approximate_kl"":0.0011948182946071029,""clip_fraction"":0.2286376953125,""epoch"":1,""minibatch"":3,""moving_forward_kl"":0.0009813852375373244},{""action_mean_shift"":0.0019473592983558774,""actor_gradient_norm_pre_clip"":18.938518524169922,""behavior_approximate_kl"":0.001105430070310831,""clip_fraction"":0.19219970703125,""epoch"":1,""minibatch"":4,""moving_forward_kl"":0.0008362109656445682},{""action_mean_shift"":0.0016960807843133807,""actor_gradient_norm_pre_clip"":18.321210861206055,""behavior_approximate_kl"":0.001358318142592907,""clip_fraction"":0.1458740234375,""epoch"":2,""minibatch"":1,""moving_forward_kl"":0.0006233226740732789},{""action_mean_shift"":0.0018784202402457595,""actor_gradient_norm_pre_clip"":15.31511402130127,""behavior_approximate_kl"":0.0008331445278599858,""clip_fraction"":0.18212890625,""epoch"":2,""minibatch"":2,""moving_forward_kl"":0.0007696052780374885},{""action_mean_shift"":0.0017775699961930513,""actor_gradient_norm_pre_clip"":17.008455276489258,""behavior_approximate_kl"":0.0013096330221742392,""clip_fraction"":0.15576171875,""epoch"":2,""minibatch"":3,""moving_forward_kl"":0.0007049217820167542},{""action_mean_shift"":0.0017409664578735828,""actor_gradient_norm_pre_clip"":18.24489402770996,""behavior_approximate_kl"":0.0008790664724074304,""clip_fraction"":0.15374755859375,""epoch"":2,""minibatch"":4,""moving_forward_kl"":0.0006738691008649766}]",0.000677620992064476,0.34108527131782945,7.837209302325581,-6.401444435119629,0.6589147286821705,3,2239c3142af39eb301aa003398a27aedb1a0f917264c4d4c6ef1b2d027a919fb,20dcf5e0811b266257089a9513eb36dc1cb68cc4758a8c4428f06a0b2f42a54e,complete,0.0,0.0,0.0,0.0,0.0,0.0,0.0,0.0,0.0,0.0,0.0,0.0,0.0,0.0,0.0,0.0,0.0,0.0,0.0,0.0,0.0,0.0,0.0,0.0,0.0,0.0,none,0.0,0.0,none,0.05,0.0,0.0,859.0,0.868833564221859
formal,F1,control,A0,0.0016763526800787076,1.0,23.464902877807617,0.0004947239540342707,0.000812182086519897,7698,6.104678630828857,0.1280670166015625,"[0.0005264984793029726,0.0005745464004576206]",0.5811391472816467,0.0,0.0,0.0,"[{""action_mean_shift"":0.0015623202780261636,""actor_gradient_norm_pre_clip"":11.564531326293945,""behavior_approximate_kl"":0.0004841964691877365,""clip_fraction"":0.12030029296875,""epoch"":1,""minibatch"":1,""moving_forward_kl"":0.0005205041379667819},{""action_mean_shift"":0.0018881894648075104,""actor_gradient_norm_pre_clip"":18.771381378173828,""behavior_approximate_kl"":0.0007537431083619595,""clip_fraction"":0.1895751953125,""epoch"":1,""minibatch"":2,""moving_forward_kl"":0.0007472929428331554},{""action_mean_shift"":0.001731892116367817,""actor_gradient_norm_pre_clip"":23.464902877807617,""behavior_approximate_kl"":0.00016940882778726518,""clip_fraction"":0.15533447265625,""epoch"":1,""minibatch"":3,""moving_forward_kl"":0.0006477296119555831},{""action_mean_shift"":0.001522370264865458,""actor_gradient_norm_pre_clip"":20.199098587036133,""behavior_approximate_kl"":0.0002901298284996301,""clip_fraction"":0.11444091796875,""epoch"":1,""minibatch"":4,""moving_forward_kl"":0.0005252010887488723},{""action_mean_shift"":0.0016458275495097041,""actor_gradient_norm_pre_clip"":16.362092971801758,""behavior_approximate_kl"":0.0010265670716762543,""clip_fraction"":0.1312255859375,""epoch"":2,""minibatch"":1,""moving_forward_kl"":0.0005999619606882334},{""action_mean_shift"":0.0017214708495885134,""actor_gradient_norm_pre_clip"":19.685943603515625,""behavior_approximate_kl"":0.0004976432537660003,""clip_fraction"":0.1495361328125,""epoch"":2,""minibatch"":2,""moving_forward_kl"":0.0006233191816136241},{""action_mean_shift"":0.0017162547446787357,""actor_gradient_norm_pre_clip"":20.32650375366211,""behavior_approximate_kl"":0.0008286364609375596,""clip_fraction"":0.14593505859375,""epoch"":2,""minibatch"":3,""moving_forward_kl"":0.0006201781798154116},{""action_mean_shift"":0.001622496172785759,""actor_gradient_norm_pre_clip"":21.44933319091797,""behavior_approximate_kl"":0.0005236209835857153,""clip_fraction"":0.12896728515625,""epoch"":2,""minibatch"":4,""moving_forward_kl"":0.0005755710881203413}]",0.0005745464004576206,0.25984251968503935,8.291338582677165,-4.60929348712831,0.7401574803149606,4,d1a717eabd074ebbda89441030a16206b5d71431dba8e692ce5df0c28e3aabc0,2239c3142af39eb301aa003398a27aedb1a0f917264c4d4c6ef1b2d027a919fb,complete,0.0,0.0,0.0,0.0,0.0,0.0,0.0,0.0,0.0,0.0,0.0,0.0,0.0,0.0,0.0,0.0,0.0,0.0,0.0,0.0,0.0,0.0,0.0,0.0,0.0,0.0,none,0.0,0.0,none,0.05,0.0,0.0,849.0,0.38963470980525017
formal,F1,control,A0,0.001660814115894027,1.0,21.413177490234375,0.00021164045028854162,0.0007009239052422345,8016,6.4593071937561035,0.1455841064453125,"[0.0004340819432400167,0.0006147413514554501]",0.611713707447052,0.0,0.0,0.0,"[{""action_mean_shift"":0.001391344703733921,""actor_gradient_norm_pre_clip"":9.718276023864746,""behavior_approximate_kl"":0.0004584704583976418,""clip_fraction"":0.09881591796875,""epoch"":1,""minibatch"":1,""moving_forward_kl"":0.0004388977831695229},{""action_mean_shift"":0.0017722154734656215,""actor_gradient_norm_pre_clip"":16.350006103515625,""behavior_approximate_kl"":0.0010440333280712366,""clip_fraction"":0.1627197265625,""epoch"":1,""minibatch"":2,""moving_forward_kl"":0.0006755998474545777},{""action_mean_shift"":0.001713331090286374,""actor_gradient_norm_pre_clip"":21.41078758239746,""behavior_approximate_kl"":0.0010233885841444135,""clip_fraction"":0.14453125,""epoch"":1,""minibatch"":3,""moving_forward_kl"":0.0006167349056340754},{""action_mean_shift"":0.0014002847019582987,""actor_gradient_norm_pre_clip"":18.326690673828125,""behavior_approximate_kl"":0.0002681623736862093,""clip_fraction"":0.0853271484375,""epoch"":1,""minibatch"":4,""moving_forward_kl"":0.0004317153070587665},{""action_mean_shift"":0.00161592080257833,""actor_gradient_norm_pre_clip"":13.126670837402344,""behavior_approximate_kl"":0.0007819692837074399,""clip_fraction"":0.12335205078125,""epoch"":2,""minibatch"":1,""moving_forward_kl"":0.0005502823041751981},{""action_mean_shift"":0.0018721758387982845,""actor_gradient_norm_pre_clip"":17.381193161010742,""behavior_approximate_kl"":0.0003711682802531868,""clip_fraction"":0.18292236328125,""epoch"":2,""minibatch"":2,""moving_forward_kl"":0.0007397885201498866},{""action_mean_shift"":0.0018082504393532872,""actor_gradient_norm_pre_clip"":21.413177490234375,""behavior_approximate_kl"":0.0008679031161591411,""clip_fraction"":0.1668701171875,""epoch"":2,""minibatch"":3,""moving_forward_kl"":0.0006975040887482464},{""action_mean_shift"":0.0017129898769780993,""actor_gradient_norm_pre_clip"":18.764453887939453,""behavior_approximate_kl"":0.0006965365028008819,""clip_fraction"":0.1405029296875,""epoch"":2,""minibatch"":4,""moving_forward_kl"":0.000614908873103559}]",0.0006147413514554501,0.23622047244094488,8.291338582677165,-5.572576691785197,0.7637795275590551,5,12c6168dea3c1f91449b00afe0d8cb3817a3318eb7ca88040ac45cc565237b0c,d1a717eabd074ebbda89441030a16206b5d71431dba8e692ce5df0c28e3aabc0,complete,0.0,0.0,0.0,0.0,0.0,0.0,0.0,0.0,0.0,0.0,0.0,0.0,0.0,0.0,0.0,0.0,0.0,0.0,0.0,0.0,0.0,0.0,0.0,0.0,0.0,0.0,none,0.0,0.0,none,0.05,0.0,0.0,934.0,0.4871978685259819
formal,F1,control,A0,0.0017583956650923938,1.0,23.398178100585938,0.00040862565219867975,0.000891426985617727,8175,6.635551929473877,0.12664794921875,"[0.0007538318750448525,0.0005627002683468163]",0.6049643158912659,0.0,0.0,0.0,"[{""action_mean_shift"":0.001377972075715661,""actor_gradient_norm_pre_clip"":11.40385627746582,""behavior_approximate_kl"":0.0006651119911111891,""clip_fraction"":0.08416748046875,""epoch"":1,""minibatch"":1,""moving_forward_kl"":0.00041415292071178555},{""action_mean_shift"":0.0017429316649213433,""actor_gradient_norm_pre_clip"":14.702129364013672,""behavior_approximate_kl"":0.000598602113313973,""clip_fraction"":0.1561279296875,""epoch"":1,""minibatch"":2,""moving_forward_kl"":0.0006488661747425795},{""action_mean_shift"":0.0015917670680209994,""actor_gradient_norm_pre_clip"":23.398178100585938,""behavior_approximate_kl"":0.0004764666373375803,""clip_fraction"":0.11749267578125,""epoch"":1,""minibatch"":3,""moving_forward_kl"":0.000531333324033767},{""action_mean_shift"":0.0018847587052732706,""actor_gradient_norm_pre_clip"":17.858020782470703,""behavior_approximate_kl"":0.0008112307987175882,""clip_fraction"":0.18359375,""epoch"":1,""minibatch"":4,""moving_forward_kl"":0.000757538597099483},{""action_mean_shift"":0.0018244158709421754,""actor_gradient_norm_pre_clip"":20.066360473632812,""behavior_approximate_kl"":0.0009347787126898766,""clip_fraction"":0.18096923828125,""epoch"":2,""minibatch"":1,""moving_forward_kl"":0.0006977866287343204},{""action_mean_shift"":0.001965993084013462,""actor_gradient_norm_pre_clip"":19.24492835998535,""behavior_approximate_kl"":0.000628834473900497,""clip_fraction"":0.19732666015625,""epoch"":2,""minibatch"":2,""moving_forward_kl"":0.000803894130513072},{""action_mean_shift"":0.00207764795050025,""actor_gradient_norm_pre_clip"":22.240388870239258,""behavior_approximate_kl"":0.0009004196617752314,""clip_fraction"":0.22119140625,""epoch"":2,""minibatch"":3,""moving_forward_kl"":0.0009050405351445079},{""action_mean_shift"":0.0016016789013519883,""actor_gradient_norm_pre_clip"":22.901119232177734,""behavior_approximate_kl"":0.0008659229497425258,""clip_fraction"":0.1273193359375,""epoch"":2,""minibatch"":4,""moving_forward_kl"":0.0005634029512293637}]",0.0005627002683468163,0.3076923076923077,7.938461538461539,-5.991290396910447,0.6923076923076923,6,ea564dde37ef79bea51b5b8bd876a7635d5ec7e39195843f72826f40dee4af2b,12c6168dea3c1f91449b00afe0d8cb3817a3318eb7ca88040ac45cc565237b0c,complete,0.0,0.0,0.0,0.0,0.0,0.0,0.0,0.0,0.0,0.0,0.0,0.0,0.0,0.0,0.0,0.0,0.0,0.0,0.0,0.0,0.0,0.0,0.0,0.0,0.0,0.0,none,0.0,0.0,none,0.05,0.0,0.0,914.0,0.39799191802740097
formal,F1,control,A0,0.001801297112251632,1.0,24.260387420654297,0.0006295048151514493,0.0011660665040835738,7713,6.28094482421875,0.2123260498046875,"[0.0005369427963159978,0.0008735515875741839]",0.6152389049530029,0.0,0.0,0.0,"[{""action_mean_shift"":0.001461920328438282,""actor_gradient_norm_pre_clip"":11.383163452148438,""behavior_approximate_kl"":0.0006202631630003452,""clip_fraction"":0.10589599609375,""epoch"":1,""minibatch"":1,""moving_forward_kl"":0.000494107895065099},{""action_mean_shift"":0.0019060121849179268,""actor_gradient_norm_pre_clip"":20.405946731567383,""behavior_approximate_kl"":0.0005335225723683834,""clip_fraction"":0.1895751953125,""epoch"":1,""minibatch"":2,""moving_forward_kl"":0.0007770548108965158},{""action_mean_shift"":0.0016507101245224476,""actor_gradient_norm_pre_clip"":23.672969818115234,""behavior_approximate_kl"":0.0005367742851376534,""clip_fraction"":0.13519287109375,""epoch"":1,""minibatch"":3,""moving_forward_kl"":0.0005826431442983449},{""action_mean_shift"":0.0015663175145164132,""actor_gradient_norm_pre_clip"":21.98910140991211,""behavior_approximate_kl"":0.0008127622422762215,""clip_fraction"":0.11785888671875,""epoch"":1,""minibatch"":4,""moving_forward_kl"":0.0005384839605540037},{""action_mean_shift"":0.0017535516526550055,""actor_gradient_norm_pre_clip"":16.478782653808594,""behavior_approximate_kl"":0.001301787793636322,""clip_fraction"":0.1536865234375,""epoch"":2,""minibatch"":1,""moving_forward_kl"":0.000656205927953124},{""action_mean_shift"":0.0020400919020175934,""actor_gradient_norm_pre_clip"":19.047595977783203,""behavior_approximate_kl"":0.0010481661884114146,""clip_fraction"":0.21441650390625,""epoch"":2,""minibatch"":2,""moving_forward_kl"":0.0008655593264847994},{""action_mean_shift"":0.002014766912907362,""actor_gradient_norm_pre_clip"":24.260387420654297,""behavior_approximate_kl"":0.0013227437157183886,""clip_fraction"":0.2081298828125,""epoch"":2,""minibatch"":3,""moving_forward_kl"":0.0008613580139353871},{""action_mean_shift"":0.002017006278038025,""actor_gradient_norm_pre_clip"":22.683313369750977,""behavior_approximate_kl"":0.0010518389753997326,""clip_fraction"":0.21246337890625,""epoch"":2,""minibatch"":4,""moving_forward_kl"":0.0008736924501135945}]",0.0008735515875741839,0.25196850393700787,8.236220472440944,-4.8191126087519125,0.7480314960629921,7,5015f765a1d5feba3705489a1730f2cdcd3c70794331aff729d30f74657ac2fb,ea564dde37ef79bea51b5b8bd876a7635d5ec7e39195843f72826f40dee4af2b,complete,0.0,0.0,0.0,0.0,0.0,0.0,0.0,0.0,0.0,0.0,0.0,0.0,0.0,0.0,0.0,0.0,0.0,0.0,0.0,0.0,0.0,0.0,0.0,0.0,0.0,0.0,none,0.0,0.0,none,0.05,0.0,0.0,861.0,0.4419187642633915
formal,F1,control,A0,0.0016513524460606277,1.0,25.288528442382812,0.00033279719355050474,0.0005937720416113734,8059,6.3808393478393555,0.170166015625,"[0.0004971211892552674,0.0007146946154534817]",0.5918418765068054,0.0,0.0,0.0,"[{""action_mean_shift"":0.001528311287984252,""actor_gradient_norm_pre_clip"":9.951512336730957,""behavior_approximate_kl"":0.0005945822922512889,""clip_fraction"":0.11663818359375,""epoch"":1,""minibatch"":1,""moving_forward_kl"":0.0005361636867746711},{""action_mean_shift"":0.001800507539883256,""actor_gradient_norm_pre_clip"":19.54277801513672,""behavior_approximate_kl"":0.0005739321932196617,""clip_fraction"":0.1689453125,""epoch"":1,""minibatch"":2,""moving_forward_kl"":0.000691293622367084},{""action_mean_shift"":0.001586276339367032,""actor_gradient_norm_pre_clip"":25.288528442382812,""behavior_approximate_kl"":0.0002305752714164555,""clip_fraction"":0.12408447265625,""epoch"":1,""minibatch"":3,""moving_forward_kl"":0.000536732783075422},{""action_mean_shift"":0.0015262586530297995,""actor_gradient_norm_pre_clip"":19.688915252685547,""behavior_approximate_kl"":0.0003776247031055391,""clip_fraction"":0.11090087890625,""epoch"":1,""minibatch"":4,""moving_forward_kl"":0.0004969824803993106},{""action_mean_shift"":0.0016540961805731058,""actor_gradient_norm_pre_clip"":17.806385040283203,""behavior_approximate_kl"":0.0009073421242646873,""clip_fraction"":0.1339111328125,""epoch"":2,""minibatch"":1,""moving_forward_kl"":0.0005774604505859315},{""action_mean_shift"":0.001657102257013321,""actor_gradient_norm_pre_clip"":17.625463485717773,""behavior_approximate_kl"":0.0009608985856175423,""clip_fraction"":0.13421630859375,""epoch"":2,""minibatch"":2,""moving_forward_kl"":0.0005753478035330772},{""action_mean_shift"":0.00164021085947752,""actor_gradient_norm_pre_clip"":19.567602157592773,""behavior_approximate_kl"":0.0006281808018684387,""clip_fraction"":0.1328125,""epoch"":2,""minibatch"":3,""moving_forward_kl"":0.0005742687499150634},{""action_mean_shift"":0.0018180564511567354,""actor_gradient_norm_pre_clip"":21.159542083740234,""behavior_approximate_kl"":0.00027516187401488423,""clip_fraction"":0.16766357421875,""epoch"":2,""minibatch"":4,""moving_forward_kl"":0.000714797992259264}]",0.0007146946154534817,0.2440944881889764,8.228346456692913,-4.6227396754767955,0.7559055118110236,8,55587429e4bf90d9f928fed3cf567215c00c444c7e9f7e59d05a13109cd80a84,5015f765a1d5feba3705489a1730f2cdcd3c70794331aff729d30f74657ac2fb,complete,0.0,0.0,0.0,0.0,0.0,0.0,0.0,0.0,0.0,0.0,0.0,0.0,0.0,0.0,0.0,0.0,0.0,0.0,0.0,0.0,0.0,0.0,0.0,0.0,0.0,0.0,none,0.0,0.0,none,0.05,0.0,0.0,885.0,0.32045359537005424
formal,F1,teacher,A2,0.004442878940608352,1.0,47.391822814941406,0.023675218340940773,0.0034752539359033108,7987,6.472447395324707,0.419281005859375,"[0.003977354150265455,0.002300315536558628]",0.59469074010849,0.15178532898426056,0.1517418920993805,0.1517418920993805,"[{""action_mean_shift"":0.0065618762746453285,""actor_gradient_norm_pre_clip"":11.249593734741211,""behavior_approximate_kl"":0.009626265615224838,""clip_fraction"":0.672607421875,""epoch"":1,""minibatch"":1,""moving_forward_kl"":0.009501585736870766},{""action_mean_shift"":0.005865062586963177,""actor_gradient_norm_pre_clip"":47.391822814941406,""behavior_approximate_kl"":0.007492236793041229,""clip_fraction"":0.64093017578125,""epoch"":1,""minibatch"":2,""moving_forward_kl"":0.0074760401621460915},{""action_mean_shift"":0.004775074310600758,""actor_gradient_norm_pre_clip"":41.50251388549805,""behavior_approximate_kl"":0.0035197450779378414,""clip_fraction"":0.5721435546875,""epoch"":1,""minibatch"":3,""moving_forward_kl"":0.005078333429992199},{""action_mean_shift"":0.0042650955729186535,""actor_gradient_norm_pre_clip"":30.690135955810547,""behavior_approximate_kl"":0.004687606357038021,""clip_fraction"":0.52978515625,""epoch"":1,""minibatch"":4,""moving_forward_kl"":0.00395785178989172},{""action_mean_shift"":0.0035988646559417248,""actor_gradient_norm_pre_clip"":33.00089645385742,""behavior_approximate_kl"":0.0033893261570483446,""clip_fraction"":0.45269775390625,""epoch"":2,""minibatch"":1,""moving_forward_kl"":0.002855597296729684},{""action_mean_shift"":0.0037662344984710217,""actor_gradient_norm_pre_clip"":25.70947265625,""behavior_approximate_kl"":0.0037046659272164106,""clip_fraction"":0.47607421875,""epoch"":2,""minibatch"":2,""moving_forward_kl"":0.0030743293464183807},{""action_mean_shift"":0.003463443135842681,""actor_gradient_norm_pre_clip"":33.059043884277344,""behavior_approximate_kl"":0.0042070141062140465,""clip_fraction"":0.43463134765625,""epoch"":2,""minibatch"":3,""moving_forward_kl"":0.002673747017979622},{""action_mean_shift"":0.0032473804894834757,""actor_gradient_norm_pre_clip"":31.43623924255371,""behavior_approximate_kl"":0.002972748363390565,""clip_fraction"":0.4210205078125,""epoch"":2,""minibatch"":4,""moving_forward_kl"":0.0022857734002172947}]",0.002300315536558628,0.2440944881889764,8.32283464566929,-5.814135622790479,0.7559055118110236,1,cf8e76606918b77c6b7943ce41b7e2a3d13d620de123188d88beda031b704445,7afed309902a323a43b47005c01529c84160944bb8cea2c45d000b38b18cc099,complete,0.03437615931034088,0.01403262559324503,0.008953409269452095,0.07029764354228973,0.005374625790864229,0.0016568612772971392,0.03946783393621445,0.02168099768459797,0.008021038956940174,0.05093791335821152,0.0060216947458684444,0.0009993143612518907,0.034412432461977005,0.013820894062519073,0.008475596085190773,0.06976497173309326,0.004257397260516882,0.0010314744431525469,0.03915282338857651,0.021415678784251213,0.007810300216078758,0.05030541867017746,0.005032137036323547,0.0008393879397772253,0.25,1.0,all_interventions,0.01446608651895076,0.01446608651895076,residual,0.05,7987.0,7820.751953125,883.0,0.7015732526779175
formal,F1,teacher,A2,0.0023074716445989907,1.0,28.639026641845703,0.016705470625311136,0.0009416129905730486,8018,6.404153347015381,0.193023681640625,"[0.0012237416813150048,0.0008005006238818169]",0.6049243807792664,0.15416111052036285,0.15465544164180756,0.15465544164180756,"[{""action_mean_shift"":0.0024757045321166515,""actor_gradient_norm_pre_clip"":10.962334632873535,""behavior_approximate_kl"":0.0012591276317834854,""clip_fraction"":0.30267333984375,""epoch"":1,""minibatch"":1,""moving_forward_kl"":0.0013178519438952208},{""action_mean_shift"":0.002768587553873658,""actor_gradient_norm_pre_clip"":28.407920837402344,""behavior_approximate_kl"":0.0017216529231518507,""clip_fraction"":0.35028076171875,""epoch"":1,""minibatch"":2,""moving_forward_kl"":0.0016198672819882631},{""action_mean_shift"":0.0027279965579509735,""actor_gradient_norm_pre_clip"":28.639026641845703,""behavior_approximate_kl"":0.0017084777355194092,""clip_fraction"":0.3389892578125,""epoch"":1,""minibatch"":3,""moving_forward_kl"":0.001584258396178484},{""action_mean_shift"":0.0024045759346336126,""actor_gradient_norm_pre_clip"":27.228370666503906,""behavior_approximate_kl"":0.00142680574208498,""clip_fraction"":0.28631591796875,""epoch"":1,""minibatch"":4,""moving_forward_kl"":0.0012286031851544976},{""action_mean_shift"":0.0020036185160279274,""actor_gradient_norm_pre_clip"":21.09382438659668,""behavior_approximate_kl"":0.0018870794447138906,""clip_fraction"":0.21002197265625,""epoch"":2,""minibatch"":1,""moving_forward_kl"":0.0008612225065007806},{""action_mean_shift"":0.002137312199920416,""actor_gradient_norm_pre_clip"":17.09800148010254,""behavior_approximate_kl"":0.001475900411605835,""clip_fraction"":0.23150634765625,""epoch"":2,""minibatch"":2,""moving_forward_kl"":0.0009822056163102388},{""action_mean_shift"":0.002010366413742304,""actor_gradient_norm_pre_clip"":22.396114349365234,""behavior_approximate_kl"":0.0012785233557224274,""clip_fraction"":0.20733642578125,""epoch"":2,""minibatch"":3,""moving_forward_kl"":0.0008611957891844213},{""action_mean_shift"":0.0019316114485263824,""actor_gradient_norm_pre_clip"":17.635902404785156,""behavior_approximate_kl"":0.000769740086980164,""clip_fraction"":0.19061279296875,""epoch"":2,""minibatch"":4,""moving_forward_kl"":0.0008005810086615384}]",0.0008005006238818169,0.33088235294117646,7.794117647058823,-5.9024257361888885,0.6691176470588235,2,07ccab5aaad0da32eb53c3dffc609afc7340445107dbf5c26b9e8d7281c31dca,cf8e76606918b77c6b7943ce41b7e2a3d13d620de123188d88beda031b704445,complete,0.0372488908469677,0.014447745867073536,0.009825271554291248,0.07214239239692688,0.005144067574292421,0.0013212354388087988,0.03856024146080017,0.021675515919923782,0.007120098918676376,0.04967791959643364,0.005565612576901913,0.000865243433509022,0.036667145788669586,0.014258158393204212,0.00921576377004385,0.07245133817195892,0.004761716816574335,0.0011453034821897745,0.03852235525846481,0.0215504951775074,0.006947988178580999,0.04979637265205383,0.004874411504715681,0.0007544687250629067,0.25,1.0,all_interventions,0.014968514675274491,0.014968514675274491,residual,0.05,8018.0,7835.5966796875,862.0,0.5996850430965424
formal,F1,teacher,A2,0.0017502010596217588,1.0,24.136213302612305,0.01537237805314362,0.0009482977911829948,7868,6.350282669067383,0.1127471923828125,"[0.0006580838235095143,0.0005070873303338885]",0.6108571290969849,0.15561504662036896,0.15592961013317108,0.15592961013317108,"[{""action_mean_shift"":0.0016073222504928708,""actor_gradient_norm_pre_clip"":11.782782554626465,""behavior_approximate_kl"":0.00042981450678780675,""clip_fraction"":0.1298828125,""epoch"":1,""minibatch"":1,""moving_forward_kl"":0.0005607913481071591},{""action_mean_shift"":0.0020075058564543724,""actor_gradient_norm_pre_clip"":21.112930297851562,""behavior_approximate_kl"":0.0009774296777322888,""clip_fraction"":0.208984375,""epoch"":1,""minibatch"":2,""moving_forward_kl"":0.0008676520665176213},{""action_mean_shift"":0.0018897047266364098,""actor_gradient_norm_pre_clip"":24.136213302612305,""behavior_approximate_kl"":0.0007589720189571381,""clip_fraction"":0.1817626953125,""epoch"":1,""minibatch"":3,""moving_forward_kl"":0.0007464881055057049},{""action_mean_shift"":0.0017601789440959692,""actor_gradient_norm_pre_clip"":20.97887420654297,""behavior_approximate_kl"":0.000642768747638911,""clip_fraction"":0.1591796875,""epoch"":1,""minibatch"":4,""moving_forward_kl"":0.0006554181454703212},{""action_mean_shift"":0.0017338059842586517,""actor_gradient_norm_pre_clip"":18.19512176513672,""behavior_approximate_kl"":0.0009815694065764546,""clip_fraction"":0.1513671875,""epoch"":2,""minibatch"":1,""moving_forward_kl"":0.0006253899773582816},{""action_mean_shift"":0.0017042490653693676,""actor_gradient_norm_pre_clip"":21.7460880279541,""behavior_approximate_kl"":0.0008030238677747548,""clip_fraction"":0.143310546875,""epoch"":2,""minibatch"":2,""moving_forward_kl"":0.0006096945144236088},{""action_mean_shift"":0.0017477157525718212,""actor_gradient_norm_pre_clip"":15.025043487548828,""behavior_approximate_kl"":0.0011189179494976997,""clip_fraction"":0.1563720703125,""epoch"":2,""minibatch"":3,""moving_forward_kl"":0.0006404771702364087},{""action_mean_shift"":0.0015511258970946074,""actor_gradient_norm_pre_clip"":17.2996883392334,""behavior_approximate_kl"":0.0010907361283898354,""clip_fraction"":0.11431884765625,""epoch"":2,""minibatch"":4,""moving_forward_kl"":0.0005052951164543629}]",0.0005070873303338885,0.256,8.304,-5.226696144104004,0.744,3,9d23e49623c4ec33a81caa0739a568624653ce4c825280d23e74e36679b49e7c,07ccab5aaad0da32eb53c3dffc609afc7340445107dbf5c26b9e8d7281c31dca,complete,0.03854482248425484,0.014948472380638123,0.009176474995911121,0.07558836042881012,0.0054176500998437405,0.0013904134975746274,0.03671402484178543,0.02056300826370716,0.006240070331841707,0.04869069531559944,0.004792585503309965,0.0007658330141566694,0.038382358849048615,0.01499951258301735,0.009345902130007744,0.07557275146245956,0.005176248960196972,0.0011608786880970001,0.03651730716228485,0.020396322011947632,0.006180740427225828,0.04867647960782051,0.0046147252433001995,0.0006774577195756137,0.25,0.9999999403953552,all_interventions,0.01497158664278686,0.01497158664278686,residual,0.05,7868.0,7701.8173828125,871.0,0.450330413877964
formal,F1,teacher,A2,0.0017451651656301692,1.0,20.7619686126709,0.01578591379802674,0.0008403453975915909,7961,6.368800163269043,0.10882568359375,"[0.000810385390650481,0.000497962289955467]",0.6191114783287048,0.15830430388450623,0.15836255252361298,0.15836255252361298,"[{""action_mean_shift"":0.0014966982416808605,""actor_gradient_norm_pre_clip"":11.304980278015137,""behavior_approximate_kl"":0.000437169277574867,""clip_fraction"":0.10638427734375,""epoch"":1,""minibatch"":1,""moving_forward_kl"":0.00048529807827435434},{""action_mean_shift"":0.0018632017308846116,""actor_gradient_norm_pre_clip"":17.56534194946289,""behavior_approximate_kl"":0.0005835804040543735,""clip_fraction"":0.18072509765625,""epoch"":1,""minibatch"":2,""moving_forward_kl"":0.0007254257798194885},{""action_mean_shift"":0.0016102188965305686,""actor_gradient_norm_pre_clip"":19.868871688842773,""behavior_approximate_kl"":0.00081559584941715,""clip_fraction"":0.12652587890625,""epoch"":1,""minibatch"":3,""moving_forward_kl"":0.0005516835954040289},{""action_mean_shift"":0.001933690276928246,""actor_gradient_norm_pre_clip"":18.381099700927734,""behavior_approximate_kl"":0.0007680262788198888,""clip_fraction"":0.19342041015625,""epoch"":1,""minibatch"":4,""moving_forward_kl"":0.0008111837087199092},{""action_mean_shift"":0.001858238596469164,""actor_gradient_norm_pre_clip"":18.104188919067383,""behavior_approximate_kl"":0.000877097190823406,""clip_fraction"":0.17474365234375,""epoch"":2,""minibatch"":1,""moving_forward_kl"":0.0007345746853388846},{""action_mean_shift"":0.001806463347747922,""actor_gradient_norm_pre_clip"":16.152910232543945,""behavior_approximate_kl"":0.0012166490778326988,""clip_fraction"":0.1680908203125,""epoch"":2,""minibatch"":2,""moving_forward_kl"":0.0006923249457031488},{""action_mean_shift"":0.0018691755831241608,""actor_gradient_norm_pre_clip"":15.514791488647461,""behavior_approximate_kl"":0.0008337185718119144,""clip_fraction"":0.1832275390625,""epoch"":2,""minibatch"":3,""moving_forward_kl"":0.0007579035009257495},{""action_mean_shift"":0.0015236346516758204,""actor_gradient_norm_pre_clip"":20.7619686126709,""behavior_approximate_kl"":0.0008052309276536107,""clip_fraction"":0.109375,""epoch"":2,""minibatch"":4,""moving_forward_kl"":0.0004979692166671157}]",0.000497962289955467,0.34814814814814815,7.770370370370371,-6.213401169247097,0.6518518518518519,4,2c5f87faed0f3bbc6f909d6c046339eb46867e917e0fcc42e7a1f0d8ca68ac6b,9d23e49623c4ec33a81caa0739a568624653ce4c825280d23e74e36679b49e7c,complete,0.035927049815654755,0.014233889989554882,0.00944732129573822,0.07251590490341187,0.004734539892524481,0.0014428707072511315,0.04024801030755043,0.02414056472480297,0.008221562020480633,0.05258118733763695,0.005479712504893541,0.0010748853674158454,0.03583548218011856,0.014167886227369308,0.009520797058939934,0.07239975035190582,0.0047799814492464066,0.0011905374703928828,0.04017633944749832,0.024020278826355934,0.008045829832553864,0.0521867498755455,0.0051062447018921375,0.0009058393770828843,0.25,1.0,all_interventions,0.015473997686058283,0.015473997686058283,residual,0.05,7961.0,7775.806640625,946.0,0.5501172319054604
formal,F1,teacher,A2,0.0017188544006785378,1.0,23.75184440612793,0.014974953723140061,0.0011372988810762763,7838,6.387938022613525,0.14422607421875,"[0.0008453422342427075,0.0006337726954370737]",0.6001911759376526,0.15270711481571198,0.1531231850385666,0.1531231850385666,"[{""action_mean_shift"":0.0012782001867890358,""actor_gradient_norm_pre_clip"":10.619037628173828,""behavior_approximate_kl"":0.00030355204944498837,""clip_fraction"":0.0701904296875,""epoch"":1,""minibatch"":1,""moving_forward_kl"":0.000361034442903474},{""action_mean_shift"":0.00178397330455482,""actor_gradient_norm_pre_clip"":16.428390502929688,""behavior_approximate_kl"":0.0008164311293512583,""clip_fraction"":0.1671142578125,""epoch"":1,""minibatch"":2,""moving_forward_kl"":0.0006881655426695943},{""action_mean_shift"":0.0017399140633642673,""actor_gradient_norm_pre_clip"":22.794631958007812,""behavior_approximate_kl"":0.001096484251320362,""clip_fraction"":0.14569091796875,""epoch"":1,""minibatch"":3,""moving_forward_kl"":0.0006455978145822883},{""action_mean_shift"":0.0019327896879985929,""actor_gradient_norm_pre_clip"":17.579465866088867,""behavior_approximate_kl"":0.0007989972364157438,""clip_fraction"":0.1929931640625,""epoch"":1,""minibatch"":4,""moving_forward_kl"":0.0008468898013234138},{""action_mean_shift"":0.0018569922540336847,""actor_gradient_norm_pre_clip"":23.75184440612793,""behavior_approximate_kl"":0.000800289330072701,""clip_fraction"":0.1785888671875,""epoch"":2,""minibatch"":1,""moving_forward_kl"":0.0007822418701834977},{""action_mean_shift"":0.0016488751862198114,""actor_gradient_norm_pre_clip"":18.906713485717773,""behavior_approximate_kl"":0.0014003260293975472,""clip_fraction"":0.12933349609375,""epoch"":2,""minibatch"":2,""moving_forward_kl"":0.0005898384843021631},{""action_mean_shift"":0.0018037492409348488,""actor_gradient_norm_pre_clip"":18.263978958129883,""behavior_approximate_kl"":0.0007280734134837985,""clip_fraction"":0.16064453125,""epoch"":2,""minibatch"":3,""moving_forward_kl"":0.0007006754167377949},{""action_mean_shift"":0.0017063412815332413,""actor_gradient_norm_pre_clip"":20.159536361694336,""behavior_approximate_kl"":0.0012555725406855345,""clip_fraction"":0.1502685546875,""epoch"":2,""minibatch"":4,""moving_forward_kl"":0.0006298981606960297}]",0.0006337726954370737,0.2878787878787879,8.030303030303031,-5.804648863546776,0.7121212121212122,5,18ebad927087adf81b4e8112dd99bed432f792713b62f54019a92ef46fb583af,2c5f87faed0f3bbc6f909d6c046339eb46867e917e0fcc42e7a1f0d8ca68ac6b,complete,0.03546784073114395,0.014215756207704544,0.00935239065438509,0.07176905870437622,0.004634766839444637,0.0012091225944459438,0.03882039338350296,0.021194439381361008,0.006721068173646927,0.05044425651431084,0.005482034757733345,0.0008482703706249595,0.03526245430111885,0.01387642789632082,0.008874843828380108,0.07183903455734253,0.004555507097393274,0.0010831129038706422,0.03852689266204834,0.021161381155252457,0.006669338326901197,0.05061141029000282,0.004895400255918503,0.0007449407130479813,0.25,1.0,all_interventions,0.014657499501481652,0.014657499501481652,residual,0.05,7838.0,7676.0283203125,862.0,0.4423656649887562
formal,F1,teacher,A2,0.0015125435165828094,1.0,19.768455505371094,0.014453394338488579,0.0008213284891098738,7944,6.2848100662231445,0.140716552734375,"[0.0006034940597601235,0.0006119087338447571]",0.5962638258934021,0.15165354311466217,0.1519695520401001,0.1519695520401001,"[{""action_mean_shift"":0.0009538616286590695,""actor_gradient_norm_pre_clip"":10.684436798095703,""behavior_approximate_kl"":0.0001278185227420181,""clip_fraction"":0.03106689453125,""epoch"":1,""minibatch"":1,""moving_forward_kl"":0.00021384005958680063},{""action_mean_shift"":0.0012668310664594173,""actor_gradient_norm_pre_clip"":14.229389190673828,""behavior_approximate_kl"":0.0002641522150952369,""clip_fraction"":0.06622314453125,""epoch"":1,""minibatch"":2,""moving_forward_kl"":0.0003530127287376672},{""action_mean_shift"":0.0013887661043554544,""actor_gradient_norm_pre_clip"":17.767887115478516,""behavior_approximate_kl"":0.000439164403360337,""clip_fraction"":0.08148193359375,""epoch"":1,""minibatch"":3,""moving_forward_kl"":0.0004112477181479335},{""action_mean_shift"":0.0016792321112006903,""actor_gradient_norm_pre_clip"":16.774032592773438,""behavior_approximate_kl"":0.0005235838470980525,""clip_fraction"":0.14215087890625,""epoch"":1,""minibatch"":4,""moving_forward_kl"":0.0006029054056853056},{""action_mean_shift"":0.0017338534817099571,""actor_gradient_norm_pre_clip"":17.848766326904297,""behavior_approximate_kl"":0.0007589317974634469,""clip_fraction"":0.15570068359375,""epoch"":2,""minibatch"":1,""moving_forward_kl"":0.0006291110767051578},{""action_mean_shift"":0.0017166787292808294,""actor_gradient_norm_pre_clip"":19.62337875366211,""behavior_approximate_kl"":0.0010464899241924286,""clip_fraction"":0.14599609375,""epoch"":2,""minibatch"":2,""moving_forward_kl"":0.0006269770674407482},{""action_mean_shift"":0.0016794754192233086,""actor_gradient_norm_pre_clip"":19.768455505371094,""behavior_approximate_kl"":0.0008938043611124158,""clip_fraction"":0.13800048828125,""epoch"":2,""minibatch"":3,""moving_forward_kl"":0.000606945832259953},{""action_mean_shift"":0.0016816495917737484,""actor_gradient_norm_pre_clip"":16.494647979736328,""behavior_approximate_kl"":0.0011119439732283354,""clip_fraction"":0.1412353515625,""epoch"":2,""minibatch"":4,""moving_forward_kl"":0.0006132728885859251}]",0.0006119087338447571,0.3333333333333333,7.814814814814815,-5.215996765207361,0.6666666666666666,6,c923d2bc7c29393d7a7854f3d4d7314388a9cff75688fd68f919558ac1d763bb,18ebad927087adf81b4e8112dd99bed432f792713b62f54019a92ef46fb583af,complete,0.0359434075653553,0.013304988853633404,0.008967040106654167,0.07388520240783691,0.005194162018597126,0.0011242255568504333,0.0370856411755085,0.02012389898300171,0.006235708482563496,0.048743486404418945,0.005157192703336477,0.0010363698238506913,0.03589585795998573,0.012983961962163448,0.008381449617445469,0.07367810606956482,0.004842771217226982,0.0010234101209789515,0.03683444485068321,0.01992199197411537,0.006123076658695936,0.049062762409448624,0.004721576347947121,0.0006634501041844487,0.25,1.0,all_interventions,0.014390929136425257,0.014390929136425257,residual,0.05,7944.0,7787.70947265625,854.0,0.32495324313640594
formal,F1,teacher,A2,0.0016195143398363143,1.0,22.43063735961914,0.014570204424671829,0.0005092833889648318,7900,6.4595255851745605,0.126861572265625,"[0.0005763819208368659,0.0005788124399259686]",0.5907800197601318,0.15043994784355164,0.15099290013313293,0.15099290013313293,"[{""action_mean_shift"":0.0012949518859386444,""actor_gradient_norm_pre_clip"":10.499021530151367,""behavior_approximate_kl"":0.00032417793408967555,""clip_fraction"":0.0693359375,""epoch"":1,""minibatch"":1,""moving_forward_kl"":0.0003604744269978255},{""action_mean_shift"":0.0017211802769452333,""actor_gradient_norm_pre_clip"":17.103593826293945,""behavior_approximate_kl"":0.0002449513121973723,""clip_fraction"":0.1448974609375,""epoch"":1,""minibatch"":2,""moving_forward_kl"":0.0006347047165036201},{""action_mean_shift"":0.0017886408604681492,""actor_gradient_norm_pre_clip"":21.850852966308594,""behavior_approximate_kl"":0.00046368344919756055,""clip_fraction"":0.16290283203125,""epoch"":1,""minibatch"":3,""moving_forward_kl"":0.0006996351876296103},{""action_mean_shift"":0.001621532253921032,""actor_gradient_norm_pre_clip"":22.43063735961914,""behavior_approximate_kl"":0.0006507676444016397,""clip_fraction"":0.12823486328125,""epoch"":1,""minibatch"":4,""moving_forward_kl"":0.0005765955429524183},{""action_mean_shift"":0.0016227171290665865,""actor_gradient_norm_pre_clip"":14.539043426513672,""behavior_approximate_kl"":-0.00011010444723069668,""clip_fraction"":0.13006591796875,""epoch"":2,""minibatch"":1,""moving_forward_kl"":0.0005728185060434043},{""action_mean_shift"":0.0016820328310132027,""actor_gradient_norm_pre_clip"":16.647563934326172,""behavior_approximate_kl"":0.0008489859756082296,""clip_fraction"":0.1419677734375,""epoch"":2,""minibatch"":2,""moving_forward_kl"":0.0006073278491385281},{""action_mean_shift"":0.0015932051464915276,""actor_gradient_norm_pre_clip"":19.222492218017578,""behavior_approximate_kl"":0.00048012693878263235,""clip_fraction"":0.12188720703125,""epoch"":2,""minibatch"":3,""moving_forward_kl"":0.0005369115388020873},{""action_mean_shift"":0.001631854334846139,""actor_gradient_norm_pre_clip"":15.949346542358398,""behavior_approximate_kl"":0.0005025226855650544,""clip_fraction"":0.12774658203125,""epoch"":2,""minibatch"":4,""moving_forward_kl"":0.0005773785524070263}]",0.0005788124399259686,0.26153846153846155,8.161538461538461,-4.886339979905348,0.7384615384615385,7,909f25391f38398c700db65f06c5433f378646a3d12fbf296dc856790cd3e685,c923d2bc7c29393d7a7854f3d4d7314388a9cff75688fd68f919558ac1d763bb,complete,0.037519145756959915,0.014195648021996021,0.009171104058623314,0.07553849369287491,0.005000534933060408,0.0011530686169862747,0.03537003695964813,0.01773942820727825,0.006257114931941032,0.04582776129245758,0.0046080369502305984,0.0010217210510745645,0.03739453852176666,0.013915658928453922,0.008899926207959652,0.07564246654510498,0.00500117102637887,0.0010768012143671513,0.0352604053914547,0.01772911101579666,0.006197384558618069,0.04608050361275673,0.004370122216641903,0.000660317309666425,0.25,1.0,all_interventions,0.014247947372496128,0.014247947372496128,residual,0.05,7900.0,7723.091796875,892.0,0.34873852133750916
formal,F1,teacher,A2,0.0018736766651272774,1.0,28.174882888793945,0.015274446457624435,0.0008732944843359292,8004,6.434083461761475,0.1785736083984375,"[0.0005601513548754156,0.0007519457722082734]",0.5962547659873962,0.1514393538236618,0.15215004980564117,0.15215004980564117,"[{""action_mean_shift"":0.0016697885002940893,""actor_gradient_norm_pre_clip"":11.242847442626953,""behavior_approximate_kl"":0.0005853770999237895,""clip_fraction"":0.14794921875,""epoch"":1,""minibatch"":1,""moving_forward_kl"":0.000612511532381177},{""action_mean_shift"":0.002191273495554924,""actor_gradient_norm_pre_clip"":22.783140182495117,""behavior_approximate_kl"":0.0014264148194342852,""clip_fraction"":0.2437744140625,""epoch"":1,""minibatch"":2,""moving_forward_kl"":0.0010310045909136534},{""action_mean_shift"":0.0018775603966787457,""actor_gradient_norm_pre_clip"":28.174882888793945,""behavior_approximate_kl"":0.000802936963737011,""clip_fraction"":0.1815185546875,""epoch"":1,""minibatch"":3,""moving_forward_kl"":0.0007504811510443687},{""action_mean_shift"":0.001631160732358694,""actor_gradient_norm_pre_clip"":21.114046096801758,""behavior_approximate_kl"":0.0006742493715137243,""clip_fraction"":0.12969970703125,""epoch"":1,""minibatch"":4,""moving_forward_kl"":0.0005598359857685864},{""action_mean_shift"":0.001851123059168458,""actor_gradient_norm_pre_clip"":16.169816970825195,""behavior_approximate_kl"":0.0010864955838769674,""clip_fraction"":0.177490234375,""epoch"":2,""minibatch"":1,""moving_forward_kl"":0.0007312776288017631},{""action_mean_shift"":0.0019828591030091047,""actor_gradient_norm_pre_clip"":26.668956756591797,""behavior_approximate_kl"":0.0008501276024617255,""clip_fraction"":0.2039794921875,""epoch"":2,""minibatch"":2,""moving_forward_kl"":0.0008475902723148465},{""action_mean_shift"":0.0019215559586882591,""actor_gradient_norm_pre_clip"":26.415430068969727,""behavior_approximate_kl"":0.0012481900630518794,""clip_fraction"":0.1865234375,""epoch"":2,""minibatch"":3,""moving_forward_kl"":0.0008004634873941541},{""action_mean_shift"":0.001864092075265944,""actor_gradient_norm_pre_clip"":22.197677612304688,""behavior_approximate_kl"":0.0005155953112989664,""clip_fraction"":0.17791748046875,""epoch"":2,""minibatch"":4,""moving_forward_kl"":0.0007483583758585155}]",0.0007519457722082734,0.2777777777777778,8.206349206349206,-5.251591962481302,0.7222222222222222,8,31b2d122f7c7110b7b443d4f2d51deab627483f2b8ea04554056fb2d250c3a24,909f25391f38398c700db65f06c5433f378646a3d12fbf296dc856790cd3e685,complete,0.03554237633943558,0.013520949520170689,0.009503013454377651,0.07173812389373779,0.0048633115366101265,0.0012123696506023407,0.038444243371486664,0.019697144627571106,0.006343196611851454,0.04988425597548485,0.005563714075833559,0.0008361764485016465,0.035490188747644424,0.013093290850520134,0.009033597074449062,0.07230107486248016,0.004790141247212887,0.0011063317069783807,0.03837940841913223,0.01977638714015484,0.006236611399799585,0.049718841910362244,0.004806790035218,0.0006765577709302306,0.25,1.0,all_interventions,0.014467859058640897,0.014467859058640897,residual,0.05,8004.0,7837.05078125,894.0,0.3524552322924137
formal,F2,control,A0,0.00438459892757237,1.0,50.39852523803711,0.009437316315597855,0.003357549663633108,8512,6.881164073944092,0.4095611572265625,"[0.003470766358077526,0.0022424820344895124]",0.6113473176956177,0.0,0.0,0.0,"[{""action_mean_shift"":0.006823391187936068,""actor_gradient_norm_pre_clip"":10.45638370513916,""behavior_approximate_kl"":0.008371610194444656,""clip_fraction"":0.68365478515625,""epoch"":1,""minibatch"":1,""moving_forward_kl"":0.009927835315465927},{""action_mean_shift"":0.005696546286344528,""actor_gradient_norm_pre_clip"":50.39852523803711,""behavior_approximate_kl"":0.007797675672918558,""clip_fraction"":0.63525390625,""epoch"":1,""minibatch"":2,""moving_forward_kl"":0.006921099498867989},{""action_mean_shift"":0.004440728574991226,""actor_gradient_norm_pre_clip"":41.428436279296875,""behavior_approximate_kl"":0.004566180054098368,""clip_fraction"":0.5498046875,""epoch"":1,""minibatch"":3,""moving_forward_kl"":0.0042036790400743484},{""action_mean_shift"":0.004067852161824703,""actor_gradient_norm_pre_clip"":33.4561653137207,""behavior_approximate_kl"":0.0025156550109386444,""clip_fraction"":0.5181884765625,""epoch"":1,""minibatch"":4,""moving_forward_kl"":0.0034830227959901094},{""action_mean_shift"":0.0038066175766289234,""actor_gradient_norm_pre_clip"":31.21155548095703,""behavior_approximate_kl"":0.003148972522467375,""clip_fraction"":0.4818115234375,""epoch"":2,""minibatch"":1,""moving_forward_kl"":0.0032039452344179153},{""action_mean_shift"":0.0036700728815048933,""actor_gradient_norm_pre_clip"":33.245487213134766,""behavior_approximate_kl"":0.0035241844598203897,""clip_fraction"":0.463623046875,""epoch"":2,""minibatch"":2,""moving_forward_kl"":0.0029792378190904856},{""action_mean_shift"":0.0033768739085644484,""actor_gradient_norm_pre_clip"":32.13555145263672,""behavior_approximate_kl"":0.004011380951851606,""clip_fraction"":0.43011474609375,""epoch"":2,""minibatch"":3,""moving_forward_kl"":0.002507347147911787},{""action_mean_shift"":0.0031947088427841663,""actor_gradient_norm_pre_clip"":28.86736488342285,""behavior_approximate_kl"":0.002879415638744831,""clip_fraction"":0.404052734375,""epoch"":2,""minibatch"":4,""moving_forward_kl"":0.0022297408431768417}]",0.0022424820344895124,0.41304347826086957,7.463768115942029,-7.22796252499456,0.5869565217391305,1,948c0b575362d517c82dbc2e1071044590b4d43316f1c97c26f6bf52335c636b,7afed309902a323a43b47005c01529c84160944bb8cea2c45d000b38b18cc099,complete,0.0,0.0,0.0,0.0,0.0,0.0,0.0,0.0,0.0,0.0,0.0,0.0,0.0,0.0,0.0,0.0,0.0,0.0,0.0,0.0,0.0,0.0,0.0,0.0,0.0,0.0,none,0.0,0.0,none,0.05,0.0,0.0,904.0,0.6124256700277328
formal,F2,control,A0,0.0021772095060441643,1.0,31.38376808166504,0.0013587906869361177,0.0010085718240588903,8599,6.840890884399414,0.1981353759765625,"[0.0008614864200353622,0.0008331348653882742]",0.6188440918922424,0.0,0.0,0.0,"[{""action_mean_shift"":0.0021421362180262804,""actor_gradient_norm_pre_clip"":10.16703987121582,""behavior_approximate_kl"":0.0012869092170149088,""clip_fraction"":0.233642578125,""epoch"":1,""minibatch"":1,""moving_forward_kl"":0.0010332143865525723},{""action_mean_shift"":0.0026248497888445854,""actor_gradient_norm_pre_clip"":28.081602096557617,""behavior_approximate_kl"":0.0018286884296685457,""clip_fraction"":0.3258056640625,""epoch"":1,""minibatch"":2,""moving_forward_kl"":0.0014689574018120766},{""action_mean_shift"":0.0024737592320889235,""actor_gradient_norm_pre_clip"":31.38376808166504,""behavior_approximate_kl"":0.0016536279581487179,""clip_fraction"":0.29998779296875,""epoch"":1,""minibatch"":3,""moving_forward_kl"":0.0012781680561602116},{""action_mean_shift"":0.002003113506361842,""actor_gradient_norm_pre_clip"":27.107646942138672,""behavior_approximate_kl"":0.0009414673550054431,""clip_fraction"":0.20220947265625,""epoch"":1,""minibatch"":4,""moving_forward_kl"":0.0008621920715086162},{""action_mean_shift"":0.0019721384160220623,""actor_gradient_norm_pre_clip"":20.040510177612305,""behavior_approximate_kl"":0.0008339902851730585,""clip_fraction"":0.20068359375,""epoch"":2,""minibatch"":1,""moving_forward_kl"":0.0008356948965229094},{""action_mean_shift"":0.002167226281017065,""actor_gradient_norm_pre_clip"":20.7078800201416,""behavior_approximate_kl"":0.0009912361856549978,""clip_fraction"":0.2445068359375,""epoch"":2,""minibatch"":2,""moving_forward_kl"":0.0010009552352130413},{""action_mean_shift"":0.002069920301437378,""actor_gradient_norm_pre_clip"":24.941434860229492,""behavior_approximate_kl"":0.0005765182431787252,""clip_fraction"":0.224365234375,""epoch"":2,""minibatch"":3,""moving_forward_kl"":0.0009040604345500469},{""action_mean_shift"":0.0019645323045551777,""actor_gradient_norm_pre_clip"":21.9106502532959,""behavior_approximate_kl"":0.0011034414637833834,""clip_fraction"":0.197265625,""epoch"":2,""minibatch"":4,""moving_forward_kl"":0.0008359577623195946}]",0.0008331348653882742,0.34375,7.9296875,-7.2934713289141655,0.65625,2,39b82be4e5a083da789120ef3cc55b08f5473568d98845325d46b7e1282e2cc8,948c0b575362d517c82dbc2e1071044590b4d43316f1c97c26f6bf52335c636b,complete,0.0,0.0,0.0,0.0,0.0,0.0,0.0,0.0,0.0,0.0,0.0,0.0,0.0,0.0,0.0,0.0,0.0,0.0,0.0,0.0,0.0,0.0,0.0,0.0,0.0,0.0,none,0.0,0.0,none,0.05,0.0,0.0,899.0,0.5688708648085594
formal,F2,control,A0,0.001861261815065518,1.0,23.36506462097168,0.0007209938557934947,0.0006174818845465779,8494,6.8944807052612305,0.13201904296875,"[0.0007209695177152753,0.0005850793095305562]",0.6067785620689392,0.0,0.0,0.0,"[{""action_mean_shift"":0.0015968229854479432,""actor_gradient_norm_pre_clip"":9.431264877319336,""behavior_approximate_kl"":0.0006592748686671257,""clip_fraction"":0.13006591796875,""epoch"":1,""minibatch"":1,""moving_forward_kl"":0.000551030330825597},{""action_mean_shift"":0.002057889010757208,""actor_gradient_norm_pre_clip"":19.615083694458008,""behavior_approximate_kl"":0.001252554589882493,""clip_fraction"":0.22332763671875,""epoch"":1,""minibatch"":2,""moving_forward_kl"":0.0009058419382199645},{""action_mean_shift"":0.0020352844148874283,""actor_gradient_norm_pre_clip"":21.049413681030273,""behavior_approximate_kl"":0.0004262189322616905,""clip_fraction"":0.2105712890625,""epoch"":1,""minibatch"":3,""moving_forward_kl"":0.0008985260501503944},{""action_mean_shift"":0.0018369227182120085,""actor_gradient_norm_pre_clip"":21.837434768676758,""behavior_approximate_kl"":0.0008338700863532722,""clip_fraction"":0.170166015625,""epoch"":1,""minibatch"":4,""moving_forward_kl"":0.0007194597274065018},{""action_mean_shift"":0.0018713684985414147,""actor_gradient_norm_pre_clip"":21.605449676513672,""behavior_approximate_kl"":0.0010014149593189359,""clip_fraction"":0.18408203125,""epoch"":2,""minibatch"":1,""moving_forward_kl"":0.0007550352020189166},{""action_mean_shift"":0.002045086584985256,""actor_gradient_norm_pre_clip"":15.879241943359375,""behavior_approximate_kl"":0.0010292594088241458,""clip_fraction"":0.21484375,""epoch"":2,""minibatch"":2,""moving_forward_kl"":0.0008957217214629054},{""action_mean_shift"":0.0018068356439471245,""actor_gradient_norm_pre_clip"":23.36506462097168,""behavior_approximate_kl"":0.0009474464459344745,""clip_fraction"":0.16278076171875,""epoch"":2,""minibatch"":3,""moving_forward_kl"":0.0006890759686939418},{""action_mean_shift"":0.001639884663745761,""actor_gradient_norm_pre_clip"":20.676706314086914,""behavior_approximate_kl"":0.000669523433316499,""clip_fraction"":0.1356201171875,""epoch"":2,""minibatch"":4,""moving_forward_kl"":0.0005876850336790085}]",0.0005850793095305562,0.3308270676691729,7.857142857142857,-6.801545698839919,0.6691729323308271,3,3556eb9ed09cb23c908ab111335bbe43e6ea171149682462778e3c5cda97d99a,39b82be4e5a083da789120ef3cc55b08f5473568d98845325d46b7e1282e2cc8,complete,0.0,0.0,0.0,0.0,0.0,0.0,0.0,0.0,0.0,0.0,0.0,0.0,0.0,0.0,0.0,0.0,0.0,0.0,0.0,0.0,0.0,0.0,0.0,0.0,0.0,0.0,none,0.0,0.0,none,0.05,0.0,0.0,905.0,0.49223095178604126
formal,F2,control,A0,0.0017755723820300773,1.0,28.69019889831543,0.0006167877436382696,0.0006711195455864072,8401,6.736968517303467,0.1729583740234375,"[0.0005826054839417338,0.000723291770555079]",0.602780818939209,0.0,0.0,0.0,"[{""action_mean_shift"":0.001581569784320891,""actor_gradient_norm_pre_clip"":10.058914184570312,""behavior_approximate_kl"":0.0011250608367845416,""clip_fraction"":0.13067626953125,""epoch"":1,""minibatch"":1,""moving_forward_kl"":0.0005806972039863467},{""action_mean_shift"":0.0019993209280073643,""actor_gradient_norm_pre_clip"":24.680423736572266,""behavior_approximate_kl"":0.00126604363322258,""clip_fraction"":0.20965576171875,""epoch"":1,""minibatch"":2,""moving_forward_kl"":0.0008506809826940298},{""action_mean_shift"":0.0017432908061891794,""actor_gradient_norm_pre_clip"":28.69019889831543,""behavior_approximate_kl"":0.00046065892092883587,""clip_fraction"":0.15460205078125,""epoch"":1,""minibatch"":3,""moving_forward_kl"":0.0006352248601615429},{""action_mean_shift"":0.001627062214538455,""actor_gradient_norm_pre_clip"":18.009550094604492,""behavior_approximate_kl"":0.0008124515297822654,""clip_fraction"":0.1260986328125,""epoch"":1,""minibatch"":4,""moving_forward_kl"":0.0005800323560833931},{""action_mean_shift"":0.0017086174339056015,""actor_gradient_norm_pre_clip"":19.615869522094727,""behavior_approximate_kl"":0.00048751808935776353,""clip_fraction"":0.15191650390625,""epoch"":2,""minibatch"":1,""moving_forward_kl"":0.0006159711629152298},{""action_mean_shift"":0.0017459912924095988,""actor_gradient_norm_pre_clip"":20.282106399536133,""behavior_approximate_kl"":0.00046769753680564463,""clip_fraction"":0.15557861328125,""epoch"":2,""minibatch"":2,""moving_forward_kl"":0.0006525519420392811},{""action_mean_shift"":0.0019607963040471077,""actor_gradient_norm_pre_clip"":18.71441078186035,""behavior_approximate_kl"":0.0012387267779558897,""clip_fraction"":0.19683837890625,""epoch"":2,""minibatch"":3,""moving_forward_kl"":0.000838299747556448},{""action_mean_shift"":0.0018379302928224206,""actor_gradient_norm_pre_clip"":25.59174156188965,""behavior_approximate_kl"":0.0009055625996552408,""clip_fraction"":0.17547607421875,""epoch"":2,""minibatch"":4,""moving_forward_kl"":0.0007213865173980594}]",0.000723291770555079,0.3125,7.9609375,-6.12090277671814,0.6875,4,2feb6cd7fb58aa1bd0434a67ff0ca15b1b88c3f110158b22493f0b282bab328e,3556eb9ed09cb23c908ab111335bbe43e6ea171149682462778e3c5cda97d99a,complete,0.0,0.0,0.0,0.0,0.0,0.0,0.0,0.0,0.0,0.0,0.0,0.0,0.0,0.0,0.0,0.0,0.0,0.0,0.0,0.0,0.0,0.0,0.0,0.0,0.0,0.0,none,0.0,0.0,none,0.05,0.0,0.0,903.0,0.41404441371560097
formal,F2,control,A0,0.0016459503531223163,1.0,21.867063522338867,0.00011625653132796288,0.0009318757802248001,8549,6.720911979675293,0.153717041015625,"[0.0005442467518150806,0.0006476871203631163]",0.6458518505096436,0.0,0.0,0.0,"[{""action_mean_shift"":0.001065002870745957,""actor_gradient_norm_pre_clip"":11.040430068969727,""behavior_approximate_kl"":0.0005611599190160632,""clip_fraction"":0.04119873046875,""epoch"":1,""minibatch"":1,""moving_forward_kl"":0.0002601842279545963},{""action_mean_shift"":0.0017781242495402694,""actor_gradient_norm_pre_clip"":13.839938163757324,""behavior_approximate_kl"":0.00039927184116095304,""clip_fraction"":0.1673583984375,""epoch"":1,""minibatch"":2,""moving_forward_kl"":0.0006891435477882624},{""action_mean_shift"":0.0018618506146594882,""actor_gradient_norm_pre_clip"":20.78380584716797,""behavior_approximate_kl"":0.0008762517827562988,""clip_fraction"":0.17987060546875,""epoch"":1,""minibatch"":3,""moving_forward_kl"":0.0007394120329990983},{""action_mean_shift"":0.0016016000881791115,""actor_gradient_norm_pre_clip"":21.867063522338867,""behavior_approximate_kl"":0.0007465742528438568,""clip_fraction"":0.1170654296875,""epoch"":1,""minibatch"":4,""moving_forward_kl"":0.0005440656095743179},{""action_mean_shift"":0.0016399348387494683,""actor_gradient_norm_pre_clip"":13.628506660461426,""behavior_approximate_kl"":0.0012957241851836443,""clip_fraction"":0.13861083984375,""epoch"":2,""minibatch"":1,""moving_forward_kl"":0.0005966874305158854},{""action_mean_shift"":0.0018072013044729829,""actor_gradient_norm_pre_clip"":16.74152374267578,""behavior_approximate_kl"":0.0007384849013760686,""clip_fraction"":0.1734619140625,""epoch"":2,""minibatch"":2,""moving_forward_kl"":0.0006899401778355241},{""action_mean_shift"":0.0016776835545897484,""actor_gradient_norm_pre_clip"":17.384780883789062,""behavior_approximate_kl"":0.0008761342032812536,""clip_fraction"":0.1380615234375,""epoch"":2,""minibatch"":3,""moving_forward_kl"":0.0005910605541430414},{""action_mean_shift"":0.0017362053040415049,""actor_gradient_norm_pre_clip"":14.754935264587402,""behavior_approximate_kl"":0.0008082209387794137,""clip_fraction"":0.153564453125,""epoch"":2,""minibatch"":4,""moving_forward_kl"":0.0006456187693402171}]",0.0006476871203631163,0.3283582089552239,8.253731343283581,-7.764651177534416,0.6716417910447762,5,1b373b2589204cc19c35d3adce86d1fbf7afb83b711f3487d1a5b980c7fdc6a2,2feb6cd7fb58aa1bd0434a67ff0ca15b1b88c3f110158b22493f0b282bab328e,complete,0.0,0.0,0.0,0.0,0.0,0.0,0.0,0.0,0.0,0.0,0.0,0.0,0.0,0.0,0.0,0.0,0.0,0.0,0.0,0.0,0.0,0.0,0.0,0.0,0.0,0.0,none,0.0,0.0,none,0.05,0.0,0.0,859.0,0.5808698311448097
formal,F2,control,A0,0.0016313998639816418,1.0,19.139434814453125,-0.00016015498113119975,0.0009010249050334096,8651,7.050529956817627,0.161865234375,"[0.0006404462037608027,0.0007191026816144586]",0.6792730093002319,0.0,0.0,0.0,"[{""action_mean_shift"":0.0012345704017207026,""actor_gradient_norm_pre_clip"":12.801420211791992,""behavior_approximate_kl"":0.0005613536341115832,""clip_fraction"":0.0599365234375,""epoch"":1,""minibatch"":1,""moving_forward_kl"":0.0003378639230504632},{""action_mean_shift"":0.0017878279322758317,""actor_gradient_norm_pre_clip"":14.597375869750977,""behavior_approximate_kl"":0.0010001970222219825,""clip_fraction"":0.1671142578125,""epoch"":1,""minibatch"":2,""moving_forward_kl"":0.0007019089534878731},{""action_mean_shift"":0.0017541806446388364,""actor_gradient_norm_pre_clip"":19.139434814453125,""behavior_approximate_kl"":0.0011451703030616045,""clip_fraction"":0.15380859375,""epoch"":1,""minibatch"":3,""moving_forward_kl"":0.0006696287309750915},{""action_mean_shift"":0.0017140379641205072,""actor_gradient_norm_pre_clip"":18.210020065307617,""behavior_approximate_kl"":0.0010151078458875418,""clip_fraction"":0.14324951171875,""epoch"":1,""minibatch"":4,""moving_forward_kl"":0.0006374540971592069},{""action_mean_shift"":0.0015795333310961723,""actor_gradient_norm_pre_clip"":12.654356002807617,""behavior_approximate_kl"":0.0011638293508440256,""clip_fraction"":0.11968994140625,""epoch"":2,""minibatch"":1,""moving_forward_kl"":0.0005575445829890668},{""action_mean_shift"":0.0015218518674373627,""actor_gradient_norm_pre_clip"":11.220269203186035,""behavior_approximate_kl"":0.0006073234253562987,""clip_fraction"":0.10345458984375,""epoch"":2,""minibatch"":2,""moving_forward_kl"":0.0005145528702996671},{""action_mean_shift"":0.0016484018415212631,""actor_gradient_norm_pre_clip"":12.926676750183105,""behavior_approximate_kl"":0.00032165803713724017,""clip_fraction"":0.12939453125,""epoch"":2,""minibatch"":3,""moving_forward_kl"":0.0005942392162978649},{""action_mean_shift"":0.0018107949290424585,""actor_gradient_norm_pre_clip"":14.81420612335205,""behavior_approximate_kl"":0.0011644794140011072,""clip_fraction"":0.1593017578125,""epoch"":2,""minibatch"":4,""moving_forward_kl"":0.0007207784801721573}]",0.0007191026816144586,0.3656716417910448,7.850746268656716,-8.616774576813427,0.6343283582089553,6,4aa9697fe0ae329d421893ce0df05109141336e7c24f220607219795aaa1d70b,1b373b2589204cc19c35d3adce86d1fbf7afb83b711f3487d1a5b980c7fdc6a2,complete,0.0,0.0,0.0,0.0,0.0,0.0,0.0,0.0,0.0,0.0,0.0,0.0,0.0,0.0,0.0,0.0,0.0,0.0,0.0,0.0,0.0,0.0,0.0,0.0,0.0,0.0,none,0.0,0.0,none,0.05,0.0,0.0,889.0,1.1461005061864853
formal,F2,control,A0,0.0016493619041284546,1.0,21.110857009887695,9.792826313059777e-05,0.0007953695021569729,8463,6.754189968109131,0.14288330078125,"[0.0006456521805375814,0.0006390955531969666]",0.6300736665725708,0.0,0.0,0.0,"[{""action_mean_shift"":0.001096249558031559,""actor_gradient_norm_pre_clip"":10.317460060119629,""behavior_approximate_kl"":0.00042555216350592673,""clip_fraction"":0.03778076171875,""epoch"":1,""minibatch"":1,""moving_forward_kl"":0.000260424887528643},{""action_mean_shift"":0.0016785847255960107,""actor_gradient_norm_pre_clip"":13.979715347290039,""behavior_approximate_kl"":0.0007251161732710898,""clip_fraction"":0.141845703125,""epoch"":1,""minibatch"":2,""moving_forward_kl"":0.0006164329242892563},{""action_mean_shift"":0.0017093560891225934,""actor_gradient_norm_pre_clip"":21.110857009887695,""behavior_approximate_kl"":0.0009339743410237134,""clip_fraction"":0.14697265625,""epoch"":1,""minibatch"":3,""moving_forward_kl"":0.0006201257929205894},{""action_mean_shift"":0.0017479846719652414,""actor_gradient_norm_pre_clip"":19.774274826049805,""behavior_approximate_kl"":0.0010697448160499334,""clip_fraction"":0.15606689453125,""epoch"":1,""minibatch"":4,""moving_forward_kl"":0.0006443149177357554},{""action_mean_shift"":0.001785844098776579,""actor_gradient_norm_pre_clip"":15.736322402954102,""behavior_approximate_kl"":0.000997499329969287,""clip_fraction"":0.1611328125,""epoch"":2,""minibatch"":1,""moving_forward_kl"":0.00068808370269835},{""action_mean_shift"":0.001772182178683579,""actor_gradient_norm_pre_clip"":18.313066482543945,""behavior_approximate_kl"":0.0005330921849235892,""clip_fraction"":0.15850830078125,""epoch"":2,""minibatch"":2,""moving_forward_kl"":0.0006838319823145866},{""action_mean_shift"":0.0017021459061652422,""actor_gradient_norm_pre_clip"":16.339645385742188,""behavior_approximate_kl"":0.0005543877487070858,""clip_fraction"":0.14349365234375,""epoch"":2,""minibatch"":3,""moving_forward_kl"":0.0006465772748924792},{""action_mean_shift"":0.0017025480046868324,""actor_gradient_norm_pre_clip"":16.476511001586914,""behavior_approximate_kl"":0.0012375591322779655,""clip_fraction"":0.14154052734375,""epoch"":2,""minibatch"":4,""moving_forward_kl"":0.0006387972389347851}]",0.0006390955531969666,0.3409090909090909,7.9772727272727275,-7.470236662662391,0.6590909090909091,7,30a24b85318ad6da60e73915b719fa608122efa853626a4ef98ac201ce6acee1,4aa9697fe0ae329d421893ce0df05109141336e7c24f220607219795aaa1d70b,complete,0.0,0.0,0.0,0.0,0.0,0.0,0.0,0.0,0.0,0.0,0.0,0.0,0.0,0.0,0.0,0.0,0.0,0.0,0.0,0.0,0.0,0.0,0.0,0.0,0.0,0.0,none,0.0,0.0,none,0.05,0.0,0.0,871.0,0.5301565416157246
formal,F2,control,A0,0.0017054780182661489,1.0,22.665273666381836,0.00046372973156394437,0.0008205766207538545,8598,6.88942289352417,0.132080078125,"[0.0005705371149815619,0.0006169024854898453]",0.6231116652488708,0.0,0.0,0.0,"[{""action_mean_shift"":0.0015064908657222986,""actor_gradient_norm_pre_clip"":12.746369361877441,""behavior_approximate_kl"":0.0006607025861740112,""clip_fraction"":0.1143798828125,""epoch"":1,""minibatch"":1,""moving_forward_kl"":0.0005078123067505658},{""action_mean_shift"":0.0018628665711730719,""actor_gradient_norm_pre_clip"":18.05388069152832,""behavior_approximate_kl"":0.0007998129585757852,""clip_fraction"":0.18450927734375,""epoch"":1,""minibatch"":2,""moving_forward_kl"":0.0007533600437454879},{""action_mean_shift"":0.0018254523165524006,""actor_gradient_norm_pre_clip"":22.665273666381836,""behavior_approximate_kl"":0.0008751550922170281,""clip_fraction"":0.16815185546875,""epoch"":1,""minibatch"":3,""moving_forward_kl"":0.000727858510799706},{""action_mean_shift"":0.0016466060187667608,""actor_gradient_norm_pre_clip"":20.119714736938477,""behavior_approximate_kl"":0.0009732439648360014,""clip_fraction"":0.1337890625,""epoch"":1,""minibatch"":4,""moving_forward_kl"":0.0005719538312405348},{""action_mean_shift"":0.0016824948834255338,""actor_gradient_norm_pre_clip"":14.26721477508545,""behavior_approximate_kl"":0.000626584340352565,""clip_fraction"":0.138671875,""epoch"":2,""minibatch"":1,""moving_forward_kl"":0.0006164254737086594},{""action_mean_shift"":0.0018381698755547404,""actor_gradient_norm_pre_clip"":17.46229362487793,""behavior_approximate_kl"":0.0008886567084118724,""clip_fraction"":0.1702880859375,""epoch"":2,""minibatch"":2,""moving_forward_kl"":0.0007584053091704845},{""action_mean_shift"":0.001635400578379631,""actor_gradient_norm_pre_clip"":20.297548294067383,""behavior_approximate_kl"":0.0007807686924934387,""clip_fraction"":0.12701416015625,""epoch"":2,""minibatch"":3,""moving_forward_kl"":0.0006173595320433378},{""action_mean_shift"":0.0016463430365547538,""actor_gradient_norm_pre_clip"":16.39791488647461,""behavior_approximate_kl"":0.0011072650086134672,""clip_fraction"":0.13055419921875,""epoch"":2,""minibatch"":4,""moving_forward_kl"":0.0006139923352748156}]",0.0006169024854898453,0.3671875,8.0546875,-7.826152080669999,0.6328125,8,db75ae155800553f2a32a1702ed11537ae178a97552104f76c0affe25e707e16,30a24b85318ad6da60e73915b719fa608122efa853626a4ef98ac201ce6acee1,complete,0.0,0.0,0.0,0.0,0.0,0.0,0.0,0.0,0.0,0.0,0.0,0.0,0.0,0.0,0.0,0.0,0.0,0.0,0.0,0.0,0.0,0.0,0.0,0.0,0.0,0.0,none,0.0,0.0,none,0.05,0.0,0.0,939.0,0.5159883126616478
formal,F2,teacher,A2,0.005365767050534487,1.0,62.20997619628906,0.029373975237831473,0.0023516747169196606,8295,6.711164951324463,0.4142608642578125,"[0.005046672187745571,0.00217252504080534]",0.6093943119049072,0.15495577454566956,0.15563498437404633,0.15563498437404633,"[{""action_mean_shift"":0.009222513064742088,""actor_gradient_norm_pre_clip"":13.771448135375977,""behavior_approximate_kl"":0.020611170679330826,""clip_fraction"":0.75469970703125,""epoch"":1,""minibatch"":1,""moving_forward_kl"":0.01915961503982544},{""action_mean_shift"":0.00718598160892725,""actor_gradient_norm_pre_clip"":62.20997619628906,""behavior_approximate_kl"":0.011709805577993393,""clip_fraction"":0.70184326171875,""epoch"":1,""minibatch"":2,""moving_forward_kl"":0.011157678440213203},{""action_mean_shift"":0.006011816672980785,""actor_gradient_norm_pre_clip"":50.87877655029297,""behavior_approximate_kl"":0.010592922568321228,""clip_fraction"":0.64202880859375,""epoch"":1,""minibatch"":3,""moving_forward_kl"":0.0078488290309906},{""action_mean_shift"":0.00478015374392271,""actor_gradient_norm_pre_clip"":42.616119384765625,""behavior_approximate_kl"":0.005742674693465233,""clip_fraction"":0.563232421875,""epoch"":1,""minibatch"":4,""moving_forward_kl"":0.005103665869683027},{""action_mean_shift"":0.004101308062672615,""actor_gradient_norm_pre_clip"":39.10941696166992,""behavior_approximate_kl"":0.002793007530272007,""clip_fraction"":0.51422119140625,""epoch"":2,""minibatch"":1,""moving_forward_kl"":0.0036469900514930487},{""action_mean_shift"":0.004478801041841507,""actor_gradient_norm_pre_clip"":34.41655349731445,""behavior_approximate_kl"":0.0036139199510216713,""clip_fraction"":0.54595947265625,""epoch"":2,""minibatch"":2,""moving_forward_kl"":0.0043919687159359455},{""action_mean_shift"":0.0039534312672913074,""actor_gradient_norm_pre_clip"":36.36911392211914,""behavior_approximate_kl"":0.0038956559728831053,""clip_fraction"":0.4949951171875,""epoch"":2,""minibatch"":3,""moving_forward_kl"":0.00338081456720829},{""action_mean_shift"":0.0031921309418976307,""actor_gradient_norm_pre_clip"":34.64542770385742,""behavior_approximate_kl"":0.001369250938296318,""clip_fraction"":0.412841796875,""epoch"":2,""minibatch"":4,""moving_forward_kl"":0.0021728009451180696}]",0.00217252504080534,0.32061068702290074,7.824427480916031,-6.155485682815086,0.6793893129770993,1,5119998bc43b36a9ef812bc5f2d998f07919f8e73e0f344b5940d8b6c97cda15,7afed309902a323a43b47005c01529c84160944bb8cea2c45d000b38b18cc099,failed_after_round_4,0.03847452998161316,0.013637810945510864,0.008816941641271114,0.07661040872335434,0.0060956948436796665,0.0012839470291510224,0.037529949098825455,0.019792651757597923,0.00701534328982234,0.049065880477428436,0.0051727681420743465,0.0012103229528293014,0.038289882242679596,0.013287696056067944,0.008722459897398949,0.07687382400035858,0.005152232479304075,0.0010658829705789685,0.037192970514297485,0.01954900473356247,0.006735156290233135,0.04832632094621658,0.004654441494494677,0.0007215607329271734,0.25,1.0,all_interventions,0.01485640206374228,0.01485640206374228,residual,0.05,8295.0,8115.01123046875,898.0,0.5906679034233093
formal,F2,teacher,A2,0.0024739200598560274,1.0,35.80354309082031,0.0180134663823992,0.0009403062867932022,8511,6.858179092407227,0.18499755859375,"[0.001277319504879415,0.0007754660909995437]",0.6318530440330505,0.1611780971288681,0.1610451340675354,0.1610451340675354,"[{""action_mean_shift"":0.0025185856502503157,""actor_gradient_norm_pre_clip"":10.989570617675781,""behavior_approximate_kl"":0.002292765537276864,""clip_fraction"":0.306396484375,""epoch"":1,""minibatch"":1,""moving_forward_kl"":0.0014163738815113902},{""action_mean_shift"":0.0030696047469973564,""actor_gradient_norm_pre_clip"":32.8845329284668,""behavior_approximate_kl"":0.0018145019421353936,""clip_fraction"":0.3880615234375,""epoch"":1,""minibatch"":2,""moving_forward_kl"":0.0020399889908730984},{""action_mean_shift"":0.002778952941298485,""actor_gradient_norm_pre_clip"":35.80354309082031,""behavior_approximate_kl"":0.0018871785141527653,""clip_fraction"":0.3516845703125,""epoch"":1,""minibatch"":3,""moving_forward_kl"":0.0016555906040593982},{""action_mean_shift"":0.002434065565466881,""actor_gradient_norm_pre_clip"":27.70587158203125,""behavior_approximate_kl"":0.0013776449486613274,""clip_fraction"":0.287841796875,""epoch"":1,""minibatch"":4,""moving_forward_kl"":0.001272202585823834},{""action_mean_shift"":0.0022159991785883904,""actor_gradient_norm_pre_clip"":20.69183349609375,""behavior_approximate_kl"":0.0009280815720558167,""clip_fraction"":0.2530517578125,""epoch"":2,""minibatch"":1,""moving_forward_kl"":0.0010522217489778996},{""action_mean_shift"":0.002415209775790572,""actor_gradient_norm_pre_clip"":16.295146942138672,""behavior_approximate_kl"":0.0018917449051514268,""clip_fraction"":0.285400390625,""epoch"":2,""minibatch"":2,""moving_forward_kl"":0.0012590440455824137},{""action_mean_shift"":0.0024537306744605303,""actor_gradient_norm_pre_clip"":26.206937789916992,""behavior_approximate_kl"":0.0013925072271376848,""clip_fraction"":0.286865234375,""epoch"":2,""minibatch"":3,""moving_forward_kl"":0.0012788365129381418},{""action_mean_shift"":0.0019052119459956884,""actor_gradient_norm_pre_clip"":26.090627670288086,""behavior_approximate_kl"":0.0008148803608492017,""clip_fraction"":0.18792724609375,""epoch"":2,""minibatch"":4,""moving_forward_kl"":0.0007777938153594732}]",0.0007754660909995437,0.30303030303030304,8.030303030303031,-6.710905190670129,0.696969696969697,2,7895cd6ed28f5a673bc0a26dde7f734eacaacd309434f5eaefc37411024158d4,5119998bc43b36a9ef812bc5f2d998f07919f8e73e0f344b5940d8b6c97cda15,failed_after_round_4,0.03586946800351143,0.015330832451581955,0.009160648100078106,0.07298308610916138,0.005589637905359268,0.0013543837703764439,0.041651468724012375,0.024258291348814964,0.007993402890861034,0.054243944585323334,0.0059857056476175785,0.0011753044091165066,0.03574161231517792,0.015106717124581337,0.009166508913040161,0.07260793447494507,0.004998404067009687,0.0011650838423520327,0.041259441524744034,0.024197889491915703,0.0076557062566280365,0.054043203592300415,0.005419186316430569,0.0009042266174219549,0.25,1.0,all_interventions,0.015735726105049253,0.015735726105049253,residual,0.05,8511.0,8343.8828125,885.0,0.6287630721926689
formal,F2,teacher,A2,0.002144789119483903,1.0,30.522809982299805,0.016306570381857455,0.0009092683903872967,8165,6.568785190582275,0.1954345703125,"[0.0010304683819413185,0.0007887200335972011]",0.6116015315055847,0.1551767736673355,0.15563014149665833,0.15563014149665833,"[{""action_mean_shift"":0.002008737064898014,""actor_gradient_norm_pre_clip"":10.604044914245605,""behavior_approximate_kl"":0.0010239131515845656,""clip_fraction"":0.20068359375,""epoch"":1,""minibatch"":1,""moving_forward_kl"":0.0010281548602506518},{""action_mean_shift"":0.0025699143297970295,""actor_gradient_norm_pre_clip"":23.507944107055664,""behavior_approximate_kl"":0.0015875636599957943,""clip_fraction"":0.300537109375,""epoch"":1,""minibatch"":2,""moving_forward_kl"":0.0015441926661878824},{""action_mean_shift"":0.0022697816602885723,""actor_gradient_norm_pre_clip"":30.522809982299805,""behavior_approximate_kl"":0.0008509178878739476,""clip_fraction"":0.26251220703125,""epoch"":1,""minibatch"":3,""moving_forward_kl"":0.0011289643589407206},{""action_mean_shift"":0.0021882313303649426,""actor_gradient_norm_pre_clip"":23.44624900817871,""behavior_approximate_kl"":0.0012217846233397722,""clip_fraction"":0.24554443359375,""epoch"":1,""minibatch"":4,""moving_forward_kl"":0.0010335377883166075},{""action_mean_shift"":0.002026590518653393,""actor_gradient_norm_pre_clip"":24.176368713378906,""behavior_approximate_kl"":0.0013923979131504893,""clip_fraction"":0.21087646484375,""epoch"":2,""minibatch"":1,""moving_forward_kl"":0.0008783244411461055},{""action_mean_shift"":0.001930456142872572,""actor_gradient_norm_pre_clip"":22.4575138092041,""behavior_approximate_kl"":0.0006966738728806376,""clip_fraction"":0.1912841796875,""epoch"":2,""minibatch"":2,""moving_forward_kl"":0.000857669860124588},{""action_mean_shift"":0.0022402419708669186,""actor_gradient_norm_pre_clip"":20.207040786743164,""behavior_approximate_kl"":0.0014833936002105474,""clip_fraction"":0.25103759765625,""epoch"":2,""minibatch"":3,""moving_forward_kl"":0.0010866580996662378},{""action_mean_shift"":0.0019243599381297827,""actor_gradient_norm_pre_clip"":27.630571365356445,""behavior_approximate_kl"":0.0006824691081419587,""clip_fraction"":0.1995849609375,""epoch"":2,""minibatch"":4,""moving_forward_kl"":0.0007907087565399706}]",0.0007887200335972011,0.20610687022900764,8.312977099236642,-5.262617813721868,0.7938931297709924,3,6a42edb94118433db61413b39df4525d88e8ac0d3d89cff6bf1c97fb1695611a,7895cd6ed28f5a673bc0a26dde7f734eacaacd309434f5eaefc37411024158d4,failed_after_round_4,0.03720606490969658,0.012881082482635975,0.00843882467597723,0.0746615082025528,0.005662715062499046,0.0011954035144299269,0.03958198428153992,0.019829127937555313,0.006920849904417992,0.05020587146282196,0.005392401944845915,0.001102871960029006,0.03696301206946373,0.01289822906255722,0.008521330542862415,0.07492326200008392,0.004954726435244083,0.001047642668709159,0.03916182368993759,0.019815901294350624,0.006654168013483286,0.050434935837984085,0.004983819555491209,0.0007216109661385417,0.25,0.9999999403953552,all_interventions,0.014874318148940802,0.014874318148940802,residual,0.05,8165.0,8017.9677734375,885.0,0.4861093945801258
formal,F2,teacher,A2,0.0016846204380271956,1.0,20.886011123657227,0.016040653688833117,0.0007389544043689966,8449,6.835760593414307,0.1397705078125,"[0.0005955841625109315,0.000609837006777525]",0.6307637095451355,0.16035820543766022,0.16072875261306763,0.16072875261306763,"[{""action_mean_shift"":0.0014105566078796983,""actor_gradient_norm_pre_clip"":11.089984893798828,""behavior_approximate_kl"":0.00020399843924678862,""clip_fraction"":0.0947265625,""epoch"":1,""minibatch"":1,""moving_forward_kl"":0.00045431137550622225},{""action_mean_shift"":0.0017949426546692848,""actor_gradient_norm_pre_clip"":17.80263328552246,""behavior_approximate_kl"":0.0009881104342639446,""clip_fraction"":0.16766357421875,""epoch"":1,""minibatch"":2,""moving_forward_kl"":0.0006884289905428886},{""action_mean_shift"":0.0017345868982374668,""actor_gradient_norm_pre_clip"":20.886011123657227,""behavior_approximate_kl"":0.0007477831095457077,""clip_fraction"":0.15216064453125,""epoch"":1,""minibatch"":3,""moving_forward_kl"":0.0006495924899354577},{""action_mean_shift"":0.0016537629999220371,""actor_gradient_norm_pre_clip"":19.133193969726562,""behavior_approximate_kl"":0.0001770577218849212,""clip_fraction"":0.13232421875,""epoch"":1,""minibatch"":4,""moving_forward_kl"":0.0005943856667727232},{""action_mean_shift"":0.0016912510618567467,""actor_gradient_norm_pre_clip"":15.326284408569336,""behavior_approximate_kl"":0.0007536369375884533,""clip_fraction"":0.1412353515625,""epoch"":2,""minibatch"":1,""moving_forward_kl"":0.0006210884312167764},{""action_mean_shift"":0.0017720561008900404,""actor_gradient_norm_pre_clip"":17.134136199951172,""behavior_approximate_kl"":0.0011423503747209907,""clip_fraction"":0.157958984375,""epoch"":2,""minibatch"":2,""moving_forward_kl"":0.0006715547060593963},{""action_mean_shift"":0.0017220566514879465,""actor_gradient_norm_pre_clip"":17.56128692626953,""behavior_approximate_kl"":0.00034051062539219856,""clip_fraction"":0.14337158203125,""epoch"":2,""minibatch"":3,""moving_forward_kl"":0.000631024013273418},{""action_mean_shift"":0.0016977505292743444,""actor_gradient_norm_pre_clip"":18.792896270751953,""behavior_approximate_kl"":0.0005657578585669398,""clip_fraction"":0.142333984375,""epoch"":2,""minibatch"":4,""moving_forward_kl"":0.0006156783201731741}]",0.000609837006777525,0.33088235294117646,7.875,-6.79746230209575,0.6691176470588235,4,3baa29003d0b816975ef1eb8dd6a4fddcb5bda42e61c0bf184c471eac978e867,6a42edb94118433db61413b39df4525d88e8ac0d3d89cff6bf1c97fb1695611a,failed_after_round_4,0.03686750307679176,0.013631678186357021,0.008986448869109154,0.07422488927841187,0.00517318258062005,0.0015072082169353962,0.04111194610595703,0.02310292236506939,0.007528274320065975,0.0538756437599659,0.005530357826501131,0.0010252491338178515,0.03667360171675682,0.013520795851945877,0.00900272186845541,0.07415298372507095,0.0050074635073542595,0.0011460817186161876,0.041177306324243546,0.023109298199415207,0.007285889238119125,0.053862564265728,0.005344676785171032,0.0007981934468261898,0.25,1.0,all_interventions,0.01567925326526165,0.01567925326526165,residual,0.05,8449.0,8284.98046875,909.0,0.5902242362499237
