scale,group_environment_id,environment_id,success,fell,steps,reached_risers
0.0,0,0,False,True,220,1
0.0,1,1,True,False,444,9
0.0,2,2,True,False,413,9
0.0,3,3,True,False,403,9
0.0,4,4,True,False,419,9
0.0,5,5,True,False,507,9
0.0,6,6,True,False,512,9
0.0,7,7,True,False,522,9
0.0,8,8,True,False,417,9
0.0,9,9,False,True,386,9
0.0,10,10,True,False,396,9
0.0,11,11,True,False,460,9
0.0,12,12,True,False,466,9
0.0,13,13,True,False,470,9
0.0,14,14,True,False,457,9
0.0,15,15,True,False,436,9
0.0,16,16,False,True,354,7
0.0,17,17,True,False,391,9
0.0,18,18,False,True,218,3
0.0,19,19,True,False,453,9
0.0,20,20,True,False,455,9
0.0,21,21,True,False,451,9
0.0,22,22,True,False,395,9
0.0,23,23,False,True,251,7
0.0,24,24,True,False,401,9
0.0,25,25,True,False,462,9
0.0,26,26,False,True,261,3
0.0,27,27,True,False,408,9
0.0,28,28,False,True,349,5
0.0,29,29,True,False,466,9
0.0,30,30,True,False,487,9
0.0,31,31,True,False,432,9
0.0,32,32,True,False,610,9
0.0,33,33,False,True,346,8
0.0,34,34,False,True,426,5
0.0,35,35,False,True,323,5
0.0,36,36,False,True,165,2
0.0,37,37,True,False,445,9
0.0,38,38,True,False,406,9
0.0,39,39,False,True,364,7
0.0,40,40,False,True,140,1
0.0,41,41,True,False,409,9
0.0,42,42,True,False,474,9
0.0,43,43,True,False,386,9
0.0,44,44,True,False,457,9
0.0,45,45,True,False,448,9
0.0,46,46,False,True,288,4
0.0,47,47,False,True,233,4
0.0,48,48,False,True,410,7
0.0,49,49,False,True,531,9
0.0,50,50,True,False,407,9
0.0,51,51,True,False,455,9
0.0,52,52,True,False,394,9
0.0,53,53,True,False,443,9
0.0,54,54,True,False,356,9
0.0,55,55,True,False,446,9
0.0,56,56,True,False,378,9
0.0,57,57,True,False,403,9
0.0,58,58,True,False,389,9
0.0,59,59,True,False,497,9
0.0,60,60,True,False,627,9
0.0,61,61,True,False,547,9
0.0,62,62,True,False,406,9
0.0,63,63,False,True,168,2
0.5,0,64,False,True,200,3
0.5,1,65,False,True,376,7
0.5,2,66,True,False,425,9
0.5,3,67,True,False,483,9
0.5,4,68,False,True,354,6
0.5,5,69,False,True,375,8
0.5,6,70,True,False,460,9
0.5,7,71,True,False,525,9
0.5,8,72,True,False,414,9
0.5,9,73,False,True,183,2
0.5,10,74,False,True,323,6
0.5,11,75,True,False,374,9
0.5,12,76,True,False,437,9
0.5,13,77,True,False,379,9
0.5,14,78,True,False,478,9
0.5,15,79,False,True,277,6
0.5,16,80,True,False,452,9
0.5,17,81,True,False,563,9
0.5,18,82,False,True,256,5
0.5,19,83,True,False,419,9
0.5,20,84,True,False,455,9
0.5,21,85,False,True,213,3
0.5,22,86,True,False,452,9
0.5,23,87,False,True,243,5
0.5,24,88,True,False,484,9
0.5,25,89,False,True,289,4
0.5,26,90,False,True,445,9
0.5,27,91,False,True,306,7
0.5,28,92,True,False,454,9
0.5,29,93,True,False,643,9
0.5,30,94,False,True,251,4
0.5,31,95,True,False,487,9
0.5,32,96,False,True,217,4
0.5,33,97,True,False,374,9
0.5,34,98,True,False,470,9
0.5,35,99,True,False,466,9
0.5,36,100,True,False,419,9
0.5,37,101,True,False,432,9
0.5,38,102,False,True,365,7
0.5,39,103,True,False,528,9
0.5,40,104,False,True,669,9
0.5,41,105,True,False,421,9
0.5,42,106,True,False,515,9
0.5,43,107,True,False,412,9
0.5,44,108,False,True,202,3
0.5,45,109,False,True,165,2
0.5,46,110,True,False,422,9
0.5,47,111,True,False,403,9
0.5,48,112,True,False,467,9
0.5,49,113,True,False,509,9
0.5,50,114,False,True,381,6
0.5,51,115,True,False,408,9
0.5,52,116,True,False,377,9
0.5,53,117,False,True,365,7
0.5,54,118,False,True,344,8
0.5,55,119,False,True,267,3
0.5,56,120,True,False,434,9
0.5,57,121,True,False,429,9
0.5,58,122,False,True,472,9
0.5,59,123,True,False,382,9
0.5,60,124,True,False,452,9
0.5,61,125,False,True,205,3
0.5,62,126,True,False,386,9
0.5,63,127,True,False,434,9
1.0,0,128,True,False,425,9
1.0,1,129,False,True,464,7
1.0,2,130,True,False,436,9
1.0,3,131,False,True,311,7
1.0,4,132,True,False,475,9
1.0,5,133,False,True,166,2
1.0,6,134,True,False,424,9
1.0,7,135,True,False,502,9
1.0,8,136,True,False,434,9
1.0,9,137,True,False,426,9
1.0,10,138,True,False,461,9
1.0,11,139,True,False,397,9
1.0,12,140,True,False,418,9
1.0,13,141,False,True,381,8
1.0,14,142,True,False,383,9
1.0,15,143,True,False,433,9
1.0,16,144,True,False,404,9
1.0,17,145,True,False,495,9
1.0,18,146,True,False,490,9
1.0,19,147,True,False,435,9
1.0,20,148,True,False,442,9
1.0,21,149,True,False,369,9
1.0,22,150,True,False,420,9
1.0,23,151,False,True,219,4
1.0,24,152,False,True,335,7
1.0,25,153,False,True,398,8
1.0,26,154,True,False,441,9
1.0,27,155,True,False,389,9
1.0,28,156,False,True,382,7
1.0,29,157,False,True,352,8
1.0,30,158,False,True,471,9
1.0,31,159,True,False,626,9
1.0,32,160,True,False,501,9
1.0,33,161,True,False,525,9
1.0,34,162,False,True,788,9
1.0,35,163,True,False,434,9
1.0,36,164,False,True,341,5
1.0,37,165,True,False,526,9
1.0,38,166,True,False,396,9
1.0,39,167,True,False,470,9
1.0,40,168,False,True,282,5
1.0,41,169,True,False,411,9
1.0,42,170,False,True,410,9
1.0,43,171,False,True,414,8
1.0,44,172,False,True,238,4
1.0,45,173,True,False,495,9
1.0,46,174,True,False,433,9
1.0,47,175,False,True,294,5
1.0,48,176,True,False,523,9
1.0,49,177,True,False,487,9
1.0,50,178,False,True,274,6
1.0,51,179,False,True,220,4
1.0,52,180,True,False,462,9
1.0,53,181,True,False,489,9
1.0,54,182,True,False,414,9
1.0,55,183,True,False,457,9
1.0,56,184,False,True,234,2
1.0,57,185,True,False,467,9
1.0,58,186,True,False,416,9
1.0,59,187,False,True,233,2
1.0,60,188,False,True,473,8
1.0,61,189,True,False,482,9
1.0,62,190,True,False,435,9
1.0,63,191,False,True,475,9
1.5,0,192,True,False,438,9
1.5,1,193,False,True,528,9
1.5,2,194,True,False,544,9
1.5,3,195,True,False,553,9
1.5,4,196,False,True,383,7
1.5,5,197,True,False,406,9
1.5,6,198,True,False,406,9
1.5,7,199,False,True,386,8
1.5,8,200,True,False,442,9
1.5,9,201,True,False,358,9
1.5,10,202,True,False,515,9
1.5,11,203,False,True,275,8
1.5,12,204,False,True,441,7
1.5,13,205,True,False,474,9
1.5,14,206,True,False,476,9
1.5,15,207,False,True,192,2
1.5,16,208,True,False,533,9
1.5,17,209,False,True,426,9
1.5,18,210,True,False,482,9
1.5,19,211,True,False,546,9
1.5,20,212,False,True,360,3
1.5,21,213,True,False,519,9
1.5,22,214,True,False,416,9
1.5,23,215,True,False,440,9
1.5,24,216,False,True,354,7
1.5,25,217,True,False,429,9
1.5,26,218,False,True,299,6
1.5,27,219,False,True,475,9
1.5,28,220,True,False,370,9
1.5,29,221,False,True,434,8
1.5,30,222,True,False,407,9
1.5,31,223,True,False,498,9
1.5,32,224,True,False,430,9
1.5,33,225,True,False,463,9
1.5,34,226,True,False,507,9
1.5,35,227,True,False,430,9
1.5,36,228,True,False,453,9
1.5,37,229,False,True,411,7
1.5,38,230,True,False,439,9
1.5,39,231,True,False,394,9
1.5,40,232,True,False,485,9
1.5,41,233,True,False,557,9
1.5,42,234,True,False,450,9
1.5,43,235,True,False,435,9
1.5,44,236,True,False,472,9
1.5,45,237,True,False,419,9
1.5,46,238,True,False,516,9
1.5,47,239,True,False,481,9
1.5,48,240,True,False,373,9
1.5,49,241,True,False,398,9
1.5,50,242,True,False,434,9
1.5,51,243,False,True,286,5
1.5,52,244,False,True,343,9
1.5,53,245,True,False,374,9
1.5,54,246,False,True,392,6
1.5,55,247,True,False,428,9
1.5,56,248,False,True,311,6
1.5,57,249,True,False,424,9
1.5,58,250,True,False,479,9
1.5,59,251,False,True,442,9
1.5,60,252,True,False,502,9
1.5,61,253,False,True,414,8
1.5,62,254,True,False,397,9
1.5,63,255,True,False,380,9
