domain,pair_index,evaluation_seed,environment_id,baseline_success,final_success,baseline_fell,final_fell,baseline_timed_out,final_timed_out,baseline_return,final_return,baseline_intervention_per_riser,final_intervention_per_riser
target,0,125000000,0,False,False,True,True,False,False,-1.96244478225708,-0.9387435913085938,0.8571429252624512,0.3333333432674408
target,1,125000000,1,True,False,False,True,False,False,10.479545593261719,-0.5734028816223145,0.6666666865348816,0.1111111119389534
target,2,125000000,2,True,True,False,False,False,False,9.227045059204102,9.602212905883789,0.1111111119389534,0.2222222238779068
target,3,125000000,3,True,True,False,False,False,False,10.220888137817383,10.798254013061523,0.3333333432674408,0.5555555820465088
target,4,125000000,4,True,True,False,False,False,False,9.663987159729004,9.792108535766602,0.4444444477558136,0.2222222238779068
target,5,125000000,5,False,True,True,False,False,False,-4.439273834228516,9.681228637695312,0.4444444477558136,0.0
target,6,125000000,6,True,True,False,False,False,False,10.478164672851562,10.838863372802734,0.1111111119389534,0.5555555820465088
target,7,125000000,7,True,True,False,False,False,False,11.8921480178833,11.56590461730957,1.1111111640930176,1.3333333730697632
target,8,125000000,8,False,True,True,False,False,False,1.6088228225708008,11.327714920043945,2.777777910232544,1.0
target,9,125000000,9,True,True,False,False,False,False,9.517892837524414,9.128536224365234,0.1111111119389534,0.2222222238779068
target,10,125000000,10,True,False,False,True,False,False,8.633896827697754,-2.2307047843933105,0.5555555820465088,0.1111111119389534
target,11,125000000,11,True,True,False,False,False,False,8.462013244628906,11.095634460449219,0.4444444477558136,0.6666666865348816
target,12,125000000,12,True,True,False,False,False,False,4.891866207122803,10.138509750366211,0.3333333432674408,0.4444444477558136
target,13,125000000,13,False,False,True,True,False,False,-0.19515085220336914,-2.601557731628418,2.8333334922790527,1.8000000715255737
target,14,125000000,14,True,False,False,True,False,False,9.846620559692383,-1.5308985710144043,0.3333333432674408,0.1111111119389534
target,15,125000000,15,False,False,True,True,False,False,-3.5546555519104004,-0.8956601619720459,7.0,1.571428656578064
target,16,125000000,16,True,True,False,False,False,False,10.979337692260742,10.79399299621582,0.2222222238779068,0.3333333432674408
target,17,125000000,17,True,False,False,True,False,False,11.180486679077148,-2.003117322921753,0.7777777910232544,0.6666666865348816
target,18,125000000,18,True,True,False,False,False,False,10.231982231140137,10.04196834564209,0.2222222238779068,0.5555555820465088
target,19,125000000,19,False,False,True,True,False,False,-1.6521410942077637,-2.8514130115509033,2.4000000953674316,2.8333334922790527
target,20,125000000,20,True,True,False,False,False,False,10.94426441192627,10.478506088256836,0.5555555820465088,0.6666666865348816
target,21,125000000,21,True,True,False,False,False,False,9.514873504638672,10.662263870239258,0.5555555820465088,0.6666666865348816
target,22,125000000,22,True,True,False,False,False,False,9.60333251953125,9.79112434387207,0.1111111119389534,0.7777777910232544
target,23,125000000,23,True,False,False,True,False,False,12.611709594726562,1.6845169067382812,1.6666666269302368,2.7142858505249023
target,24,125000000,24,True,True,False,False,False,False,10.909015655517578,10.57708740234375,0.2222222238779068,0.1111111119389534
target,25,125000000,25,True,True,False,False,False,False,12.56515884399414,11.063262939453125,1.7777777910232544,1.2222222089767456
target,26,125000000,26,True,False,False,True,False,False,9.1121826171875,-1.3653926849365234,0.4444444477558136,7.0
target,27,125000000,27,True,False,False,True,False,False,10.097818374633789,-0.17715692520141602,0.4444444477558136,0.5555555820465088
target,28,125000000,28,False,True,True,False,False,False,-0.6503138542175293,8.736331939697266,0.2222222238779068,0.3333333432674408
target,29,125000000,29,True,True,False,False,False,False,11.145163536071777,11.356698989868164,1.0,1.2222222089767456
target,30,125000000,30,True,True,False,False,False,False,9.513702392578125,9.309501647949219,1.2222222089767456,1.0
target,31,125000000,31,True,True,False,False,False,False,8.757823944091797,9.113470077514648,0.1111111119389534,0.3333333432674408
target,32,125000000,32,False,True,True,False,False,False,-0.6735210418701172,8.791823387145996,0.4444444477558136,0.7777777910232544
target,33,125000000,33,True,False,False,True,False,False,10.269033432006836,-3.5454635620117188,1.1111111640930176,1.875
target,34,125000000,34,True,True,False,False,False,False,10.346126556396484,10.028477668762207,0.3333333432674408,0.5555555820465088
target,35,125000000,35,True,True,False,False,False,False,10.782909393310547,10.182104110717773,0.1111111119389534,0.2222222238779068
target,36,125000000,36,True,True,False,False,False,False,9.769798278808594,9.921114921569824,0.3333333432674408,0.0
target,37,125000000,37,False,False,True,True,False,False,-0.6095976829528809,-2.575897693634033,0.0,1.25
target,38,125000000,38,False,True,True,False,False,False,-4.416590213775635,8.113860130310059,2.142857313156128,0.6666666865348816
target,39,125000000,39,True,True,False,False,False,False,9.411983489990234,9.496271133422852,0.2222222238779068,0.2222222238779068
target,40,125000000,40,True,True,False,False,False,False,10.087379455566406,12.323041915893555,0.8888888955116272,0.8888888955116272
target,41,125000000,41,False,False,True,True,False,False,0.9946870803833008,-1.570704698562622,3.0,3.6000001430511475
target,42,125000000,42,True,True,False,False,False,False,11.287402153015137,9.404318809509277,0.2222222238779068,0.2222222238779068
target,43,125000000,43,True,True,False,False,False,False,8.3255033493042,10.029280662536621,0.3333333432674408,0.0
target,44,125000000,44,True,False,False,True,False,False,11.349470138549805,0.48972129821777344,1.7777777910232544,1.4285714626312256
target,45,125000000,45,True,True,False,False,False,False,10.151851654052734,10.712227821350098,0.2222222238779068,0.1111111119389534
target,46,125000000,46,True,True,False,False,False,False,9.47806167602539,9.418722152709961,0.2222222238779068,0.1111111119389534
target,47,125000000,47,True,True,False,False,False,False,9.056022644042969,10.21197509765625,0.4444444477558136,0.3333333432674408
target,48,125000000,48,False,True,True,False,False,False,-2.1743130683898926,8.30676555633545,0.2222222238779068,0.2222222238779068
target,49,125000000,49,False,False,True,True,False,False,-0.6536309719085693,-0.3931417465209961,0.800000011920929,0.2222222238779068
target,50,125000000,50,False,False,True,True,False,False,-0.3246443271636963,-1.8967924118041992,0.0,1.875
target,51,125000000,51,False,True,True,False,False,False,0.6401739120483398,10.77761459350586,1.2000000476837158,0.3333333432674408
target,52,125000000,52,True,True,False,False,False,False,9.886702537536621,8.844118118286133,0.2222222238779068,0.2222222238779068
target,53,125000000,53,False,True,True,False,False,False,-3.2773232460021973,11.47244644165039,1.7777777910232544,1.6666666269302368
target,54,125000000,54,False,False,True,True,False,False,-1.724229335784912,-2.0237345695495605,2.799999952316284,0.5555555820465088
target,55,125000000,55,True,True,False,False,False,False,10.028493881225586,9.955415725708008,0.3333333432674408,0.3333333432674408
target,56,125000000,56,True,True,False,False,False,False,8.358983039855957,8.513975143432617,0.1111111119389534,0.0
target,57,125000000,57,True,True,False,False,False,False,9.30984115600586,10.861639022827148,1.1111111640930176,0.6666666865348816
target,58,125000000,58,False,False,True,True,False,False,-0.01746225357055664,-1.337660551071167,1.3333333730697632,3.222222328186035
target,59,125000000,59,False,False,True,True,False,False,-4.431465148925781,-5.365029811859131,2.1666667461395264,2.5
target,60,125000000,60,False,True,True,False,False,False,-2.7393152713775635,8.654125213623047,0.6666666865348816,0.2222222238779068
target,61,125000000,61,True,True,False,False,False,False,11.047618865966797,10.74512767791748,0.3333333432674408,0.2222222238779068
target,62,125000000,62,True,True,False,False,False,False,10.137361526489258,10.096586227416992,0.3333333432674408,0.5555555820465088
target,63,125000000,63,True,True,False,False,False,False,8.741092681884766,10.61903190612793,0.1111111119389534,0.5555555820465088
target,64,125000000,64,True,False,False,True,False,False,9.243818283081055,-5.283912181854248,0.1111111119389534,2.222222328186035
target,65,125000000,65,False,True,True,False,False,False,-0.11343812942504883,9.7938814163208,0.2222222238779068,0.7777777910232544
target,66,125000000,66,True,True,False,False,False,False,11.07166862487793,9.608543395996094,0.6666666865348816,0.7777777910232544
target,67,125000000,67,True,True,False,False,False,False,10.39007568359375,8.544393539428711,0.6666666865348816,0.1111111119389534
target,68,125000000,68,True,True,False,False,False,False,8.98155403137207,8.569381713867188,0.0,0.3333333432674408
target,69,125000000,69,False,True,True,False,False,False,0.7110686302185059,10.475305557250977,1.4444444179534912,1.1111111640930176
target,70,125000000,70,True,True,False,False,False,False,9.481295585632324,8.408113479614258,0.1111111119389534,0.3333333432674408
target,71,125000000,71,True,True,False,False,False,False,8.580702781677246,9.457347869873047,0.3333333432674408,0.5555555820465088
target,72,125000000,72,False,True,True,False,False,False,-0.8543367385864258,9.435288429260254,1.571428656578064,0.3333333432674408
target,73,125000000,73,True,True,False,False,False,False,9.621244430541992,9.208189010620117,0.5555555820465088,0.3333333432674408
target,74,125000000,74,True,True,False,False,False,False,9.756834030151367,10.750507354736328,0.2222222238779068,0.7777777910232544
target,75,125000000,75,True,True,False,False,False,False,11.592507362365723,10.323247909545898,0.8888888955116272,0.3333333432674408
target,76,125000000,76,False,False,True,True,False,False,-0.504866361618042,-2.3535494804382324,1.1111111640930176,3.142857313156128
target,77,125000000,77,False,True,True,False,False,False,-2.9456074237823486,9.39511489868164,0.5555555820465088,0.0
target,78,125000000,78,True,True,False,False,False,False,10.843730926513672,10.774187088012695,0.7777777910232544,1.0
target,79,125000000,79,True,False,False,True,False,False,7.552335262298584,-0.8519837856292725,0.1111111119389534,1.0
target,80,125000000,80,False,False,True,True,False,False,-4.024436950683594,-2.3368477821350098,4.0,1.0
target,81,125000000,81,True,True,False,False,False,False,8.15855598449707,9.0828218460083,0.0,0.4444444477558136
target,82,125000000,82,True,False,False,True,False,False,11.107376098632812,0.17933988571166992,0.3333333432674408,0.4444444477558136
target,83,125000000,83,False,False,True,True,False,False,-2.5392141342163086,-6.018918514251709,0.1111111119389534,2.2857143878936768
target,84,125000000,84,True,True,False,False,False,False,10.402162551879883,10.019275665283203,0.7777777910232544,1.0
target,85,125000000,85,False,True,True,False,False,False,-0.5348014831542969,8.613697052001953,1.0,0.5555555820465088
target,86,125000000,86,False,True,True,False,False,False,-0.5373411178588867,10.545294761657715,2.0,1.1111111640930176
target,87,125000000,87,False,False,True,True,False,False,-5.572630882263184,-1.9130876064300537,3.5,0.1111111119389534
target,88,125000000,88,True,False,False,True,False,False,9.66996955871582,0.012120246887207031,0.4444444477558136,0.4444444477558136
target,89,125000000,89,False,False,True,True,False,False,-0.8802733421325684,-1.8827407360076904,0.5555555820465088,1.2222222089767456
target,90,125000000,90,True,True,False,False,False,False,11.22866439819336,10.053421974182129,0.2222222238779068,0.0
target,91,125000000,91,False,True,True,False,False,False,-1.3550658226013184,10.27993106842041,0.4444444477558136,0.1111111119389534
target,92,125000000,92,False,True,True,False,False,False,-1.195042371749878,9.733155250549316,0.6666666865348816,0.6666666865348816
target,93,125000000,93,True,True,False,False,False,False,10.361064910888672,10.391186714172363,0.0,0.1111111119389534
target,94,125000000,94,True,True,False,False,False,False,9.721549987792969,10.221450805664062,0.1111111119389534,1.1111111640930176
target,95,125000000,95,True,True,False,False,False,False,8.637048721313477,10.151885986328125,0.2222222238779068,1.1111111640930176
target,96,125000000,96,True,True,False,False,False,False,10.178390502929688,10.050045013427734,0.1111111119389534,0.1111111119389534
target,97,125000000,97,True,False,False,True,False,False,10.937509536743164,-2.0952210426330566,0.3333333432674408,2.0
target,98,125000000,98,True,True,False,False,False,False,9.598764419555664,10.450300216674805,0.1111111119389534,0.1111111119389534
target,99,125000000,99,False,True,True,False,False,False,-0.9613370895385742,8.70297622680664,0.3333333432674408,0.4444444477558136
target,100,125000000,100,True,True,False,False,False,False,10.64171314239502,8.98307991027832,0.3333333432674408,0.1111111119389534
target,101,125000000,101,True,False,False,True,False,False,9.355239868164062,-0.46691060066223145,1.7777777910232544,0.7777777910232544
target,102,125000000,102,True,False,False,True,False,False,11.74921989440918,0.0595850944519043,1.3333333730697632,1.75
target,103,125000000,103,True,True,False,False,False,False,11.157816886901855,11.538148880004883,0.3333333432674408,0.7777777910232544
target,104,125000000,104,False,False,True,True,False,False,-1.0080151557922363,-3.277594566345215,1.5,2.8333334922790527
target,105,125000000,105,True,True,False,False,False,False,9.161352157592773,12.73725414276123,0.8888888955116272,1.7777777910232544
target,106,125000000,106,False,True,True,False,False,False,-3.0122439861297607,12.636428833007812,2.375,1.5555555820465088
target,107,125000000,107,True,True,False,False,False,False,9.193690299987793,11.148752212524414,0.6666666865348816,0.7777777910232544
target,108,125000000,108,False,False,True,True,False,False,0.35693836212158203,-1.6768622398376465,2.375,3.0
target,109,125000000,109,True,False,False,True,False,False,10.069135665893555,-1.2965939044952393,0.5555555820465088,2.375
target,110,125000000,110,False,True,True,False,False,False,-0.6741290092468262,10.402219772338867,0.3333333432674408,0.3333333432674408
target,111,125000000,111,True,True,False,False,False,False,10.43756103515625,10.798497200012207,0.5555555820465088,1.4444444179534912
target,112,125000000,112,True,True,False,False,False,False,10.731365203857422,9.996026992797852,0.6666666865348816,1.3333333730697632
target,113,125000000,113,True,True,False,False,False,False,8.261346817016602,7.873102188110352,0.1111111119389534,0.2222222238779068
target,114,125000000,114,True,False,False,True,False,False,10.062860488891602,-0.6825478076934814,0.4444444477558136,0.6666666865348816
target,115,125000000,115,True,True,False,False,False,False,8.640820503234863,9.716705322265625,0.1111111119389534,0.0
target,116,125000000,116,True,True,False,False,False,False,9.080995559692383,9.241024017333984,0.2222222238779068,0.4444444477558136
target,117,125000000,117,True,True,False,False,False,False,9.579057693481445,9.41180419921875,0.6666666865348816,0.4444444477558136
target,118,125000000,118,False,True,True,False,False,False,-0.33732056617736816,11.082355499267578,0.8333333730697632,0.2222222238779068
target,119,125000000,119,True,True,False,False,False,False,9.951020240783691,9.610243797302246,0.4444444477558136,0.2222222238779068
target,120,125000000,120,True,False,False,True,False,False,10.90194320678711,-0.4355928897857666,0.6666666865348816,0.8888888955116272
target,121,125000000,121,True,True,False,False,False,False,10.966476440429688,10.732467651367188,1.2222222089767456,1.3333333730697632
target,122,125000000,122,True,True,False,False,False,False,10.095053672790527,11.005248069763184,0.0,0.4444444477558136
target,123,125000000,123,True,True,False,False,False,False,8.87302017211914,9.2685546875,0.6666666865348816,0.3333333432674408
target,124,125000000,124,True,True,False,False,False,False,10.52944278717041,10.541498184204102,0.1111111119389534,0.2222222238779068
target,125,125000000,125,True,True,False,False,False,False,8.450857162475586,10.966462135314941,0.1111111119389534,0.2222222238779068
target,126,125000000,126,True,False,False,True,False,False,10.00026798248291,-1.031508445739746,0.8888888955116272,0.8888888955116272
target,127,125000000,127,True,True,False,False,False,False,11.329620361328125,11.737968444824219,0.7777777910232544,0.5555555820465088
target,128,125000001,0,True,True,False,False,False,False,9.961835861206055,10.093802452087402,0.1111111119389534,0.2222222238779068
target,129,125000001,1,True,True,False,False,False,False,8.526729583740234,10.074066162109375,0.4444444477558136,0.6666666865348816
target,130,125000001,2,True,True,False,False,False,False,10.06147289276123,9.823104858398438,0.7777777910232544,1.0
target,131,125000001,3,True,False,False,True,False,False,9.987730979919434,-2.824087142944336,0.1111111119389534,1.7777777910232544
target,132,125000001,4,True,True,False,False,False,False,11.365776062011719,9.567951202392578,0.6666666865348816,0.2222222238779068
target,133,125000001,5,True,True,False,False,False,False,9.62198257446289,9.87747859954834,0.2222222238779068,0.3333333432674408
target,134,125000001,6,False,False,True,True,False,False,-3.989309787750244,-1.8428075313568115,2.142857313156128,0.7777777910232544
target,135,125000001,7,True,True,False,False,False,False,11.806453704833984,11.099567413330078,1.2222222089767456,0.7777777910232544
target,136,125000001,8,True,True,False,False,False,False,11.717777252197266,10.803827285766602,0.5555555820465088,0.2222222238779068
target,137,125000001,9,True,False,False,True,False,False,9.838138580322266,-1.8661370277404785,0.6666666865348816,0.4444444477558136
target,138,125000001,10,False,True,True,False,False,False,-0.5433440208435059,11.053322792053223,0.0,0.6666666865348816
target,139,125000001,11,True,True,False,False,False,False,9.444467544555664,10.482885360717773,0.2222222238779068,0.2222222238779068
target,140,125000001,12,False,True,True,False,False,False,-1.9479336738586426,10.323256492614746,1.888888955116272,0.1111111119389534
target,141,125000001,13,False,True,True,False,False,False,-0.21948599815368652,8.635970115661621,0.2222222238779068,0.1111111119389534
target,142,125000001,14,True,False,False,True,False,False,9.355941772460938,0.2396073341369629,0.0,0.4444444477558136
target,143,125000001,15,True,True,False,False,False,False,11.961036682128906,12.192733764648438,1.0,1.7777777910232544
target,144,125000001,16,True,True,False,False,False,False,12.324954986572266,12.769306182861328,1.0,2.1111111640930176
target,145,125000001,17,True,False,False,True,False,False,8.787540435791016,-2.616258144378662,1.2222222089767456,3.7142858505249023
target,146,125000001,18,True,True,False,False,False,False,11.811323165893555,11.75551986694336,1.0,1.1111111640930176
target,147,125000001,19,True,True,False,False,False,False,10.79603385925293,8.795634269714355,0.4444444477558136,0.3333333432674408
target,148,125000001,20,True,True,False,False,False,False,9.480656623840332,11.33751106262207,0.7777777910232544,1.1111111640930176
target,149,125000001,21,True,True,False,False,False,False,10.149230003356934,7.9822893142700195,0.4444444477558136,0.1111111119389534
target,150,125000001,22,False,True,True,False,False,False,-0.7273728847503662,8.741665840148926,0.5555555820465088,0.3333333432674408
target,151,125000001,23,True,True,False,False,False,False,10.382966995239258,10.174694061279297,0.6666666865348816,0.4444444477558136
target,152,125000001,24,True,True,False,False,False,False,10.428291320800781,11.844554901123047,1.2222222089767456,1.3333333730697632
target,153,125000001,25,True,False,False,True,False,False,12.198043823242188,-1.1887197494506836,1.6666666269302368,4.6666669845581055
target,154,125000001,26,True,True,False,False,False,False,9.194600105285645,10.090225219726562,0.6666666865348816,0.2222222238779068
target,155,125000001,27,True,False,False,True,False,False,10.244680404663086,3.080418586730957,0.3333333432674408,1.1111111640930176
target,156,125000001,28,True,False,False,True,False,False,8.327141761779785,-4.81627893447876,0.2222222238779068,2.2857143878936768
target,157,125000001,29,True,True,False,False,False,False,12.16282844543457,12.224913597106934,1.5555555820465088,1.2222222089767456
target,158,125000001,30,False,True,True,False,False,False,-11.453996658325195,8.71102523803711,9.800000190734863,0.1111111119389534
target,159,125000001,31,True,True,False,False,False,False,11.880270004272461,8.928154945373535,0.4444444477558136,0.1111111119389534
target,160,125000001,32,True,False,False,True,False,False,11.660205841064453,0.0562443733215332,0.6666666865348816,1.0
target,161,125000001,33,True,True,False,False,False,False,8.996664047241211,8.772319793701172,0.2222222238779068,0.6666666865348816
target,162,125000001,34,False,True,True,False,False,False,-1.4146904945373535,11.386594772338867,1.75,0.3333333432674408
target,163,125000001,35,True,True,False,False,False,False,10.514839172363281,11.251300811767578,0.8888888955116272,1.3333333730697632
target,164,125000001,36,True,True,False,False,False,False,9.923654556274414,9.362667083740234,1.1111111640930176,1.4444444179534912
target,165,125000001,37,True,True,False,False,False,False,11.345100402832031,12.087480545043945,0.8888888955116272,1.0
target,166,125000001,38,False,False,True,True,False,False,-0.8047752380371094,-0.6112079620361328,2.0,0.5555555820465088
target,167,125000001,39,False,True,True,False,False,False,-4.852720737457275,10.464170455932617,7.5,0.4444444477558136
target,168,125000001,40,True,True,False,False,False,False,9.599237442016602,10.95869255065918,0.7777777910232544,0.6666666865348816
target,169,125000001,41,True,True,False,False,False,False,9.394637107849121,8.751335144042969,0.1111111119389534,0.2222222238779068
target,170,125000001,42,True,False,False,True,False,False,11.185279846191406,-18.1270751953125,0.2222222238779068,27.75
target,171,125000001,43,True,True,False,False,False,False,8.806625366210938,8.491108894348145,0.1111111119389534,0.5555555820465088
target,172,125000001,44,True,False,False,True,False,False,9.918052673339844,-2.9765281677246094,0.3333333432674408,0.3333333432674408
target,173,125000001,45,False,False,True,True,False,False,0.056514739990234375,-7.276665687561035,0.8571429252624512,2.25
target,174,125000001,46,True,False,False,True,False,False,9.846979141235352,-2.2502007484436035,0.2222222238779068,0.5555555820465088
target,175,125000001,47,True,True,False,False,False,False,9.2100830078125,9.470686912536621,0.3333333432674408,0.4444444477558136
target,176,125000001,48,False,False,True,True,False,False,-2.565675735473633,-5.588088512420654,2.7142858505249023,3.25
target,177,125000001,49,False,True,True,False,False,False,-2.245574712753296,8.97468090057373,0.8333333730697632,0.7777777910232544
target,178,125000001,50,False,True,True,False,False,False,-1.4114654064178467,8.202430725097656,1.0,0.4444444477558136
target,179,125000001,51,True,False,False,True,False,False,10.582304000854492,-2.750805139541626,0.3333333432674408,5.1666669845581055
target,180,125000001,52,False,False,True,True,False,False,-2.9907846450805664,1.0236310958862305,2.142857313156128,1.1666667461395264
target,181,125000001,53,True,True,False,False,False,False,10.802690505981445,7.561178207397461,0.2222222238779068,0.0
target,182,125000001,54,True,True,False,False,False,False,9.603132247924805,11.77454948425293,0.6666666865348816,2.555555582046509
target,183,125000001,55,True,True,False,False,False,False,6.506811618804932,9.172686576843262,0.4444444477558136,0.5555555820465088
target,184,125000001,56,True,True,False,False,False,False,10.183387756347656,8.792736053466797,0.0,0.0
target,185,125000001,57,False,False,True,True,False,False,-0.7745857238769531,-10.518806457519531,1.2222222089767456,0.4444444477558136
target,186,125000001,58,False,True,True,False,False,False,-0.15659475326538086,11.573179244995117,1.0,0.5555555820465088
target,187,125000001,59,False,True,True,False,False,False,-5.126904010772705,8.521220207214355,2.142857313156128,0.1111111119389534
target,188,125000001,60,True,True,False,False,False,False,11.805815696716309,11.579145431518555,1.2222222089767456,1.4444444179534912
target,189,125000001,61,True,False,False,True,False,False,9.51209831237793,-2.041869878768921,0.1111111119389534,1.7142858505249023
target,190,125000001,62,True,True,False,False,False,False,10.813995361328125,12.047042846679688,0.7777777910232544,1.1111111640930176
target,191,125000001,63,True,True,False,False,False,False,10.336904525756836,10.171646118164062,0.8888888955116272,0.5555555820465088
target,192,125000001,64,False,True,True,False,False,False,-1.5877776145935059,10.162721633911133,2.200000047683716,0.1111111119389534
target,193,125000001,65,True,True,False,False,False,False,10.733125686645508,10.004350662231445,0.3333333432674408,0.4444444477558136
target,194,125000001,66,True,True,False,False,False,False,9.330799102783203,10.312829971313477,0.0,0.3333333432674408
target,195,125000001,67,True,True,False,False,False,False,10.108682632446289,7.508257865905762,0.4444444477558136,0.3333333432674408
target,196,125000001,68,True,True,False,False,False,False,10.327601432800293,9.59756851196289,0.2222222238779068,1.1111111640930176
target,197,125000001,69,True,True,False,False,False,False,9.272071838378906,8.606691360473633,0.2222222238779068,0.1111111119389534
target,198,125000001,70,False,True,True,False,False,False,-1.7595860958099365,9.297012329101562,2.8333334922790527,0.1111111119389534
target,199,125000001,71,True,False,False,True,False,False,11.024580001831055,-3.2527427673339844,0.6666666865348816,1.8000000715255737
target,200,125000001,72,False,True,True,False,False,False,-0.4007072448730469,11.755178451538086,4.5,0.7777777910232544
target,201,125000001,73,True,True,False,False,False,False,10.10472297668457,11.377768516540527,0.4444444477558136,0.5555555820465088
target,202,125000001,74,True,True,False,False,False,False,12.22061824798584,12.259154319763184,1.3333333730697632,0.4444444477558136
target,203,125000001,75,True,False,False,True,False,False,9.111309051513672,-1.608464241027832,0.1111111119389534,2.0
target,204,125000001,76,True,True,False,False,False,False,9.274459838867188,10.486186981201172,0.5555555820465088,0.3333333432674408
target,205,125000001,77,False,False,True,True,False,False,-0.8686802387237549,-1.2091915607452393,2.125,0.5714285969734192
target,206,125000001,78,True,True,False,False,False,False,9.186910629272461,11.23183822631836,0.8888888955116272,0.4444444477558136
target,207,125000001,79,True,True,False,False,False,False,8.419817924499512,10.877090454101562,0.1111111119389534,0.0
target,208,125000001,80,False,True,True,False,False,False,0.5018200874328613,10.562719345092773,1.3333333730697632,0.3333333432674408
target,209,125000001,81,False,True,True,False,False,False,-2.2366650104522705,9.435544967651367,2.75,0.1111111119389534
target,210,125000001,82,True,False,False,True,False,False,9.426652908325195,-0.17388081550598145,0.7777777910232544,0.5555555820465088
target,211,125000001,83,True,True,False,False,False,False,10.129072189331055,10.006305694580078,0.2222222238779068,0.1111111119389534
target,212,125000001,84,True,True,False,False,False,False,10.428821563720703,9.83349323272705,0.6666666865348816,0.1111111119389534
target,213,125000001,85,True,False,False,True,False,False,10.437311172485352,-8.184852600097656,0.0,2.444444417953491
target,214,125000001,86,True,False,False,True,False,False,9.685121536254883,-0.8421902656555176,0.3333333432674408,0.1111111119389534
target,215,125000001,87,True,True,False,False,False,False,9.212471008300781,8.907025337219238,0.4444444477558136,0.0
target,216,125000001,88,True,True,False,False,False,False,9.438068389892578,8.379837036132812,0.1111111119389534,0.1111111119389534
target,217,125000001,89,False,True,True,False,False,False,-1.269038438796997,10.438124656677246,0.2222222238779068,0.4444444477558136
target,218,125000001,90,True,True,False,False,False,False,10.895364761352539,11.52387809753418,0.8888888955116272,0.8888888955116272
target,219,125000001,91,True,True,False,False,False,False,11.319851875305176,10.911468505859375,0.3333333432674408,0.3333333432674408
target,220,125000001,92,False,True,True,False,False,False,-0.7153482437133789,8.197471618652344,0.3333333432674408,0.1111111119389534
target,221,125000001,93,True,False,False,True,False,False,10.908846855163574,0.292543888092041,1.2222222089767456,2.1111111640930176
target,222,125000001,94,True,True,False,False,False,False,9.92372989654541,11.98145866394043,1.3333333730697632,0.8888888955116272
target,223,125000001,95,True,True,False,False,False,False,9.451494216918945,10.33277416229248,0.4444444477558136,0.0
target,224,125000001,96,False,False,True,True,False,False,-0.4681813716888428,0.24023056030273438,3.7142858505249023,0.8888888955116272
target,225,125000001,97,False,False,True,True,False,False,-0.9304409027099609,1.2851176261901855,1.571428656578064,0.8888888955116272
target,226,125000001,98,False,False,True,True,False,False,-2.106171131134033,0.16689395904541016,5.0,5.333333492279053
target,227,125000001,99,True,True,False,False,False,False,8.198433876037598,11.430925369262695,2.222222328186035,0.6666666865348816
target,228,125000001,100,False,True,True,False,False,False,-0.40557408332824707,10.850805282592773,2.1111111640930176,0.2222222238779068
target,229,125000001,101,True,True,False,False,False,False,7.827801704406738,10.791553497314453,0.3333333432674408,1.0
target,230,125000001,102,True,True,False,False,False,False,10.401679992675781,9.394695281982422,0.1111111119389534,0.5555555820465088
target,231,125000001,103,True,True,False,False,False,False,9.70335578918457,9.550592422485352,0.2222222238779068,0.3333333432674408
target,232,125000001,104,True,False,False,True,False,False,8.684823989868164,0.6895170211791992,0.0,1.3333333730697632
target,233,125000001,105,False,False,True,True,False,False,-0.8030872344970703,-1.4997670650482178,1.1111111640930176,2.857142925262451
target,234,125000001,106,False,True,True,False,False,False,-2.3376636505126953,9.47297477722168,1.0,0.0
target,235,125000001,107,True,True,False,False,False,False,8.409463882446289,9.009636878967285,0.2222222238779068,0.2222222238779068
target,236,125000001,108,True,True,False,False,False,False,10.852178573608398,11.363417625427246,1.5555555820465088,1.0
target,237,125000001,109,False,False,True,True,False,False,-0.9732084274291992,-0.12051820755004883,0.5555555820465088,0.8888888955116272
target,238,125000001,110,False,True,True,False,False,False,0.6386218070983887,11.122965812683105,1.3333333730697632,0.8888888955116272
target,239,125000001,111,False,False,True,True,False,False,-2.4595794677734375,-0.3057370185852051,1.3333333730697632,1.1428571939468384
target,240,125000001,112,True,True,False,False,False,False,8.370962142944336,9.363178253173828,0.2222222238779068,0.0
target,241,125000001,113,True,True,False,False,False,False,9.95162582397461,10.981828689575195,1.3333333730697632,1.1111111640930176
target,242,125000001,114,True,True,False,False,False,False,9.635026931762695,11.049732208251953,0.1111111119389534,0.4444444477558136
target,243,125000001,115,True,True,False,False,False,False,12.015727996826172,7.228572845458984,1.3333333730697632,0.7777777910232544
target,244,125000001,116,True,False,False,True,False,False,10.238473892211914,-1.0218424797058105,0.1111111119389534,1.6666666269302368
target,245,125000001,117,True,True,False,False,False,False,10.104375839233398,9.476655960083008,0.2222222238779068,0.2222222238779068
target,246,125000001,118,True,True,False,False,False,False,9.996487617492676,8.66490364074707,0.1111111119389534,0.1111111119389534
target,247,125000001,119,True,False,False,True,False,False,12.989391326904297,0.008125782012939453,1.1111111640930176,3.857142925262451
target,248,125000001,120,True,True,False,False,False,False,11.431449890136719,11.226705551147461,1.3333333730697632,1.2222222089767456
target,249,125000001,121,True,True,False,False,False,False,8.735710144042969,8.01223087310791,0.2222222238779068,0.0
target,250,125000001,122,True,True,False,False,False,False,9.655734062194824,9.84292221069336,0.1111111119389534,0.1111111119389534
target,251,125000001,123,True,False,False,True,False,False,10.038549423217773,-1.2982468605041504,0.1111111119389534,2.25
target,252,125000001,124,True,True,False,False,False,False,10.25512981414795,9.578741073608398,0.4444444477558136,0.4444444477558136
target,253,125000001,125,False,True,True,False,False,False,0.5265073776245117,11.046137809753418,0.7142857313156128,0.4444444477558136
target,254,125000001,126,True,False,False,True,False,False,10.356371879577637,-0.14223647117614746,1.1111111640930176,0.7777777910232544
target,255,125000001,127,True,False,False,True,False,False,11.331106185913086,-5.940807342529297,0.6666666865348816,2.555555582046509
target,256,125000002,0,True,False,False,True,False,False,10.886887550354004,-1.7792181968688965,0.1111111119389534,1.3333333730697632
target,257,125000002,1,True,True,False,False,False,False,11.791357040405273,9.834936141967773,0.3333333432674408,0.6666666865348816
target,258,125000002,2,True,True,False,False,False,False,9.714635848999023,10.753061294555664,0.3333333432674408,0.4444444477558136
target,259,125000002,3,True,True,False,False,False,False,8.604281425476074,9.838088989257812,0.0,0.4444444477558136
target,260,125000002,4,True,False,False,True,False,False,8.999954223632812,-2.618631601333618,0.1111111119389534,0.5
target,261,125000002,5,True,False,False,True,False,False,9.619474411010742,-0.33170437812805176,0.2222222238779068,2.3333332538604736
target,262,125000002,6,False,True,True,False,False,False,-2.4386446475982666,10.528998374938965,2.6666667461395264,1.0
target,263,125000002,7,True,True,False,False,False,False,10.441140174865723,11.002908706665039,0.8888888955116272,1.3333333730697632
target,264,125000002,8,True,False,False,True,False,False,10.219611167907715,0.17725563049316406,0.5555555820465088,0.6666666865348816
target,265,125000002,9,True,False,False,True,False,False,9.47429370880127,-3.799740791320801,0.2222222238779068,2.857142925262451
target,266,125000002,10,True,True,False,False,False,False,11.997537612915039,11.587686538696289,0.6666666865348816,1.2222222089767456
target,267,125000002,11,True,True,False,False,False,False,9.658697128295898,10.852087020874023,0.3333333432674408,0.6666666865348816
target,268,125000002,12,True,True,False,False,False,False,10.361459732055664,7.946743965148926,0.2222222238779068,0.4444444477558136
target,269,125000002,13,True,True,False,False,False,False,11.980780601501465,11.789912223815918,0.4444444477558136,1.3333333730697632
target,270,125000002,14,False,True,True,False,False,False,-4.181656360626221,10.613374710083008,3.5,0.5555555820465088
target,271,125000002,15,False,True,True,False,False,False,-0.0487818717956543,9.791961669921875,1.3333333730697632,0.2222222238779068
target,272,125000002,16,False,False,True,True,False,False,-8.931377410888672,-2.9687585830688477,8.333333969116211,4.1666669845581055
target,273,125000002,17,True,True,False,False,False,False,11.159024238586426,12.427589416503906,0.6666666865348816,1.3333333730697632
target,274,125000002,18,True,False,False,True,False,False,11.228620529174805,-2.1379830837249756,0.3333333432674408,0.3333333432674408
target,275,125000002,19,False,True,True,False,False,False,-5.014981269836426,9.136860847473145,5.0,1.6666666269302368
target,276,125000002,20,False,False,True,True,False,False,-7.02787971496582,0.240142822265625,2.1111111640930176,0.1111111119389534
target,277,125000002,21,True,True,False,False,False,False,11.422494888305664,11.064210891723633,1.3333333730697632,1.4444444179534912
target,278,125000002,22,True,False,False,True,False,False,11.024518966674805,-1.3821241855621338,0.6666666865348816,1.3333333730697632
target,279,125000002,23,True,True,False,False,False,False,10.562329292297363,10.803927421569824,1.0,1.1111111640930176
target,280,125000002,24,True,True,False,False,False,False,3.660637140274048,10.010948181152344,2.1111111640930176,0.0
target,281,125000002,25,True,True,False,False,False,False,10.464200973510742,10.613018035888672,1.0,1.0
target,282,125000002,26,False,False,True,True,False,False,-1.4338788986206055,-0.039591312408447266,0.800000011920929,0.5714285969734192
target,283,125000002,27,False,False,True,True,False,False,0.21942520141601562,-0.26102161407470703,0.6666666865348816,2.444444417953491
target,284,125000002,28,True,True,False,False,False,False,9.943962097167969,9.03591537475586,0.1111111119389534,0.0
target,285,125000002,29,False,False,True,True,False,False,-2.4278173446655273,-1.511780023574829,4.800000190734863,1.8571429252624512
target,286,125000002,30,True,True,False,False,False,False,10.134422302246094,10.317411422729492,0.2222222238779068,0.5555555820465088
target,287,125000002,31,True,True,False,False,False,False,8.895845413208008,9.681498527526855,0.1111111119389534,0.2222222238779068
target,288,125000002,32,True,True,False,False,False,False,10.286175727844238,10.58331298828125,0.4444444477558136,0.4444444477558136
target,289,125000002,33,True,True,False,False,False,False,11.29157543182373,10.497333526611328,0.4444444477558136,0.6666666865348816
target,290,125000002,34,True,True,False,False,False,False,8.72382926940918,10.601734161376953,0.1111111119389534,0.1111111119389534
target,291,125000002,35,True,True,False,False,False,False,9.436060905456543,9.656830787658691,0.1111111119389534,0.1111111119389534
target,292,125000002,36,True,True,False,False,False,False,11.653164863586426,12.739265441894531,0.5555555820465088,0.8888888955116272
target,293,125000002,37,False,True,True,False,False,False,-3.3526573181152344,10.072395324707031,1.2857143878936768,0.2222222238779068
target,294,125000002,38,False,True,True,False,False,False,-2.3459577560424805,11.761656761169434,4.25,1.3333333730697632
target,295,125000002,39,True,False,False,True,False,False,11.638452529907227,-1.3760986328125,1.1111111640930176,2.1111111640930176
target,296,125000002,40,True,False,False,True,False,False,10.726019859313965,0.31528186798095703,0.2222222238779068,0.3333333432674408
target,297,125000002,41,True,True,False,False,False,False,10.683979034423828,10.082653045654297,0.8888888955116272,0.7777777910232544
target,298,125000002,42,True,False,False,True,False,False,9.631973266601562,-1.1625797748565674,0.5555555820465088,0.4444444477558136
target,299,125000002,43,False,True,True,False,False,False,-1.1552445888519287,5.053569793701172,3.0,3.1111111640930176
target,300,125000002,44,True,True,False,False,False,False,8.698447227478027,10.895265579223633,0.0,0.5555555820465088
target,301,125000002,45,True,True,False,False,False,False,10.578737258911133,9.99990463256836,0.8888888955116272,1.3333333730697632
target,302,125000002,46,True,False,False,True,False,False,9.818647384643555,1.3989081382751465,0.4444444477558136,2.625
target,303,125000002,47,True,True,False,False,False,False,9.534521102905273,8.688972473144531,0.2222222238779068,0.2222222238779068
target,304,125000002,48,False,False,True,True,False,False,-3.870418071746826,-4.192278861999512,1.5,4.75
target,305,125000002,49,False,False,True,True,False,False,-1.9182345867156982,-0.1605973243713379,1.0,0.3333333432674408
target,306,125000002,50,True,True,False,False,False,False,9.005250930786133,7.393441677093506,0.0,0.3333333432674408
target,307,125000002,51,False,False,True,True,False,False,-1.484994649887085,-2.3228862285614014,1.3333333730697632,1.625
target,308,125000002,52,True,True,False,False,False,False,9.547375679016113,10.264791488647461,0.0,0.3333333432674408
target,309,125000002,53,True,False,False,True,False,False,8.971799850463867,-0.7906112670898438,0.8888888955116272,0.0
target,310,125000002,54,False,True,True,False,False,False,-0.2916245460510254,11.095124244689941,3.1666667461395264,2.555555582046509
target,311,125000002,55,False,True,True,False,False,False,-3.183565378189087,8.563314437866211,0.8888888955116272,0.0
target,312,125000002,56,False,True,True,False,False,False,-5.0521559715271,10.229153633117676,1.25,0.5555555820465088
target,313,125000002,57,True,True,False,False,False,False,9.594350814819336,4.997929573059082,0.1111111119389534,2.1111111640930176
target,314,125000002,58,True,False,False,True,False,False,11.78615951538086,-0.16192936897277832,0.7777777910232544,0.6666666865348816
target,315,125000002,59,True,False,False,True,False,False,11.140937805175781,-0.07133245468139648,0.6666666865348816,1.625
target,316,125000002,60,True,False,False,True,False,False,8.617679595947266,-1.6338183879852295,0.1111111119389534,0.2222222238779068
target,317,125000002,61,False,True,True,False,False,False,-0.4360837936401367,9.489450454711914,0.2222222238779068,0.1111111119389534
target,318,125000002,62,True,True,False,False,False,False,9.435321807861328,8.476341247558594,0.1111111119389534,0.6666666865348816
target,319,125000002,63,True,True,False,False,False,False,8.646687507629395,9.037338256835938,0.0,0.0
target,320,125000002,64,False,True,True,False,False,False,-0.6392631530761719,10.84389877319336,2.142857313156128,0.7777777910232544
target,321,125000002,65,False,False,True,True,False,False,0.3555479049682617,-1.1664118766784668,0.2222222238779068,0.1111111119389534
target,322,125000002,66,False,False,True,True,False,False,-2.473402261734009,-8.977415084838867,1.0,2.5
target,323,125000002,67,True,True,False,False,False,False,11.045753479003906,10.581232070922852,0.5555555820465088,0.2222222238779068
target,324,125000002,68,True,True,False,False,False,False,12.418408393859863,12.47959041595459,1.6666666269302368,1.2222222089767456
target,325,125000002,69,True,False,False,True,False,False,9.521957397460938,-0.769038200378418,0.2222222238779068,1.625
target,326,125000002,70,True,True,False,False,False,False,8.73956298828125,9.928364753723145,0.2222222238779068,0.4444444477558136
target,327,125000002,71,True,True,False,False,False,False,12.24141788482666,10.00008773803711,1.5555555820465088,1.7777777910232544
target,328,125000002,72,False,True,True,False,False,False,-0.8115954399108887,8.249837875366211,2.6666667461395264,0.6666666865348816
target,329,125000002,73,True,True,False,False,False,False,10.30038833618164,9.176403045654297,0.1111111119389534,0.4444444477558136
target,330,125000002,74,True,False,False,True,False,False,9.266894340515137,1.105386734008789,0.7777777910232544,3.142857313156128
target,331,125000002,75,True,True,False,False,False,False,10.864558219909668,10.595932006835938,0.6666666865348816,0.5555555820465088
target,332,125000002,76,True,True,False,False,False,False,10.287670135498047,8.916559219360352,0.3333333432674408,0.3333333432674408
target,333,125000002,77,True,True,False,False,False,False,9.215787887573242,10.66920280456543,0.6666666865348816,0.8888888955116272
target,334,125000002,78,True,True,False,False,False,False,11.346918106079102,10.19487476348877,0.3333333432674408,0.5555555820465088
target,335,125000002,79,True,True,False,False,False,False,9.861589431762695,12.372369766235352,0.7777777910232544,2.222222328186035
target,336,125000002,80,False,True,True,False,False,False,-1.0548202991485596,13.593692779541016,1.4444444179534912,1.888888955116272
target,337,125000002,81,True,True,False,False,False,False,10.006328582763672,10.305501937866211,0.1111111119389534,0.3333333432674408
target,338,125000002,82,True,True,False,False,False,False,8.68533992767334,9.645988464355469,0.3333333432674408,0.4444444477558136
target,339,125000002,83,False,False,True,True,False,False,-0.9225673675537109,-1.8035228252410889,0.5555555820465088,1.75
target,340,125000002,84,False,True,True,False,False,False,1.615067958831787,11.499043464660645,2.8888888359069824,1.6666666269302368
target,341,125000002,85,True,True,False,False,False,False,9.00084114074707,12.230855941772461,0.3333333432674408,1.2222222089767456
target,342,125000002,86,True,True,False,False,False,False,10.337059020996094,11.010194778442383,0.7777777910232544,2.0
target,343,125000002,87,False,True,True,False,False,False,-1.9992504119873047,9.586201667785645,1.625,0.0
target,344,125000002,88,True,True,False,False,False,False,7.970303535461426,10.119245529174805,0.1111111119389534,0.2222222238779068
target,345,125000002,89,True,False,False,True,False,False,6.357124328613281,-2.425166606903076,0.6666666865348816,7.0
target,346,125000002,90,True,False,False,True,False,False,10.386518478393555,-0.43500852584838867,0.0,0.1111111119389534
target,347,125000002,91,False,True,True,False,False,False,-1.6565685272216797,9.175453186035156,0.5555555820465088,0.5555555820465088
target,348,125000002,92,False,False,True,True,False,False,-0.9666061401367188,-1.1569106578826904,1.0,0.6666666865348816
target,349,125000002,93,True,True,False,False,False,False,10.338203430175781,11.164371490478516,1.7777777910232544,1.3333333730697632
target,350,125000002,94,True,False,False,True,False,False,9.433332443237305,-3.2822723388671875,0.2222222238779068,0.8888888955116272
target,351,125000002,95,False,True,True,False,False,False,0.1370382308959961,11.424539566040039,0.4444444477558136,0.5555555820465088
target,352,125000002,96,False,True,True,False,False,False,-1.067580223083496,9.709307670593262,0.5555555820465088,1.2222222089767456
target,353,125000002,97,False,True,True,False,False,False,-0.5377097129821777,7.053240776062012,1.7142858505249023,1.0
target,354,125000002,98,True,True,False,False,False,False,11.020868301391602,7.258636474609375,0.5555555820465088,0.8888888955116272
target,355,125000002,99,True,False,False,True,False,False,11.177044868469238,-0.03202676773071289,1.4444444179534912,1.5555555820465088
target,356,125000002,100,True,False,False,True,False,False,9.491655349731445,-1.5297818183898926,0.4444444477558136,1.1428571939468384
target,357,125000002,101,False,False,True,True,False,False,-7.59775447845459,-2.6084790229797363,2.0,0.8888888955116272
target,358,125000002,102,True,True,False,False,False,False,9.828863143920898,10.467947006225586,0.1111111119389534,0.3333333432674408
target,359,125000002,103,True,True,False,False,False,False,10.994423866271973,10.637191772460938,0.7777777910232544,0.4444444477558136
target,360,125000002,104,True,True,False,False,False,False,10.416948318481445,10.41996955871582,0.0,0.1111111119389534
target,361,125000002,105,True,True,False,False,False,False,9.100151062011719,9.8887357711792,0.2222222238779068,0.3333333432674408
target,362,125000002,106,True,True,False,False,False,False,12.117744445800781,9.620710372924805,0.6666666865348816,0.5555555820465088
target,363,125000002,107,True,False,False,True,False,False,11.172868728637695,0.23613262176513672,0.3333333432674408,1.375
target,364,125000002,108,True,False,False,True,False,False,7.33561897277832,-2.3410868644714355,1.4444444179534912,2.4285714626312256
target,365,125000002,109,False,True,True,False,False,False,-6.526368141174316,10.797201156616211,3.5,1.2222222089767456
target,366,125000002,110,True,True,False,False,False,False,10.053634643554688,10.871088027954102,0.5555555820465088,0.7777777910232544
target,367,125000002,111,True,False,False,True,False,False,11.04993724822998,-1.0081305503845215,0.4444444477558136,0.2222222238779068
target,368,125000002,112,True,True,False,False,False,False,8.946935653686523,9.78711986541748,0.2222222238779068,0.2222222238779068
target,369,125000002,113,False,False,True,True,False,False,-0.8859930038452148,-0.5822086334228516,0.3333333432674408,1.0
target,370,125000002,114,True,True,False,False,False,False,8.44797134399414,9.807273864746094,0.2222222238779068,0.0
target,371,125000002,115,False,True,True,False,False,False,-4.3127312660217285,9.264547348022461,1.888888955116272,0.0
target,372,125000002,116,False,True,True,False,False,False,-1.4601683616638184,10.521240234375,1.0,0.3333333432674408
target,373,125000002,117,True,True,False,False,False,False,10.53957748413086,9.704116821289062,0.3333333432674408,0.0
target,374,125000002,118,True,True,False,False,False,False,9.358612060546875,9.002311706542969,0.6666666865348816,0.2222222238779068
target,375,125000002,119,False,False,True,True,False,False,-1.9944462776184082,-2.8240580558776855,0.5,0.3333333432674408
target,376,125000002,120,False,False,True,True,False,False,0.9154243469238281,0.003964424133300781,1.75,0.4444444477558136
target,377,125000002,121,False,False,True,True,False,False,-1.9686264991760254,-2.7395081520080566,0.75,1.0
target,378,125000002,122,False,True,True,False,False,False,0.34414148330688477,11.843122482299805,1.888888955116272,1.5555555820465088
target,379,125000002,123,True,False,False,True,False,False,9.0314302444458,0.14969301223754883,0.2222222238779068,1.5555555820465088
target,380,125000002,124,True,True,False,False,False,False,9.303471565246582,9.397574424743652,0.2222222238779068,1.0
target,381,125000002,125,True,True,False,False,False,False,11.63930606842041,11.248555183410645,0.0,0.3333333432674408
target,382,125000002,126,False,True,True,False,False,False,-1.1430466175079346,9.282815933227539,0.1111111119389534,0.3333333432674408
target,383,125000002,127,True,True,False,False,False,False,9.93159294128418,10.963823318481445,0.5555555820465088,0.2222222238779068
target,384,125000003,0,False,True,True,False,False,False,-5.012659072875977,11.950935363769531,6.5714287757873535,0.5555555820465088
target,385,125000003,1,True,False,False,True,False,False,10.064704895019531,-2.1714272499084473,0.2222222238779068,0.0
target,386,125000003,2,True,True,False,False,False,False,12.284233093261719,9.694893836975098,2.1111111640930176,1.1111111640930176
target,387,125000003,3,False,True,True,False,False,False,-1.609173059463501,10.268081665039062,0.75,0.8888888955116272
target,388,125000003,4,False,False,True,True,False,False,-0.6784722805023193,0.3435859680175781,0.5555555820465088,0.3333333432674408
target,389,125000003,5,True,True,False,False,False,False,8.602474212646484,9.982484817504883,0.6666666865348816,0.1111111119389534
target,390,125000003,6,True,True,False,False,False,False,9.604581832885742,10.722747802734375,0.2222222238779068,0.2222222238779068
target,391,125000003,7,True,False,False,True,False,False,9.982425689697266,0.11105966567993164,0.6666666865348816,2.6000001430511475
target,392,125000003,8,True,True,False,False,False,False,11.163581848144531,10.442516326904297,1.4444444179534912,0.8888888955116272
target,393,125000003,9,True,True,False,False,False,False,9.550426483154297,10.691622734069824,0.1111111119389534,0.2222222238779068
target,394,125000003,10,True,True,False,False,False,False,9.830723762512207,10.82404899597168,1.0,0.4444444477558136
target,395,125000003,11,False,True,True,False,False,False,-1.212667465209961,10.799720764160156,1.8571429252624512,0.4444444477558136
target,396,125000003,12,True,False,False,True,False,False,11.092302322387695,-3.6255717277526855,1.0,2.75
target,397,125000003,13,False,True,True,False,False,False,-2.035249710083008,11.455650329589844,2.625,1.0
target,398,125000003,14,True,True,False,False,False,False,9.362664222717285,9.695873260498047,0.3333333432674408,0.4444444477558136
target,399,125000003,15,True,False,False,True,False,False,10.63504409790039,0.9865865707397461,1.5555555820465088,1.4444444179534912
target,400,125000003,16,True,True,False,False,False,False,11.41685676574707,11.174477577209473,1.4444444179534912,1.5555555820465088
target,401,125000003,17,False,False,True,True,False,False,-2.1498725414276123,-2.3011865615844727,1.5,1.3333333730697632
target,402,125000003,18,False,True,True,False,False,False,-1.2760019302368164,9.39277458190918,0.3333333432674408,1.2222222089767456
target,403,125000003,19,False,True,True,False,False,False,-1.5941162109375,11.08475112915039,1.6666666269302368,0.6666666865348816
target,404,125000003,20,True,True,False,False,False,False,9.391515731811523,10.57465934753418,0.0,0.2222222238779068
target,405,125000003,21,True,False,False,True,False,False,9.807476997375488,-0.8752734661102295,0.3333333432674408,0.3333333432674408
target,406,125000003,22,True,True,False,False,False,False,11.278459548950195,11.084410667419434,0.7777777910232544,0.8888888955116272
target,407,125000003,23,False,True,True,False,False,False,-0.9357233047485352,10.073396682739258,0.2222222238779068,0.2222222238779068
target,408,125000003,24,True,True,False,False,False,False,12.847173690795898,9.686546325683594,1.5555555820465088,1.1111111640930176
target,409,125000003,25,True,True,False,False,False,False,11.185064315795898,11.857292175292969,0.6666666865348816,0.8888888955116272
target,410,125000003,26,True,True,False,False,False,False,9.906575202941895,11.058126449584961,0.1111111119389534,0.4444444477558136
target,411,125000003,27,False,False,True,True,False,False,0.7751502990722656,-0.34235715866088867,0.7777777910232544,3.200000047683716
target,412,125000003,28,True,False,False,True,False,False,9.334487915039062,-1.1844022274017334,0.5555555820465088,0.1111111119389534
target,413,125000003,29,True,False,False,True,False,False,10.26041316986084,-0.6486191749572754,0.5555555820465088,1.2857143878936768
target,414,125000003,30,True,False,False,True,False,False,11.628334045410156,-6.09845495223999,0.7777777910232544,8.666666984558105
target,415,125000003,31,True,True,False,False,False,False,5.899014949798584,10.546696662902832,1.2222222089767456,0.2222222238779068
target,416,125000003,32,True,True,False,False,False,False,9.378236770629883,10.465975761413574,0.1111111119389534,0.3333333432674408
target,417,125000003,33,True,True,False,False,False,False,9.675554275512695,9.456371307373047,0.2222222238779068,0.0
target,418,125000003,34,False,True,True,False,False,False,-1.3305916786193848,10.061761856079102,0.2222222238779068,0.4444444477558136
target,419,125000003,35,True,False,False,True,False,False,9.577825546264648,-1.551133632659912,0.4444444477558136,1.875
target,420,125000003,36,True,True,False,False,False,False,12.773906707763672,11.950122833251953,1.0,1.1111111640930176
target,421,125000003,37,True,True,False,False,False,False,10.389472961425781,8.865782737731934,0.2222222238779068,0.7777777910232544
target,422,125000003,38,True,True,False,False,False,False,10.046737670898438,10.027379989624023,0.4444444477558136,0.5555555820465088
target,423,125000003,39,True,True,False,False,False,False,10.379531860351562,11.666387557983398,0.3333333432674408,1.1111111640930176
target,424,125000003,40,True,True,False,False,False,False,8.085477828979492,8.840641975402832,0.3333333432674408,0.7777777910232544
target,425,125000003,41,True,True,False,False,False,False,8.17919921875,10.985611915588379,1.2222222089767456,0.8888888955116272
target,426,125000003,42,True,True,False,False,False,False,9.827781677246094,9.907509803771973,0.7777777910232544,1.0
target,427,125000003,43,False,True,True,False,False,False,-1.8906755447387695,11.600114822387695,9.333333969116211,0.7777777910232544
target,428,125000003,44,True,True,False,False,False,False,9.245859146118164,9.440742492675781,0.0,0.0
target,429,125000003,45,False,False,True,True,False,False,-1.5301811695098877,-0.2745859622955322,2.6666667461395264,1.5555555820465088
target,430,125000003,46,True,True,False,False,False,False,10.074024200439453,10.33640193939209,0.0,0.3333333432674408
target,431,125000003,47,True,True,False,False,False,False,11.586954116821289,10.537147521972656,0.6666666865348816,0.6666666865348816
target,432,125000003,48,True,True,False,False,False,False,9.260279655456543,12.524574279785156,1.2222222089767456,1.0
target,433,125000003,49,True,True,False,False,False,False,11.09398078918457,12.18441390991211,1.888888955116272,1.6666666269302368
target,434,125000003,50,False,False,True,True,False,False,-3.257580041885376,-0.7508931159973145,3.0,1.75
target,435,125000003,51,True,False,False,True,False,False,12.137033462524414,-1.0105178356170654,0.7777777910232544,7.25
target,436,125000003,52,True,True,False,False,False,False,9.42327880859375,10.781209945678711,0.3333333432674408,0.5555555820465088
target,437,125000003,53,True,False,False,True,False,False,10.171290397644043,0.5185027122497559,0.7777777910232544,0.5555555820465088
target,438,125000003,54,True,True,False,False,False,False,9.879840850830078,12.115833282470703,0.6666666865348816,1.3333333730697632
target,439,125000003,55,True,True,False,False,False,False,11.219182968139648,11.909143447875977,1.2222222089767456,0.5555555820465088
target,440,125000003,56,True,True,False,False,False,False,11.673809051513672,9.311725616455078,0.8888888955116272,0.4444444477558136
target,441,125000003,57,True,False,False,True,False,False,10.473388671875,-1.6491684913635254,0.3333333432674408,0.1111111119389534
target,442,125000003,58,False,False,True,True,False,False,-1.2666244506835938,-1.7564728260040283,1.125,0.3333333432674408
target,443,125000003,59,False,True,True,False,False,False,1.2220659255981445,9.798118591308594,3.3333332538604736,1.4444444179534912
target,444,125000003,60,False,False,True,True,False,False,-1.7063398361206055,-0.8366439342498779,1.75,2.1111111640930176
target,445,125000003,61,True,True,False,False,False,False,10.382397651672363,11.435699462890625,0.4444444477558136,1.2222222089767456
target,446,125000003,62,True,True,False,False,False,False,9.422683715820312,8.504627227783203,0.3333333432674408,0.1111111119389534
target,447,125000003,63,True,False,False,True,False,False,9.529131889343262,-2.019895553588867,1.4444444179534912,2.0
target,448,125000003,64,False,True,True,False,False,False,-0.5414590835571289,10.46500015258789,1.1111111640930176,0.7777777910232544
target,449,125000003,65,True,False,False,True,False,False,7.9410810470581055,0.35623645782470703,3.1111111640930176,0.5555555820465088
target,450,125000003,66,True,True,False,False,False,False,10.157861709594727,9.85905933380127,0.2222222238779068,0.4444444477558136
target,451,125000003,67,True,True,False,False,False,False,9.522600173950195,7.6496381759643555,0.1111111119389534,0.0
target,452,125000003,68,True,True,False,False,False,False,10.172924041748047,11.665523529052734,0.7777777910232544,0.8888888955116272
target,453,125000003,69,True,False,False,True,False,False,10.188447952270508,1.4747424125671387,0.6666666865348816,1.888888955116272
target,454,125000003,70,True,True,False,False,False,False,10.001070022583008,9.841632843017578,0.0,0.5555555820465088
target,455,125000003,71,True,True,False,False,False,False,8.116750717163086,9.438434600830078,2.3333332538604736,0.3333333432674408
target,456,125000003,72,False,True,True,False,False,False,-0.16313910484313965,9.627649307250977,1.2857143878936768,0.4444444477558136
target,457,125000003,73,True,True,False,False,False,False,9.137824058532715,10.077679634094238,0.1111111119389534,0.5555555820465088
target,458,125000003,74,True,True,False,False,False,False,12.630146026611328,11.963571548461914,1.3333333730697632,1.5555555820465088
target,459,125000003,75,False,True,True,False,False,False,-0.5023691654205322,13.271472930908203,1.3333333730697632,1.3333333730697632
target,460,125000003,76,True,False,False,True,False,False,9.987611770629883,0.00019788742065429688,0.3333333432674408,1.75
target,461,125000003,77,True,False,False,True,False,False,9.717056274414062,-3.3996543884277344,0.2222222238779068,4.333333492279053
target,462,125000003,78,False,False,True,True,False,False,0.38907670974731445,0.6031451225280762,2.142857313156128,1.7777777910232544
target,463,125000003,79,False,False,True,True,False,False,-1.626769781112671,-0.08539152145385742,2.6666667461395264,1.625
target,464,125000003,80,True,True,False,False,False,False,10.152225494384766,9.884538650512695,0.3333333432674408,0.5555555820465088
target,465,125000003,81,True,True,False,False,False,False,11.726594924926758,10.44023609161377,1.0,1.2222222089767456
target,466,125000003,82,True,False,False,True,False,False,9.784013748168945,-0.3726320266723633,0.6666666865348816,1.888888955116272
target,467,125000003,83,True,True,False,False,False,False,10.700411796569824,10.394594192504883,0.6666666865348816,0.2222222238779068
target,468,125000003,84,False,True,True,False,False,False,0.1259150505065918,11.146039009094238,0.2222222238779068,0.2222222238779068
target,469,125000003,85,True,False,False,True,False,False,11.5948486328125,0.848442554473877,0.6666666865348816,2.5
target,470,125000003,86,True,True,False,False,False,False,10.54178237915039,9.374639511108398,0.0,0.1111111119389534
target,471,125000003,87,False,False,True,True,False,False,-0.4059596061706543,-3.2232561111450195,0.7777777910232544,1.0
target,472,125000003,88,False,False,True,True,False,False,0.39319276809692383,1.7460312843322754,0.8888888955116272,2.1111111640930176
target,473,125000003,89,True,True,False,False,False,False,9.103052139282227,11.307129859924316,0.4444444477558136,0.3333333432674408
target,474,125000003,90,True,False,False,True,False,False,11.422859191894531,0.37749242782592773,0.3333333432674408,0.3333333432674408
target,475,125000003,91,True,False,False,True,False,False,8.848268508911133,-0.6688389778137207,0.4444444477558136,0.5555555820465088
target,476,125000003,92,False,True,True,False,False,False,-2.4691829681396484,9.62095832824707,7.5,0.6666666865348816
target,477,125000003,93,True,True,False,False,False,False,11.191719055175781,9.316625595092773,1.2222222089767456,0.3333333432674408
target,478,125000003,94,True,True,False,False,False,False,10.30064868927002,9.491002082824707,0.1111111119389534,0.2222222238779068
target,479,125000003,95,False,True,True,False,False,False,-2.9113926887512207,9.895341873168945,2.0,1.2222222089767456
target,480,125000003,96,True,True,False,False,False,False,11.614676475524902,9.343297958374023,0.3333333432674408,0.4444444477558136
target,481,125000003,97,True,True,False,False,False,False,9.915790557861328,9.157154083251953,0.1111111119389534,0.0
target,482,125000003,98,False,True,True,False,False,False,-1.2547869682312012,7.844398021697998,0.5555555820465088,0.4444444477558136
target,483,125000003,99,True,True,False,False,False,False,9.428221702575684,8.366327285766602,0.1111111119389534,0.0
target,484,125000003,100,True,False,False,True,False,False,10.061178207397461,-1.1877775192260742,0.6666666865348816,3.6666667461395264
target,485,125000003,101,False,True,True,False,False,False,-1.24129319190979,10.149496078491211,0.5,0.3333333432674408
target,486,125000003,102,True,True,False,False,False,False,10.049917221069336,8.89754867553711,0.2222222238779068,0.3333333432674408
target,487,125000003,103,False,False,True,True,False,False,-1.7182800769805908,-0.46891069412231445,1.0,0.8888888955116272
target,488,125000003,104,True,True,False,False,False,False,9.19430160522461,8.800485610961914,0.1111111119389534,0.2222222238779068
target,489,125000003,105,True,True,False,False,False,False,10.462233543395996,9.825788497924805,0.4444444477558136,0.3333333432674408
target,490,125000003,106,False,True,True,False,False,False,-0.8468654155731201,8.958328247070312,0.1111111119389534,0.3333333432674408
target,491,125000003,107,False,True,True,False,False,False,-1.5011138916015625,10.294574737548828,2.75,0.2222222238779068
target,492,125000003,108,False,True,True,False,False,False,-10.988082885742188,10.822991371154785,2.5,0.2222222238779068
target,493,125000003,109,False,False,True,True,False,False,0.11850738525390625,-4.293623447418213,0.4444444477558136,3.5
target,494,125000003,110,True,True,False,False,False,False,9.135560989379883,8.827258110046387,0.2222222238779068,0.4444444477558136
target,495,125000003,111,True,True,False,False,False,False,10.597373962402344,10.76595687866211,0.4444444477558136,0.5555555820465088
target,496,125000003,112,False,True,True,False,False,False,-1.9328925609588623,8.303119659423828,1.4444444179534912,1.0
target,497,125000003,113,False,False,True,True,False,False,0.28878211975097656,-0.3997511863708496,3.0,2.375
target,498,125000003,114,True,True,False,False,False,False,10.478340148925781,11.992769241333008,0.6666666865348816,0.8888888955116272
target,499,125000003,115,True,True,False,False,False,False,12.309885025024414,10.699851036071777,1.2222222089767456,2.0
target,500,125000003,116,False,True,True,False,False,False,-0.7608389854431152,10.465869903564453,1.0,0.4444444477558136
target,501,125000003,117,True,False,False,True,False,False,9.507074356079102,0.5026593208312988,0.3333333432674408,0.1111111119389534
target,502,125000003,118,False,True,True,False,False,False,-3.102725028991699,9.726018905639648,1.0,0.1111111119389534
target,503,125000003,119,False,False,True,True,False,False,-0.3683741092681885,-1.1750452518463135,0.2222222238779068,0.3333333432674408
target,504,125000003,120,False,False,True,True,False,False,-4.583281993865967,-0.8865292072296143,2.6666667461395264,2.200000047683716
target,505,125000003,121,True,True,False,False,False,False,9.731481552124023,9.76420783996582,0.1111111119389534,0.3333333432674408
target,506,125000003,122,True,True,False,False,False,False,11.25123405456543,11.501818656921387,0.6666666865348816,1.1111111640930176
target,507,125000003,123,True,True,False,False,False,False,8.413150787353516,9.51704216003418,0.2222222238779068,0.2222222238779068
target,508,125000003,124,True,True,False,False,False,False,10.699935913085938,10.087693214416504,1.2222222089767456,1.1111111640930176
target,509,125000003,125,False,True,True,False,False,False,-4.511688709259033,10.831912994384766,2.6666667461395264,0.5555555820465088
target,510,125000003,126,True,True,False,False,False,False,11.520364761352539,11.431659698486328,1.0,1.1111111640930176
target,511,125000003,127,True,False,False,True,False,False,12.832683563232422,2.156820774078369,1.5555555820465088,1.1111111640930176
D0,0,126000000,0,True,True,False,False,False,False,8.18292236328125,8.855409622192383,0.0,0.3333333432674408
D0,1,126000000,1,True,True,False,False,False,False,7.531938076019287,8.81151008605957,0.0,0.0
D0,2,126000000,2,True,True,False,False,False,False,8.195570945739746,7.9812517166137695,0.5,0.5
D0,3,126000000,3,True,True,False,False,False,False,7.579949378967285,7.605866432189941,0.0,0.0
D0,4,126000000,4,True,True,False,False,False,False,8.22261905670166,9.021512985229492,0.0,0.0
D0,5,126000000,5,True,True,False,False,False,False,7.943839073181152,7.760040760040283,0.6666666865348816,0.1666666716337204
D0,6,126000000,6,True,True,False,False,False,False,9.188943862915039,9.229532241821289,0.6666666865348816,0.8333333730697632
D0,7,126000000,7,True,True,False,False,False,False,8.000112533569336,9.158902168273926,0.0,0.3333333432674408
D0,8,126000000,8,True,True,False,False,False,False,9.829602241516113,10.151018142700195,0.5,3.3333334922790527
D0,9,126000000,9,True,True,False,False,False,False,8.427022933959961,8.093229293823242,0.3333333432674408,0.0
D0,10,126000000,10,True,True,False,False,False,False,8.462803840637207,7.419466972351074,0.1666666716337204,0.0
D0,11,126000000,11,True,True,False,False,False,False,7.875399112701416,7.636139869689941,0.0,0.3333333432674408
D0,12,126000000,12,True,True,False,False,False,False,7.770627021789551,8.374361038208008,0.0,0.0
D0,13,126000000,13,True,False,False,True,False,False,8.573593139648438,-3.0708184242248535,0.1666666716337204,0.6666666865348816
D0,14,126000000,14,False,True,False,False,True,False,7.227205753326416,8.207253456115723,0.1666666716337204,0.3333333432674408
D0,15,126000000,15,True,True,False,False,False,False,7.075014114379883,8.840734481811523,0.0,1.8333333730697632
D0,16,126000000,16,True,True,False,False,False,False,7.0631022453308105,10.78590202331543,0.0,2.0
D0,17,126000000,17,True,True,False,False,False,False,8.347042083740234,8.143976211547852,0.6666666865348816,0.0
D0,18,126000000,18,True,False,False,True,False,False,7.2513322830200195,-3.1506123542785645,0.0,1.0
D0,19,126000000,19,True,True,False,False,False,False,8.367878913879395,7.5235395431518555,4.333333492279053,0.0
D0,20,126000000,20,True,True,False,False,False,False,7.905756950378418,6.831594944000244,0.0,0.0
D0,21,126000000,21,True,True,False,False,False,False,9.186311721801758,8.994823455810547,0.5,0.0
D0,22,126000000,22,True,True,False,False,False,False,9.236445426940918,7.896480560302734,0.1666666716337204,0.0
D0,23,126000000,23,True,True,False,False,False,False,11.866521835327148,7.255667686462402,0.1666666716337204,0.1666666716337204
D0,24,126000000,24,True,True,False,False,False,False,10.38821792602539,12.722366333007812,0.3333333432674408,0.3333333432674408
D0,25,126000000,25,True,True,False,False,False,False,7.244889736175537,9.930856704711914,0.0,2.0
D0,26,126000000,26,True,True,False,False,False,False,8.564624786376953,10.405754089355469,0.3333333432674408,1.5
D0,27,126000000,27,True,True,False,False,False,False,8.215314865112305,8.3807954788208,0.5,0.0
D0,28,126000000,28,True,True,False,False,False,False,8.693360328674316,9.078010559082031,0.5,0.8333333730697632
D0,29,126000000,29,False,True,False,False,True,False,-1.0693180561065674,6.013550281524658,0.1666666716337204,0.0
D0,30,126000000,30,True,True,False,False,False,False,8.852898597717285,8.00535774230957,0.1666666716337204,0.3333333432674408
D0,31,126000000,31,True,True,False,False,False,False,8.001825332641602,6.75446891784668,0.1666666716337204,0.0
D0,32,126000000,32,True,True,False,False,False,False,7.151076316833496,9.074819564819336,0.0,0.1666666716337204
D0,33,126000000,33,True,True,False,False,False,False,15.26599407196045,7.456264019012451,2.6666667461395264,0.1666666716337204
D0,34,126000000,34,True,True,False,False,False,False,9.913472175598145,11.837932586669922,2.5,0.0
D0,35,126000000,35,True,True,False,False,False,False,9.924717903137207,7.581270217895508,0.6666666865348816,0.3333333432674408
D0,36,126000000,36,True,True,False,False,False,False,7.895960807800293,8.247968673706055,0.0,0.5
D0,37,126000000,37,True,True,False,False,False,False,8.216306686401367,9.455070495605469,0.1666666716337204,0.0
D0,38,126000000,38,True,True,False,False,False,False,8.061415672302246,8.452714920043945,0.6666666865348816,0.1666666716337204
D0,39,126000000,39,True,True,False,False,False,False,8.760063171386719,9.426397323608398,0.6666666865348816,0.5
D0,40,126000000,40,True,True,False,False,False,False,7.049711227416992,9.235705375671387,0.1666666716337204,0.8333333730697632
D0,41,126000000,41,False,True,False,False,True,False,22.21413230895996,10.405437469482422,0.1666666716337204,1.1666667461395264
D0,42,126000000,42,True,False,False,False,False,True,7.137487411499023,-0.8521522283554077,0.0,0.0
D0,43,126000000,43,True,True,False,False,False,False,10.040908813476562,7.966737747192383,0.1666666716337204,0.5
D0,44,126000000,44,True,True,False,False,False,False,7.476448059082031,8.926592826843262,0.3333333432674408,0.0
D0,45,126000000,45,True,True,False,False,False,False,8.261528968811035,11.109582901000977,0.6666666865348816,0.1666666716337204
D0,46,126000000,46,True,True,False,False,False,False,7.748462677001953,7.862384796142578,0.0,0.0
D0,47,126000000,47,True,True,False,False,False,False,8.233057975769043,6.678955078125,0.0,0.1666666716337204
D0,48,126000000,48,True,True,False,False,False,False,8.177018165588379,7.335636138916016,0.3333333432674408,0.0
D0,49,126000000,49,True,True,False,False,False,False,15.99631118774414,7.786165237426758,0.3333333432674408,0.0
D0,50,126000000,50,True,True,False,False,False,False,8.367472648620605,9.154376029968262,0.0,0.5
D0,51,126000000,51,True,True,False,False,False,False,8.549829483032227,7.857115745544434,0.0,0.1666666716337204
D0,52,126000000,52,False,True,True,False,False,False,-3.485464572906494,8.297974586486816,0.4000000059604645,0.1666666716337204
D0,53,126000000,53,False,True,False,False,True,False,14.09345531463623,7.598331451416016,1.5,0.1666666716337204
D0,54,126000000,54,True,True,False,False,False,False,14.252439498901367,8.3270902633667,0.3333333432674408,0.0
D0,55,126000000,55,True,True,False,False,False,False,6.615740776062012,6.460651874542236,0.1666666716337204,0.0
D0,56,126000000,56,True,True,False,False,False,False,7.8852128982543945,10.80162239074707,0.0,1.3333333730697632
D0,57,126000000,57,True,True,False,False,False,False,8.373781204223633,8.26989459991455,0.8333333730697632,0.1666666716337204
D0,58,126000000,58,False,False,False,True,True,False,21.52713966369629,-3.043431282043457,0.5,1.0
D0,59,126000000,59,True,True,False,False,False,False,8.402628898620605,11.57623291015625,0.0,1.5
D0,60,126000000,60,True,True,False,False,False,False,8.146751403808594,8.922359466552734,0.0,0.5
D0,61,126000000,61,True,True,False,False,False,False,8.842409133911133,8.682270050048828,0.0,0.0
D0,62,126000000,62,True,True,False,False,False,False,7.7171220779418945,8.256514549255371,0.8333333730697632,0.0
D0,63,126000000,63,True,True,False,False,False,False,8.0449857711792,7.7424821853637695,0.5,0.0
D0,64,126000000,64,False,True,False,False,True,False,0.8198826313018799,10.604162216186523,0.1666666716337204,0.0
D0,65,126000000,65,True,True,False,False,False,False,7.194431781768799,7.640066146850586,0.1666666716337204,0.0
D0,66,126000000,66,True,True,False,False,False,False,8.495356559753418,7.946145057678223,0.0,0.3333333432674408
D0,67,126000000,67,True,True,False,False,False,False,7.101848125457764,11.097867012023926,0.0,1.3333333730697632
D0,68,126000000,68,True,True,False,False,False,False,8.220932006835938,8.53414535522461,0.3333333432674408,0.1666666716337204
D0,69,126000000,69,True,True,False,False,False,False,6.992149353027344,7.007084846496582,0.1666666716337204,0.0
D0,70,126000000,70,True,True,False,False,False,False,6.017621040344238,7.480813026428223,0.1666666716337204,0.0
D0,71,126000000,71,True,True,False,False,False,False,6.536715507507324,6.489987373352051,0.3333333432674408,0.3333333432674408
D0,72,126000000,72,True,True,False,False,False,False,6.766783714294434,10.103757858276367,0.0,0.1666666716337204
D0,73,126000000,73,True,True,False,False,False,False,10.643686294555664,7.487167835235596,1.5,0.0
D0,74,126000000,74,True,True,False,False,False,False,7.656574249267578,7.901015281677246,0.0,0.5
D0,75,126000000,75,True,True,False,False,False,False,7.7477946281433105,10.628471374511719,0.1666666716337204,0.8333333730697632
D0,76,126000000,76,True,True,False,False,False,False,7.541364669799805,7.428053855895996,0.1666666716337204,0.0
D0,77,126000000,77,True,True,False,False,False,False,8.189263343811035,8.321660995483398,0.0,0.6666666865348816
D0,78,126000000,78,True,True,False,False,False,False,8.17620849609375,8.39303970336914,0.5,0.1666666716337204
D0,79,126000000,79,True,True,False,False,False,False,10.21714973449707,8.053707122802734,1.1666667461395264,0.3333333432674408
D0,80,126000000,80,True,True,False,False,False,False,7.175114631652832,8.859350204467773,0.1666666716337204,1.0
D0,81,126000000,81,True,True,False,False,False,False,7.997209548950195,8.08180046081543,0.1666666716337204,0.5
D0,82,126000000,82,True,True,False,False,False,False,7.927660942077637,8.120159149169922,0.0,0.1666666716337204
D0,83,126000000,83,True,True,False,False,False,False,12.267805099487305,7.934319019317627,0.8333333730697632,0.0
D0,84,126000000,84,True,False,False,True,False,False,10.241084098815918,-4.739924907684326,1.0,2.5
D0,85,126000000,85,True,True,False,False,False,False,10.932716369628906,7.9167375564575195,3.1666667461395264,0.0
D0,86,126000000,86,True,True,False,False,False,False,9.561841011047363,7.982387542724609,2.0,1.0
D0,87,126000000,87,True,True,False,False,False,False,8.289060592651367,7.308901786804199,0.3333333432674408,0.0
D0,88,126000000,88,True,True,False,False,False,False,8.325278282165527,8.934355735778809,0.5,0.0
D0,89,126000000,89,True,True,False,False,False,False,8.42846965789795,8.075371742248535,1.5,0.0
D0,90,126000000,90,True,True,False,False,False,False,9.431023597717285,8.743424415588379,0.8333333730697632,0.8333333730697632
D0,91,126000000,91,True,True,False,False,False,False,9.106996536254883,8.494210243225098,0.0,0.0
D0,92,126000000,92,True,True,False,False,False,False,9.465469360351562,10.468690872192383,0.3333333432674408,0.3333333432674408
D0,93,126000000,93,True,True,False,False,False,False,8.605171203613281,8.539265632629395,0.0,0.3333333432674408
D0,94,126000000,94,True,True,False,False,False,False,7.774304389953613,9.763269424438477,0.0,0.8333333730697632
D0,95,126000000,95,True,True,False,False,False,False,7.945955276489258,7.485288143157959,0.3333333432674408,0.0
D0,96,126000000,96,True,True,False,False,False,False,7.599249362945557,7.34611701965332,0.0,0.0
D0,97,126000000,97,True,True,False,False,False,False,8.217131614685059,7.911841869354248,0.1666666716337204,0.3333333432674408
D0,98,126000000,98,True,True,False,False,False,False,8.608009338378906,7.897947311401367,1.0,0.0
D0,99,126000000,99,True,True,False,False,False,False,7.364640235900879,9.169578552246094,0.8333333730697632,0.3333333432674408
D0,100,126000000,100,True,True,False,False,False,False,8.929023742675781,9.877098083496094,0.0,0.6666666865348816
D0,101,126000000,101,True,True,False,False,False,False,8.780842781066895,8.779181480407715,0.0,0.0
D0,102,126000000,102,True,True,False,False,False,False,7.586933135986328,7.49151611328125,0.1666666716337204,0.1666666716337204
D0,103,126000000,103,True,True,False,False,False,False,8.33069896697998,8.244792938232422,0.0,0.6666666865348816
D0,104,126000000,104,True,True,False,False,False,False,9.983369827270508,8.038041114807129,2.1666667461395264,0.1666666716337204
D0,105,126000000,105,True,True,False,False,False,False,9.504409790039062,7.823921203613281,0.0,0.0
D0,106,126000000,106,True,True,False,False,False,False,10.568565368652344,9.549362182617188,5.833333492279053,0.1666666716337204
D0,107,126000000,107,True,True,False,False,False,False,7.914671897888184,9.320160865783691,0.1666666716337204,2.5
D0,108,126000000,108,True,True,False,False,False,False,7.637965202331543,10.251428604125977,2.8333334922790527,1.1666667461395264
D0,109,126000000,109,True,True,False,False,False,False,7.426601409912109,8.537981033325195,0.0,0.0
D0,110,126000000,110,True,True,False,False,False,False,8.126091003417969,8.553703308105469,0.1666666716337204,0.0
D0,111,126000000,111,True,True,False,False,False,False,8.275209426879883,8.04908275604248,0.0,0.0
D0,112,126000000,112,True,False,False,True,False,False,6.874859809875488,-4.249998569488525,0.0,0.0
D0,113,126000000,113,True,True,False,False,False,False,10.873756408691406,7.877560615539551,3.5,0.0
D0,114,126000000,114,True,True,False,False,False,False,7.479870796203613,7.5125017166137695,0.0,0.0
D0,115,126000000,115,True,True,False,False,False,False,7.809211730957031,8.20081901550293,0.3333333432674408,0.5
D0,116,126000000,116,True,True,False,False,False,False,8.021906852722168,7.715458869934082,1.1666667461395264,0.0
D0,117,126000000,117,True,True,False,False,False,False,8.729259490966797,9.209789276123047,0.5,2.3333334922790527
D0,118,126000000,118,True,True,False,False,False,False,7.2695207595825195,7.912440776824951,0.1666666716337204,0.0
D0,119,126000000,119,True,True,False,False,False,False,10.770909309387207,9.363153457641602,3.1666667461395264,1.1666667461395264
D0,120,126000000,120,True,True,False,False,False,False,8.522124290466309,8.30002212524414,1.0,0.1666666716337204
D0,121,126000000,121,True,True,False,False,False,False,9.040037155151367,9.542776107788086,0.3333333432674408,0.5
D0,122,126000000,122,True,True,False,False,False,False,16.652286529541016,9.917553901672363,0.6666666865348816,0.1666666716337204
D0,123,126000000,123,False,True,False,False,True,False,5.602794170379639,6.814420700073242,1.5,0.0
D0,124,126000000,124,True,True,False,False,False,False,8.026130676269531,10.728157997131348,0.1666666716337204,2.0
D0,125,126000000,125,True,True,False,False,False,False,7.403107166290283,8.409985542297363,0.1666666716337204,0.1666666716337204
D0,126,126000000,126,True,True,False,False,False,False,7.849282264709473,8.268455505371094,0.0,0.3333333432674408
D0,127,126000000,127,True,True,False,False,False,False,7.828424453735352,7.694210052490234,0.3333333432674408,0.0
D0,128,126000001,0,True,True,False,False,False,False,8.198530197143555,9.454745292663574,0.1666666716337204,2.3333334922790527
D0,129,126000001,1,True,False,False,True,False,False,8.217611312866211,-5.338628768920898,0.0,1.5
D0,130,126000001,2,True,True,False,False,False,False,7.562555313110352,8.146337509155273,0.0,0.0
D0,131,126000001,3,False,True,False,False,True,False,20.549360275268555,8.639305114746094,2.8333334922790527,0.8333333730697632
D0,132,126000001,4,True,True,False,False,False,False,8.167383193969727,6.9841814041137695,0.1666666716337204,0.0
D0,133,126000001,5,False,True,False,False,True,False,21.668689727783203,7.8530988693237305,0.6666666865348816,0.5
D0,134,126000001,6,True,True,False,False,False,False,8.316554069519043,7.929265022277832,0.5,0.6666666865348816
D0,135,126000001,7,True,True,False,False,False,False,8.839168548583984,8.440016746520996,0.3333333432674408,0.0
D0,136,126000001,8,True,True,False,False,False,False,8.0955228805542,7.537900924682617,0.0,0.0
D0,137,126000001,9,True,True,False,False,False,False,8.414555549621582,7.978694915771484,0.0,1.6666667461395264
D0,138,126000001,10,True,True,False,False,False,False,9.591814041137695,11.462430953979492,2.8333334922790527,0.0
D0,139,126000001,11,True,True,False,False,False,False,8.080491065979004,7.500055313110352,0.3333333432674408,0.0
D0,140,126000001,12,False,True,False,False,True,False,-0.47785335779190063,8.701053619384766,0.0,0.1666666716337204
D0,141,126000001,13,True,True,False,False,False,False,7.747826099395752,12.949052810668945,0.1666666716337204,0.0
D0,142,126000001,14,True,True,False,False,False,False,6.182677268981934,8.681069374084473,0.1666666716337204,0.1666666716337204
D0,143,126000001,15,True,True,False,False,False,False,7.731184482574463,3.718573570251465,0.1666666716337204,2.3333334922790527
D0,144,126000001,16,True,True,False,False,False,False,7.529476165771484,8.448507308959961,0.1666666716337204,0.3333333432674408
D0,145,126000001,17,True,True,False,False,False,False,9.527000427246094,20.177425384521484,0.3333333432674408,0.6666666865348816
D0,146,126000001,18,False,True,False,False,True,False,0.3883090913295746,8.291804313659668,0.5,0.1666666716337204
D0,147,126000001,19,True,True,False,False,False,False,8.785821914672852,7.887014389038086,0.0,0.0
D0,148,126000001,20,True,True,False,False,False,False,9.027056694030762,8.283027648925781,0.3333333432674408,0.3333333432674408
D0,149,126000001,21,True,True,False,False,False,False,7.779427528381348,8.156757354736328,0.0,0.0
D0,150,126000001,22,True,True,False,False,False,False,7.603427886962891,8.841978073120117,0.3333333432674408,0.6666666865348816
D0,151,126000001,23,True,True,False,False,False,False,7.346064567565918,9.76244068145752,0.0,1.8333333730697632
D0,152,126000001,24,True,True,False,False,False,False,8.346440315246582,7.936976432800293,0.5,0.0
D0,153,126000001,25,True,True,False,False,False,False,7.858640670776367,8.264528274536133,0.0,0.3333333432674408
D0,154,126000001,26,True,True,False,False,False,False,8.151739120483398,7.82573127746582,0.6666666865348816,0.1666666716337204
D0,155,126000001,27,True,True,False,False,False,False,7.651162147521973,8.73532485961914,0.0,0.5
D0,156,126000001,28,True,True,False,False,False,False,8.251845359802246,8.246365547180176,0.1666666716337204,0.0
D0,157,126000001,29,True,True,False,False,False,False,7.718900680541992,8.166979789733887,0.1666666716337204,0.1666666716337204
D0,158,126000001,30,True,False,False,False,False,True,15.632099151611328,1.4625283479690552,0.5,0.1666666716337204
D0,159,126000001,31,True,True,False,False,False,False,7.463344573974609,7.732814788818359,0.8333333730697632,0.6666666865348816
D0,160,126000001,32,True,False,False,False,False,True,8.219810485839844,13.388047218322754,0.0,0.0
D0,161,126000001,33,True,True,False,False,False,False,9.924036026000977,7.410534858703613,1.3333333730697632,0.0
D0,162,126000001,34,True,True,False,False,False,False,6.508009433746338,8.801798820495605,0.0,0.0
D0,163,126000001,35,True,True,False,False,False,False,9.67990493774414,11.208335876464844,1.0,0.0
D0,164,126000001,36,True,True,False,False,False,False,7.420788764953613,8.232290267944336,0.0,0.1666666716337204
D0,165,126000001,37,False,True,False,False,True,False,-0.755154013633728,8.046497344970703,0.0,0.0
D0,166,126000001,38,True,True,False,False,False,False,7.469508171081543,6.788802146911621,0.0,0.0
D0,167,126000001,39,False,True,True,False,False,False,-6.068611145019531,10.091582298278809,3.5,0.1666666716337204
D0,168,126000001,40,True,True,False,False,False,False,8.537128448486328,8.181394577026367,0.1666666716337204,0.0
D0,169,126000001,41,True,True,False,False,False,False,9.110631942749023,8.336244583129883,0.8333333730697632,0.1666666716337204
D0,170,126000001,42,True,True,False,False,False,False,8.25098991394043,8.385750770568848,0.1666666716337204,0.1666666716337204
D0,171,126000001,43,True,True,False,False,False,False,7.515745639801025,9.926769256591797,0.0,1.1666667461395264
D0,172,126000001,44,True,True,False,False,False,False,7.447349548339844,7.6580305099487305,0.0,0.1666666716337204
D0,173,126000001,45,True,True,False,False,False,False,7.723151206970215,8.208416938781738,0.1666666716337204,0.0
D0,174,126000001,46,True,True,False,False,False,False,7.807056903839111,7.192941188812256,0.0,0.0
D0,175,126000001,47,True,True,False,False,False,False,10.779582977294922,9.50778579711914,1.8333333730697632,1.1666667461395264
D0,176,126000001,48,True,True,False,False,False,False,9.607975006103516,9.16901969909668,1.0,0.3333333432674408
D0,177,126000001,49,False,False,False,False,True,True,2.4589171409606934,14.107574462890625,0.3333333432674408,0.0
D0,178,126000001,50,True,True,False,False,False,False,9.038795471191406,9.481209754943848,0.5,3.0
D0,179,126000001,51,True,True,False,False,False,False,10.637704849243164,9.578886985778809,1.5,0.1666666716337204
D0,180,126000001,52,False,True,False,False,True,False,18.604345321655273,7.566751003265381,7.833333492279053,0.0
D0,181,126000001,53,True,True,False,False,False,False,9.498151779174805,8.585599899291992,4.333333492279053,0.3333333432674408
D0,182,126000001,54,True,True,False,False,False,False,7.670014381408691,8.015453338623047,0.0,0.0
D0,183,126000001,55,True,True,False,False,False,False,12.317760467529297,8.081616401672363,0.1666666716337204,0.1666666716337204
D0,184,126000001,56,True,True,False,False,False,False,7.328313827514648,9.276487350463867,0.1666666716337204,3.3333334922790527
D0,185,126000001,57,True,True,False,False,False,False,7.407670974731445,8.395225524902344,0.0,0.0
D0,186,126000001,58,True,True,False,False,False,False,9.034170150756836,10.352685928344727,0.0,0.3333333432674408
D0,187,126000001,59,True,True,False,False,False,False,7.6777262687683105,6.865703105926514,0.0,0.1666666716337204
D0,188,126000001,60,True,True,False,False,False,False,6.192987442016602,9.534370422363281,0.1666666716337204,0.6666666865348816
D0,189,126000001,61,True,True,False,False,False,False,8.239501953125,9.140762329101562,0.0,1.8333333730697632
D0,190,126000001,62,True,True,False,False,False,False,7.3581953048706055,7.062446594238281,0.0,0.0
D0,191,126000001,63,True,True,False,False,False,False,8.395252227783203,8.453245162963867,0.5,0.0
D0,192,126000001,64,True,False,False,False,False,True,9.794349670410156,2.4130992889404297,2.0,0.6666666865348816
D0,193,126000001,65,True,True,False,False,False,False,8.159244537353516,8.187127113342285,0.1666666716337204,0.1666666716337204
D0,194,126000001,66,True,True,False,False,False,False,7.4305219650268555,11.914368629455566,0.1666666716337204,1.0
D0,195,126000001,67,True,True,False,False,False,False,7.099208354949951,8.538640022277832,0.0,0.1666666716337204
D0,196,126000001,68,True,True,False,False,False,False,7.608465671539307,8.271553039550781,0.0,0.0
D0,197,126000001,69,True,True,False,False,False,False,8.534004211425781,8.01988410949707,1.0,0.0
D0,198,126000001,70,True,True,False,False,False,False,10.333120346069336,7.297459125518799,0.0,0.0
D0,199,126000001,71,True,False,False,True,False,False,8.132160186767578,-2.5488619804382324,0.6666666865348816,1.0
D0,200,126000001,72,True,True,False,False,False,False,9.080427169799805,8.058869361877441,2.5,0.1666666716337204
D0,201,126000001,73,True,True,False,False,False,False,8.357975006103516,7.974775791168213,0.0,0.0
D0,202,126000001,74,True,True,False,False,False,False,7.947968482971191,8.274612426757812,0.0,0.1666666716337204
D0,203,126000001,75,True,True,False,False,False,False,8.039227485656738,7.8855977058410645,0.5,0.3333333432674408
D0,204,126000001,76,True,True,False,False,False,False,7.043086051940918,8.070795059204102,0.0,0.0
D0,205,126000001,77,True,True,False,False,False,False,8.0454740524292,7.963646411895752,0.0,0.1666666716337204
D0,206,126000001,78,True,True,False,False,False,False,7.673338890075684,7.731833457946777,0.0,0.0
D0,207,126000001,79,True,True,False,False,False,False,7.803225994110107,9.78608226776123,0.0,0.1666666716337204
D0,208,126000001,80,True,True,False,False,False,False,9.447985649108887,7.811783313751221,2.1666667461395264,0.0
D0,209,126000001,81,True,True,False,False,False,False,7.605288505554199,7.680622577667236,0.0,0.1666666716337204
D0,210,126000001,82,True,True,False,False,False,False,7.418563365936279,9.318426132202148,0.0,1.5
D0,211,126000001,83,True,True,False,False,False,False,11.410369873046875,8.162839889526367,6.0,0.0
D0,212,126000001,84,True,True,False,False,False,False,11.709859848022461,8.941707611083984,1.0,1.8333333730697632
D0,213,126000001,85,True,True,False,False,False,False,8.760079383850098,10.110794067382812,0.0,3.3333334922790527
D0,214,126000001,86,True,True,False,False,False,False,9.05400276184082,8.268243789672852,1.1666667461395264,0.3333333432674408
D0,215,126000001,87,True,False,False,False,False,True,7.83690071105957,19.887493133544922,0.0,3.8333334922790527
D0,216,126000001,88,True,True,False,False,False,False,7.200736045837402,7.491987228393555,0.1666666716337204,0.0
D0,217,126000001,89,True,True,False,False,False,False,7.960670471191406,8.211506843566895,0.6666666865348816,0.1666666716337204
D0,218,126000001,90,True,True,False,False,False,False,7.763694763183594,8.439923286437988,0.3333333432674408,0.0
D0,219,126000001,91,True,True,False,False,False,False,8.021382331848145,7.990664482116699,0.3333333432674408,0.1666666716337204
D0,220,126000001,92,True,True,False,False,False,False,8.558350563049316,7.964559078216553,0.6666666865348816,0.3333333432674408
D0,221,126000001,93,True,True,False,False,False,False,8.81294059753418,8.449969291687012,0.0,0.0
D0,222,126000001,94,True,True,False,False,False,False,7.753478050231934,13.019671440124512,0.0,1.0
D0,223,126000001,95,True,True,False,False,False,False,7.243216514587402,11.532489776611328,0.1666666716337204,0.0
D0,224,126000001,96,True,True,False,False,False,False,8.707383155822754,8.07751178741455,0.1666666716337204,0.0
D0,225,126000001,97,True,True,False,False,False,False,7.273449897766113,8.229876518249512,0.0,0.1666666716337204
D0,226,126000001,98,True,True,False,False,False,False,8.958684921264648,8.769874572753906,0.1666666716337204,0.3333333432674408
D0,227,126000001,99,True,True,False,False,False,False,8.373697280883789,8.348451614379883,0.1666666716337204,0.1666666716337204
D0,228,126000001,100,True,True,False,False,False,False,9.042242050170898,7.809360504150391,0.1666666716337204,0.0
D0,229,126000001,101,True,True,False,False,False,False,9.224410057067871,8.657479286193848,0.5,0.5
D0,230,126000001,102,True,True,False,False,False,False,8.022329330444336,7.449158668518066,0.3333333432674408,0.3333333432674408
D0,231,126000001,103,True,True,False,False,False,False,7.871791839599609,9.882997512817383,0.5,0.0
D0,232,126000001,104,True,True,False,False,False,False,9.077844619750977,7.869831085205078,0.1666666716337204,0.0
D0,233,126000001,105,True,True,False,False,False,False,8.84537124633789,8.108380317687988,0.1666666716337204,0.1666666716337204
D0,234,126000001,106,True,True,False,False,False,False,7.594006538391113,8.601052284240723,0.0,0.1666666716337204
D0,235,126000001,107,True,True,False,False,False,False,8.663819313049316,8.067995071411133,0.0,0.1666666716337204
D0,236,126000001,108,False,True,False,False,True,False,0.18601401150226593,8.706289291381836,1.1666667461395264,0.3333333432674408
D0,237,126000001,109,True,True,False,False,False,False,7.813105583190918,9.741368293762207,0.1666666716337204,0.3333333432674408
D0,238,126000001,110,True,True,False,False,False,False,9.459128379821777,9.049471855163574,1.8333333730697632,2.6666667461395264
D0,239,126000001,111,True,True,False,False,False,False,8.288226127624512,7.995687484741211,0.3333333432674408,0.0
D0,240,126000001,112,True,True,False,False,False,False,8.073526382446289,8.237127304077148,0.6666666865348816,0.5
D0,241,126000001,113,True,True,False,False,False,False,7.848144054412842,8.202028274536133,0.0,0.5
D0,242,126000001,114,True,True,False,False,False,False,7.389800071716309,8.549232482910156,0.0,0.5
D0,243,126000001,115,True,True,False,False,False,False,8.43589973449707,9.189044952392578,0.8333333730697632,0.8333333730697632
D0,244,126000001,116,True,True,False,False,False,False,7.660149574279785,8.774212837219238,0.0,0.1666666716337204
D0,245,126000001,117,True,True,False,False,False,False,8.251350402832031,10.091092109680176,0.0,0.5
D0,246,126000001,118,True,True,False,False,False,False,8.173286437988281,7.777752876281738,0.6666666865348816,0.0
D0,247,126000001,119,True,True,False,False,False,False,8.071573257446289,8.078082084655762,0.0,0.0
D0,248,126000001,120,True,True,False,False,False,False,8.111973762512207,8.043947219848633,0.0,0.0
D0,249,126000001,121,True,True,False,False,False,False,8.281926155090332,8.465471267700195,0.1666666716337204,0.1666666716337204
D0,250,126000001,122,True,True,False,False,False,False,8.443313598632812,7.839086532592773,0.0,0.0
D0,251,126000001,123,False,True,False,False,True,False,0.5249547362327576,9.644261360168457,0.5,3.5
D0,252,126000001,124,False,False,False,False,True,True,20.51934242248535,7.273159980773926,0.0,1.3333333730697632
D0,253,126000001,125,True,True,False,False,False,False,8.46677017211914,7.819530487060547,0.8333333730697632,0.0
D0,254,126000001,126,True,True,False,False,False,False,7.142891883850098,6.835346221923828,0.0,0.0
D0,255,126000001,127,True,True,False,False,False,False,8.131075859069824,7.613827228546143,0.0,0.1666666716337204
