round,configured_runtime_filter_fraction,rollout_success_rate,rollout_fall_rate,rollout_filter_on_episode_count,rollout_filter_on_success_rate,rollout_filter_on_fall_rate,rollout_filter_off_episode_count,rollout_filter_off_success_rate,rollout_filter_off_fall_rate,rollout_mean_return,rollout_mean_reached_riser,actor_loss,value_loss,moving_forward_kl,behavior_approx_kl,clip_fraction,action_mean_shift,actor_gradient_norm,actor_gradient_clipped_fraction,teacher_transition_count,teacher_fraction_among_interventions,teacher_weight_sum,teacher_loss,teacher_huber_loss_mean,teacher_smooth_l1_beta,mean_cbf_correction_norm,mean_residual_target_norm,mean_policy_to_target_distance_before_update,mean_policy_to_target_distance_after_update,teacher_mode,teacher_gate_mode,teacher_eta,cbf_intervention_count,cbf_intervention_per_riser,toe_riser_kick_event_count,round_start_actor_sha256,round_end_actor_sha256,epoch_moving_forward_kl_json,minibatch_diagnostics_json,teacher_error_before_action_00,teacher_error_before_action_01,teacher_error_before_action_02,teacher_error_before_action_03,teacher_error_before_action_04,teacher_error_before_action_05,teacher_error_before_action_06,teacher_error_before_action_07,teacher_error_before_action_08,teacher_error_before_action_09,teacher_error_before_action_10,teacher_error_before_action_11,teacher_error_after_action_00,teacher_error_after_action_01,teacher_error_after_action_02,teacher_error_after_action_03,teacher_error_after_action_04,teacher_error_after_action_05,teacher_error_after_action_06,teacher_error_after_action_07,teacher_error_after_action_08,teacher_error_after_action_09,teacher_error_after_action_10,teacher_error_after_action_11
1,1.0,0.6796875,0.3203125,128,0.6796875,0.3203125,0,,,7.0080431047827005,8.125,0.00903408088197466,0.9220170229673386,0.0025526280514895916,0.003303349018096924,0.4483795166015625,0.004660220554796979,46.19489288330078,1.0,0.0,0.0,0.0,0.0,0.0,0.05,0.6617765426635742,0.0,0.0,0.0,none,none,0.0,8375,6.63629150390625,896.0,7afed309902a323a43b47005c01529c84160944bb8cea2c45d000b38b18cc099,269a116fa793fe04a5ceb49b252cb3dd6184bdb8a45ce51a91da93ff92812a6d,"[0.003873168956488371,0.0025526280514895916]","[{""accumulated_microbatches"":1,""action_mean_shift"":0.0072539858520030975,""actor_gradient_norm_pre_clip"":11.894295692443848,""behavior_approximate_kl"":0.013604274019598961,""clip_fraction"":0.70867919921875,""epoch"":1,""minibatch"":1,""moving_forward_kl"":0.011420994997024536},{""accumulated_microbatches"":1,""action_mean_shift"":0.006146983243525028,""actor_gradient_norm_pre_clip"":46.19489288330078,""behavior_approximate_kl"":0.009584999643266201,""clip_fraction"":0.671142578125,""epoch"":1,""minibatch"":2,""moving_forward_kl"":0.00797862745821476},{""accumulated_microbatches"":1,""action_mean_shift"":0.00535943079739809,""actor_gradient_norm_pre_clip"":32.437599182128906,""behavior_approximate_kl"":0.0057692211121320724,""clip_fraction"":0.616455078125,""epoch"":1,""minibatch"":3,""moving_forward_kl"":0.006283232942223549},{""accumulated_microbatches"":1,""action_mean_shift"":0.0042264992371201515,""actor_gradient_norm_pre_clip"":32.46333312988281,""behavior_approximate_kl"":0.004572269972413778,""clip_fraction"":0.53656005859375,""epoch"":1,""minibatch"":4,""moving_forward_kl"":0.0038627914618700743},{""accumulated_microbatches"":1,""action_mean_shift"":0.0037810010835528374,""actor_gradient_norm_pre_clip"":28.79641342163086,""behavior_approximate_kl"":0.0054310644045472145,""clip_fraction"":0.4764404296875,""epoch"":2,""minibatch"":1,""moving_forward_kl"":0.003218424040824175},{""accumulated_microbatches"":1,""action_mean_shift"":0.0035195108503103256,""actor_gradient_norm_pre_clip"":29.843975067138672,""behavior_approximate_kl"":0.0029386868700385094,""clip_fraction"":0.44354248046875,""epoch"":2,""minibatch"":2,""moving_forward_kl"":0.0027743387036025524},{""accumulated_microbatches"":1,""action_mean_shift"":0.003577164141461253,""actor_gradient_norm_pre_clip"":28.574504852294922,""behavior_approximate_kl"":0.0034128394909203053,""clip_fraction"":0.4600830078125,""epoch"":2,""minibatch"":3,""moving_forward_kl"":0.0027620322071015835},{""accumulated_microbatches"":1,""action_mean_shift"":0.003417189233005047,""actor_gradient_norm_pre_clip"":29.715085983276367,""behavior_approximate_kl"":0.0035255071707069874,""clip_fraction"":0.4481201171875,""epoch"":2,""minibatch"":4,""moving_forward_kl"":0.0025299498811364174}]",0.0,0.0,0.0,0.0,0.0,0.0,0.0,0.0,0.0,0.0,0.0,0.0,0.0,0.0,0.0,0.0,0.0,0.0,0.0,0.0,0.0,0.0,0.0,0.0
2,1.0,0.6976744186046512,0.3023255813953488,129,0.6976744186046512,0.3023255813953488,0,,,7.598149465960126,8.255813953488373,0.0013023637875448912,0.8086891248822212,0.0007980556692928076,0.0011184619506821036,0.1762847900390625,0.0021839714172529057,28.35861587524414,1.0,0.0,0.0,0.0,0.0,0.0,0.05,0.6288569569587708,0.0,0.0,0.0,none,none,0.0,8446,6.805801868438721,902.0,269a116fa793fe04a5ceb49b252cb3dd6184bdb8a45ce51a91da93ff92812a6d,a1cbcc23e91c86da130b8d7817910c2f95fbd6709a2a74df2db443971512dd11,"[0.0011396482586860657,0.0007980556692928076]","[{""accumulated_microbatches"":1,""action_mean_shift"":0.002020913874730468,""actor_gradient_norm_pre_clip"":11.806103706359863,""behavior_approximate_kl"":0.001184850581921637,""clip_fraction"":0.19866943359375,""epoch"":1,""minibatch"":1,""moving_forward_kl"":0.0009150567930191755},{""accumulated_microbatches"":1,""action_mean_shift"":0.0025525102391839027,""actor_gradient_norm_pre_clip"":26.243545532226562,""behavior_approximate_kl"":0.0011748792603611946,""clip_fraction"":0.31182861328125,""epoch"":1,""minibatch"":2,""moving_forward_kl"":0.0013693519867956638},{""accumulated_microbatches"":1,""action_mean_shift"":0.0025808271020650864,""actor_gradient_norm_pre_clip"":28.35861587524414,""behavior_approximate_kl"":0.001217647222802043,""clip_fraction"":0.31500244140625,""epoch"":1,""minibatch"":3,""moving_forward_kl"":0.001441102009266615},{""accumulated_microbatches"":1,""action_mean_shift"":0.0022543487139046192,""actor_gradient_norm_pre_clip"":26.13155174255371,""behavior_approximate_kl"":0.0012219728669151664,""clip_fraction"":0.24798583984375,""epoch"":1,""minibatch"":4,""moving_forward_kl"":0.0011565715540200472},{""accumulated_microbatches"":1,""action_mean_shift"":0.002178607974201441,""actor_gradient_norm_pre_clip"":21.194570541381836,""behavior_approximate_kl"":0.0010714635718613863,""clip_fraction"":0.24090576171875,""epoch"":2,""minibatch"":1,""moving_forward_kl"":0.0010518154595047235},{""accumulated_microbatches"":1,""action_mean_shift"":0.002148774452507496,""actor_gradient_norm_pre_clip"":20.451488494873047,""behavior_approximate_kl"":0.000854059006087482,""clip_fraction"":0.23248291015625,""epoch"":2,""minibatch"":2,""moving_forward_kl"":0.0010205982252955437},{""accumulated_microbatches"":1,""action_mean_shift"":0.0018535465933382511,""actor_gradient_norm_pre_clip"":22.808076858520508,""behavior_approximate_kl"":0.001159165520220995,""clip_fraction"":0.17767333984375,""epoch"":2,""minibatch"":3,""moving_forward_kl"":0.0007575979689136147},{""accumulated_microbatches"":1,""action_mean_shift"":0.0018822423880919814,""actor_gradient_norm_pre_clip"":17.999021530151367,""behavior_approximate_kl"":0.0015369561733677983,""clip_fraction"":0.18084716796875,""epoch"":2,""minibatch"":4,""moving_forward_kl"":0.0008144103921949863}]",0.0,0.0,0.0,0.0,0.0,0.0,0.0,0.0,0.0,0.0,0.0,0.0,0.0,0.0,0.0,0.0,0.0,0.0,0.0,0.0,0.0,0.0,0.0,0.0
3,1.0,0.6946564885496184,0.3053435114503817,131,0.6946564885496184,0.3053435114503817,0,,,7.029825833007579,7.931297709923665,0.000788078410550952,0.7471092268824577,0.0007950852159410715,0.0007465572562068701,0.1907958984375,0.001968358439626172,29.437763214111328,1.0,0.0,0.0,0.0,0.0,0.0,0.05,0.6226910948753357,0.0,0.0,0.0,none,none,0.0,8432,6.844155788421631,930.0,a1cbcc23e91c86da130b8d7817910c2f95fbd6709a2a74df2db443971512dd11,2655b8870d2166c91e8fc43b02d3a45f3d7017ccd1f2cb6b7028294771993d90,"[0.0009897386189550161,0.0007950852159410715]","[{""accumulated_microbatches"":1,""action_mean_shift"":0.0017731746193021536,""actor_gradient_norm_pre_clip"":9.641704559326172,""behavior_approximate_kl"":0.000424939498770982,""clip_fraction"":0.1666259765625,""epoch"":1,""minibatch"":1,""moving_forward_kl"":0.000741822412237525},{""accumulated_microbatches"":1,""action_mean_shift"":0.002205267548561096,""actor_gradient_norm_pre_clip"":22.92649269104004,""behavior_approximate_kl"":0.0011392127489671111,""clip_fraction"":0.2447509765625,""epoch"":1,""minibatch"":2,""moving_forward_kl"":0.0010315781692042947},{""accumulated_microbatches"":1,""action_mean_shift"":0.001993865007534623,""actor_gradient_norm_pre_clip"":29.437763214111328,""behavior_approximate_kl"":0.00039655680302530527,""clip_fraction"":0.20330810546875,""epoch"":1,""minibatch"":3,""moving_forward_kl"":0.0008422038517892361},{""accumulated_microbatches"":1,""action_mean_shift"":0.00208249781280756,""actor_gradient_norm_pre_clip"":22.630083084106445,""behavior_approximate_kl"":0.0009790692711248994,""clip_fraction"":0.21966552734375,""epoch"":1,""minibatch"":4,""moving_forward_kl"":0.0009780186228454113},{""accumulated_microbatches"":1,""action_mean_shift"":0.0018267729319632053,""actor_gradient_norm_pre_clip"":23.42231559753418,""behavior_approximate_kl"":0.0008233182597905397,""clip_fraction"":0.1707763671875,""epoch"":2,""minibatch"":1,""moving_forward_kl"":0.0007235861266963184},{""accumulated_microbatches"":1,""action_mean_shift"":0.0018532366957515478,""actor_gradient_norm_pre_clip"":21.652101516723633,""behavior_approximate_kl"":0.0008092750795185566,""clip_fraction"":0.1739501953125,""epoch"":2,""minibatch"":2,""moving_forward_kl"":0.0007248760084621608},{""accumulated_microbatches"":1,""action_mean_shift"":0.002084178850054741,""actor_gradient_norm_pre_clip"":17.45079803466797,""behavior_approximate_kl"":0.0007580779492855072,""clip_fraction"":0.22747802734375,""epoch"":2,""minibatch"":3,""moving_forward_kl"":0.0009198858169838786},{""accumulated_microbatches"":1,""action_mean_shift"":0.0019278740510344505,""actor_gradient_norm_pre_clip"":26.910266876220703,""behavior_approximate_kl"":0.0011784557718783617,""clip_fraction"":0.1881103515625,""epoch"":2,""minibatch"":4,""moving_forward_kl"":0.0007937787449918687}]",0.0,0.0,0.0,0.0,0.0,0.0,0.0,0.0,0.0,0.0,0.0,0.0,0.0,0.0,0.0,0.0,0.0,0.0,0.0,0.0,0.0,0.0,0.0,0.0
4,1.0,0.6240601503759399,0.37593984962406013,133,0.6240601503759399,0.37593984962406013,0,,,6.386472460022547,7.7518796992481205,-1.5197612810879946e-05,0.6595137268304825,0.0007280458230525255,0.0010944847017526627,0.1772613525390625,0.001708983996650204,21.455039978027344,1.0,0.0,0.0,0.0,0.0,0.0,0.05,0.6413039565086365,0.0,0.0,0.0,none,none,0.0,8400,6.693227291107178,934.0,2655b8870d2166c91e8fc43b02d3a45f3d7017ccd1f2cb6b7028294771993d90,169ac1869cbd696ff5ce1580081bc0ccdb8b369d0c9ab89c73fd85555d5bcd84,"[0.0005764438537880778,0.0007280458230525255]","[{""accumulated_microbatches"":1,""action_mean_shift"":0.001300549367442727,""actor_gradient_norm_pre_clip"":10.337788581848145,""behavior_approximate_kl"":0.000415503658587113,""clip_fraction"":0.0665283203125,""epoch"":1,""minibatch"":1,""moving_forward_kl"":0.0003629729908425361},{""accumulated_microbatches"":1,""action_mean_shift"":0.0017176697729155421,""actor_gradient_norm_pre_clip"":13.007699012756348,""behavior_approximate_kl"":0.0006419584969989955,""clip_fraction"":0.1483154296875,""epoch"":1,""minibatch"":2,""moving_forward_kl"":0.0006157695315778255},{""accumulated_microbatches"":1,""action_mean_shift"":0.0017272145487368107,""actor_gradient_norm_pre_clip"":19.07403564453125,""behavior_approximate_kl"":0.0004315112018957734,""clip_fraction"":0.1478271484375,""epoch"":1,""minibatch"":3,""moving_forward_kl"":0.000626334804110229},{""accumulated_microbatches"":1,""action_mean_shift"":0.001647392986342311,""actor_gradient_norm_pre_clip"":19.547239303588867,""behavior_approximate_kl"":0.00011118396650999784,""clip_fraction"":0.12969970703125,""epoch"":1,""minibatch"":4,""moving_forward_kl"":0.0005728194955736399},{""accumulated_microbatches"":1,""action_mean_shift"":0.001843145815655589,""actor_gradient_norm_pre_clip"":14.035059928894043,""behavior_approximate_kl"":0.0005993556696921587,""clip_fraction"":0.17559814453125,""epoch"":2,""minibatch"":1,""moving_forward_kl"":0.000732289394363761},{""accumulated_microbatches"":1,""action_mean_shift"":0.0017977234674617648,""actor_gradient_norm_pre_clip"":21.455039978027344,""behavior_approximate_kl"":0.0003974169958382845,""clip_fraction"":0.16162109375,""epoch"":2,""minibatch"":2,""moving_forward_kl"":0.0006868938799016178},{""accumulated_microbatches"":1,""action_mean_shift"":0.0017836331389844418,""actor_gradient_norm_pre_clip"":17.209884643554688,""behavior_approximate_kl"":0.0004902544897049665,""clip_fraction"":0.16015625,""epoch"":2,""minibatch"":3,""moving_forward_kl"":0.0006773018976673484},{""accumulated_microbatches"":1,""action_mean_shift"":0.001854542875662446,""actor_gradient_norm_pre_clip"":16.79853057861328,""behavior_approximate_kl"":0.0010643432615324855,""clip_fraction"":0.1739501953125,""epoch"":2,""minibatch"":4,""moving_forward_kl"":0.0007266326574608684}]",0.0,0.0,0.0,0.0,0.0,0.0,0.0,0.0,0.0,0.0,0.0,0.0,0.0,0.0,0.0,0.0,0.0,0.0,0.0,0.0,0.0,0.0,0.0,0.0
5,1.0,0.631578947368421,0.3684210526315789,133,0.631578947368421,0.3684210526315789,0,,,6.2566477391952855,7.796992481203008,0.00042267722892574966,0.60228331387043,0.0005756150931119919,0.0009236530167981982,0.1323699951171875,0.001759220045641996,26.997636795043945,1.0,0.0,0.0,0.0,0.0,0.0,0.05,0.6297482848167419,0.0,0.0,0.0,none,none,0.0,8596,6.915526866912842,888.0,169ac1869cbd696ff5ce1580081bc0ccdb8b369d0c9ab89c73fd85555d5bcd84,863a50dfc86c4ba7ef5286d73918478753370aede11b51bbed05eb1f7d4d4668,"[0.000606733257882297,0.0005756150931119919]","[{""accumulated_microbatches"":1,""action_mean_shift"":0.001420593005605042,""actor_gradient_norm_pre_clip"":11.122005462646484,""behavior_approximate_kl"":0.00022313898080028594,""clip_fraction"":0.098876953125,""epoch"":1,""minibatch"":1,""moving_forward_kl"":0.00045547832269221544},{""accumulated_microbatches"":1,""action_mean_shift"":0.0020405971445143223,""actor_gradient_norm_pre_clip"":19.306312561035156,""behavior_approximate_kl"":0.0007046977989375591,""clip_fraction"":0.21356201171875,""epoch"":1,""minibatch"":2,""moving_forward_kl"":0.0008798741037026048},{""accumulated_microbatches"":1,""action_mean_shift"":0.0020347111858427525,""actor_gradient_norm_pre_clip"":26.997636795043945,""behavior_approximate_kl"":0.0007773820543661714,""clip_fraction"":0.212158203125,""epoch"":1,""minibatch"":3,""moving_forward_kl"":0.0008546730969101191},{""accumulated_microbatches"":1,""action_mean_shift"":0.0017071408219635487,""actor_gradient_norm_pre_clip"":23.609445571899414,""behavior_approximate_kl"":0.0005037834635004401,""clip_fraction"":0.14691162109375,""epoch"":1,""minibatch"":4,""moving_forward_kl"":0.0006067571230232716},{""accumulated_microbatches"":1,""action_mean_shift"":0.0015356626827269793,""actor_gradient_norm_pre_clip"":15.759553909301758,""behavior_approximate_kl"":0.000455890636658296,""clip_fraction"":0.1114501953125,""epoch"":2,""minibatch"":1,""moving_forward_kl"":0.0005026547587476671},{""accumulated_microbatches"":1,""action_mean_shift"":0.0019038351019844413,""actor_gradient_norm_pre_clip"":15.223670959472656,""behavior_approximate_kl"":0.0010818738956004381,""clip_fraction"":0.19073486328125,""epoch"":2,""minibatch"":2,""moving_forward_kl"":0.0007779638399370015},{""accumulated_microbatches"":1,""action_mean_shift"":0.0017870108131319284,""actor_gradient_norm_pre_clip"":19.943103790283203,""behavior_approximate_kl"":0.000745803234167397,""clip_fraction"":0.1614990234375,""epoch"":2,""minibatch"":3,""moving_forward_kl"":0.0006785260047763586},{""accumulated_microbatches"":1,""action_mean_shift"":0.0016442096093669534,""actor_gradient_norm_pre_clip"":21.376550674438477,""behavior_approximate_kl"":0.0010776824783533812,""clip_fraction"":0.13067626953125,""epoch"":2,""minibatch"":4,""moving_forward_kl"":0.0005782454973086715}]",0.0,0.0,0.0,0.0,0.0,0.0,0.0,0.0,0.0,0.0,0.0,0.0,0.0,0.0,0.0,0.0,0.0,0.0,0.0,0.0,0.0,0.0,0.0,0.0
6,1.0,0.6976744186046512,0.3023255813953488,129,0.6976744186046512,0.3023255813953488,0,,,7.292764550955721,7.9689922480620154,0.00022419779270421714,0.581502765417099,0.0005938301328569651,0.0008294731378555298,0.138153076171875,0.0016548096755286679,23.7235164642334,1.0,0.0,0.0,0.0,0.0,0.0,0.05,0.6256066560745239,0.0,0.0,0.0,none,none,0.0,8551,6.824421405792236,918.0,863a50dfc86c4ba7ef5286d73918478753370aede11b51bbed05eb1f7d4d4668,4561c182c42776d37daf6393d1422723fe288e8b6d2f9687bc5a3f38f5480acf,"[0.0005663634510710835,0.0005938301328569651]","[{""accumulated_microbatches"":1,""action_mean_shift"":0.0011987208854407072,""actor_gradient_norm_pre_clip"":12.255080223083496,""behavior_approximate_kl"":0.0002618502185214311,""clip_fraction"":0.05377197265625,""epoch"":1,""minibatch"":1,""moving_forward_kl"":0.00031059712637215853},{""accumulated_microbatches"":1,""action_mean_shift"":0.0019353290554136038,""actor_gradient_norm_pre_clip"":13.790179252624512,""behavior_approximate_kl"":0.00018341756367590278,""clip_fraction"":0.1929931640625,""epoch"":1,""minibatch"":2,""moving_forward_kl"":0.0007921233191154897},{""accumulated_microbatches"":1,""action_mean_shift"":0.0018282154342159629,""actor_gradient_norm_pre_clip"":23.326974868774414,""behavior_approximate_kl"":0.00036063502193428576,""clip_fraction"":0.172119140625,""epoch"":1,""minibatch"":3,""moving_forward_kl"":0.0007006013765931129},{""accumulated_microbatches"":1,""action_mean_shift"":0.0016284410376101732,""actor_gradient_norm_pre_clip"":23.7235164642334,""behavior_approximate_kl"":0.0004523165989667177,""clip_fraction"":0.1292724609375,""epoch"":1,""minibatch"":4,""moving_forward_kl"":0.0005665956414304674},{""accumulated_microbatches"":1,""action_mean_shift"":0.001620373222976923,""actor_gradient_norm_pre_clip"":16.803653717041016,""behavior_approximate_kl"":0.0004515424370765686,""clip_fraction"":0.12652587890625,""epoch"":2,""minibatch"":1,""moving_forward_kl"":0.0005511177005246282},{""accumulated_microbatches"":1,""action_mean_shift"":0.001691874349489808,""actor_gradient_norm_pre_clip"":18.912506103515625,""behavior_approximate_kl"":0.0011526832822710276,""clip_fraction"":0.142333984375,""epoch"":2,""minibatch"":2,""moving_forward_kl"":0.0005979503039270639},{""accumulated_microbatches"":1,""action_mean_shift"":0.0016509757842868567,""actor_gradient_norm_pre_clip"":18.551681518554688,""behavior_approximate_kl"":0.00047949323197826743,""clip_fraction"":0.1334228515625,""epoch"":2,""minibatch"":3,""moving_forward_kl"":0.00057588005438447},{""accumulated_microbatches"":1,""action_mean_shift"":0.0016845476347953081,""actor_gradient_norm_pre_clip"":20.485204696655273,""behavior_approximate_kl"":0.0008889177697710693,""clip_fraction"":0.1414794921875,""epoch"":2,""minibatch"":4,""moving_forward_kl"":0.0005962492432445288}]",0.0,0.0,0.0,0.0,0.0,0.0,0.0,0.0,0.0,0.0,0.0,0.0,0.0,0.0,0.0,0.0,0.0,0.0,0.0,0.0,0.0,0.0,0.0,0.0
7,1.0,0.7022900763358778,0.29770992366412213,131,0.7022900763358778,0.29770992366412213,0,,,7.517371093953839,8.01526717557252,0.0002039425598923117,0.5074859149754047,0.0006299871020019054,0.0009670548024587333,0.145660400390625,0.0016595526685705408,22.6750431060791,1.0,0.0,0.0,0.0,0.0,0.0,0.05,0.6340574026107788,0.0,0.0,0.0,none,none,0.0,8333,6.661071300506592,914.0,4561c182c42776d37daf6393d1422723fe288e8b6d2f9687bc5a3f38f5480acf,95060520af0611ea07d2a99ad1301cad2bf449a90dc9a4caa641f2c94f666143,"[0.0004620709514711052,0.0006299871020019054]","[{""accumulated_microbatches"":1,""action_mean_shift"":0.0012600718764588237,""actor_gradient_norm_pre_clip"":11.028265953063965,""behavior_approximate_kl"":0.0005199669394642115,""clip_fraction"":0.06201171875,""epoch"":1,""minibatch"":1,""moving_forward_kl"":0.00034386798506602645},{""accumulated_microbatches"":1,""action_mean_shift"":0.001801978563889861,""actor_gradient_norm_pre_clip"":14.297564506530762,""behavior_approximate_kl"":0.0006066999631002545,""clip_fraction"":0.16455078125,""epoch"":1,""minibatch"":2,""moving_forward_kl"":0.0006906307535246015},{""accumulated_microbatches"":1,""action_mean_shift"":0.0016418215818703175,""actor_gradient_norm_pre_clip"":22.6750431060791,""behavior_approximate_kl"":0.0006438156124204397,""clip_fraction"":0.1337890625,""epoch"":1,""minibatch"":3,""moving_forward_kl"":0.0005799278151243925},{""accumulated_microbatches"":1,""action_mean_shift"":0.0014642650494351983,""actor_gradient_norm_pre_clip"":18.651216506958008,""behavior_approximate_kl"":-3.5942939575761557e-06,""clip_fraction"":0.096923828125,""epoch"":1,""minibatch"":4,""moving_forward_kl"":0.00046275934437289834},{""accumulated_microbatches"":1,""action_mean_shift"":0.001674500061199069,""actor_gradient_norm_pre_clip"":13.606144905090332,""behavior_approximate_kl"":0.00038166038575582206,""clip_fraction"":0.13525390625,""epoch"":2,""minibatch"":1,""moving_forward_kl"":0.0006160323973745108},{""accumulated_microbatches"":1,""action_mean_shift"":0.0018549405504018068,""actor_gradient_norm_pre_clip"":18.112873077392578,""behavior_approximate_kl"":0.0008100669365376234,""clip_fraction"":0.17559814453125,""epoch"":2,""minibatch"":2,""moving_forward_kl"":0.0007235667435452342},{""accumulated_microbatches"":1,""action_mean_shift"":0.0018668866250663996,""actor_gradient_norm_pre_clip"":21.195566177368164,""behavior_approximate_kl"":0.0008206230122596025,""clip_fraction"":0.1761474609375,""epoch"":2,""minibatch"":3,""moving_forward_kl"":0.0007622828707098961},{""accumulated_microbatches"":1,""action_mean_shift"":0.0017119570402428508,""actor_gradient_norm_pre_clip"":18.524890899658203,""behavior_approximate_kl"":0.001395612838678062,""clip_fraction"":0.14697265625,""epoch"":2,""minibatch"":4,""moving_forward_kl"":0.0006311385659500957}]",0.0,0.0,0.0,0.0,0.0,0.0,0.0,0.0,0.0,0.0,0.0,0.0,0.0,0.0,0.0,0.0,0.0,0.0,0.0,0.0,0.0,0.0,0.0,0.0
8,1.0,0.6240601503759399,0.37593984962406013,133,0.6240601503759399,0.37593984962406013,0,,,6.337969070090387,7.7819548872180455,0.0005824723048135638,0.47024834528565407,0.0005611308151856065,0.0007785790949128568,0.1273040771484375,0.0017576270620338619,28.247499465942383,1.0,0.0,0.0,0.0,0.0,0.0,0.05,0.6473215818405151,0.0,0.0,0.0,none,none,0.0,8594,6.853269577026367,883.0,95060520af0611ea07d2a99ad1301cad2bf449a90dc9a4caa641f2c94f666143,07c16c75ddddc5d416c241110045c8d013e2ad578ba0f3f0ef66db958090e474,"[0.00048395892372354865,0.0005611308151856065]","[{""accumulated_microbatches"":1,""action_mean_shift"":0.0015319297090172768,""actor_gradient_norm_pre_clip"":12.677026748657227,""behavior_approximate_kl"":0.00025872650439850986,""clip_fraction"":0.11968994140625,""epoch"":1,""minibatch"":1,""moving_forward_kl"":0.0005270573310554028},{""accumulated_microbatches"":1,""action_mean_shift"":0.0021147453226149082,""actor_gradient_norm_pre_clip"":18.63574981689453,""behavior_approximate_kl"":0.0018551787361502647,""clip_fraction"":0.24029541015625,""epoch"":1,""minibatch"":2,""moving_forward_kl"":0.0009309075539931655},{""accumulated_microbatches"":1,""action_mean_shift"":0.001917562447488308,""actor_gradient_norm_pre_clip"":28.247499465942383,""behavior_approximate_kl"":0.0007974777836352587,""clip_fraction"":0.1873779296875,""epoch"":1,""minibatch"":3,""moving_forward_kl"":0.0007820831378921866},{""accumulated_microbatches"":1,""action_mean_shift"":0.0015167307574301958,""actor_gradient_norm_pre_clip"":23.04770851135254,""behavior_approximate_kl"":0.00022661450202576816,""clip_fraction"":0.107666015625,""epoch"":1,""minibatch"":4,""moving_forward_kl"":0.00048690647236071527},{""accumulated_microbatches"":1,""action_mean_shift"":0.0015570083633065224,""actor_gradient_norm_pre_clip"":15.126978874206543,""behavior_approximate_kl"":0.0006531755207106471,""clip_fraction"":0.11761474609375,""epoch"":2,""minibatch"":1,""moving_forward_kl"":0.0005233108531683683},{""accumulated_microbatches"":1,""action_mean_shift"":0.00196034274995327,""actor_gradient_norm_pre_clip"":18.20279312133789,""behavior_approximate_kl"":0.0013508417177945375,""clip_fraction"":0.2000732421875,""epoch"":2,""minibatch"":2,""moving_forward_kl"":0.000839569023810327},{""accumulated_microbatches"":1,""action_mean_shift"":0.0018454823875799775,""actor_gradient_norm_pre_clip"":22.669015884399414,""behavior_approximate_kl"":0.0006506302743218839,""clip_fraction"":0.1744384765625,""epoch"":2,""minibatch"":3,""moving_forward_kl"":0.0007460778579115868},{""accumulated_microbatches"":1,""action_mean_shift"":0.0016172147588804364,""actor_gradient_norm_pre_clip"":23.155139923095703,""behavior_approximate_kl"":0.0009675052715465426,""clip_fraction"":0.12530517578125,""epoch"":2,""minibatch"":4,""moving_forward_kl"":0.0005590901710093021}]",0.0,0.0,0.0,0.0,0.0,0.0,0.0,0.0,0.0,0.0,0.0,0.0,0.0,0.0,0.0,0.0,0.0,0.0,0.0,0.0,0.0,0.0,0.0,0.0
9,1.0,0.6119402985074627,0.3880597014925373,134,0.6119402985074627,0.3880597014925373,0,,,6.198503446223131,7.7388059701492535,0.0004365394124761224,0.4531675949692726,0.0005501771811395884,0.0006562934722751379,0.1229400634765625,0.0017794204904930666,31.217294692993164,1.0,0.0,0.0,0.0,0.0,0.0,0.05,0.6217182278633118,0.0,0.0,0.0,none,none,0.0,8430,6.622152328491211,939.0,07c16c75ddddc5d416c241110045c8d013e2ad578ba0f3f0ef66db958090e474,c39aa98eccccbbc1359977c976f483389ee766386ade24a1edb11d348821cc84,"[0.0005463066627271473,0.0005501771811395884]","[{""accumulated_microbatches"":1,""action_mean_shift"":0.0014220158336684108,""actor_gradient_norm_pre_clip"":11.383635520935059,""behavior_approximate_kl"":0.0008407608838751912,""clip_fraction"":0.10308837890625,""epoch"":1,""minibatch"":1,""moving_forward_kl"":0.00047078554052859545},{""accumulated_microbatches"":1,""action_mean_shift"":0.002141995821148157,""actor_gradient_norm_pre_clip"":20.332868576049805,""behavior_approximate_kl"":0.0004188660532236099,""clip_fraction"":0.23699951171875,""epoch"":1,""minibatch"":2,""moving_forward_kl"":0.0009796323720365763},{""accumulated_microbatches"":1,""action_mean_shift"":0.002037600614130497,""actor_gradient_norm_pre_clip"":31.217294692993164,""behavior_approximate_kl"":0.0012555398279801011,""clip_fraction"":0.21893310546875,""epoch"":1,""minibatch"":3,""moving_forward_kl"":0.0008712571579962969},{""accumulated_microbatches"":1,""action_mean_shift"":0.0015950161032378674,""actor_gradient_norm_pre_clip"":24.306066513061523,""behavior_approximate_kl"":0.00066532869823277,""clip_fraction"":0.12811279296875,""epoch"":1,""minibatch"":4,""moving_forward_kl"":0.0005465785507112741},{""accumulated_microbatches"":1,""action_mean_shift"":0.001794925075955689,""actor_gradient_norm_pre_clip"":14.73580265045166,""behavior_approximate_kl"":0.0011746834497898817,""clip_fraction"":0.1666259765625,""epoch"":2,""minibatch"":1,""moving_forward_kl"":0.0006839206325821579},{""accumulated_microbatches"":1,""action_mean_shift"":0.001907423953525722,""actor_gradient_norm_pre_clip"":21.310890197753906,""behavior_approximate_kl"":0.0011339769698679447,""clip_fraction"":0.18212890625,""epoch"":2,""minibatch"":2,""moving_forward_kl"":0.000771565071772784},{""accumulated_microbatches"":1,""action_mean_shift"":0.001746583729982376,""actor_gradient_norm_pre_clip"":20.92327308654785,""behavior_approximate_kl"":0.0008583037415519357,""clip_fraction"":0.1524658203125,""epoch"":2,""minibatch"":3,""moving_forward_kl"":0.0006532216793857515},{""accumulated_microbatches"":1,""action_mean_shift"":0.0015898027922958136,""actor_gradient_norm_pre_clip"":18.935802459716797,""behavior_approximate_kl"":0.0007660725386813283,""clip_fraction"":0.12109375,""epoch"":2,""minibatch"":4,""moving_forward_kl"":0.0005482258275151253}]",0.0,0.0,0.0,0.0,0.0,0.0,0.0,0.0,0.0,0.0,0.0,0.0,0.0,0.0,0.0,0.0,0.0,0.0,0.0,0.0,0.0,0.0,0.0,0.0
10,1.0,0.6377952755905512,0.36220472440944884,127,0.6377952755905512,0.36220472440944884,0,,,6.842289042285108,8.062992125984252,9.025039616972208e-06,0.4164043553173542,0.0005804485990665853,0.00040662087849341333,0.1346435546875,0.0016494864685228094,19.77809715270996,1.0,0.0,0.0,0.0,0.0,0.0,0.05,0.6225751042366028,0.0,0.0,0.0,none,none,0.0,8379,6.57692289352417,947.0,c39aa98eccccbbc1359977c976f483389ee766386ade24a1edb11d348821cc84,9abd9785a5e6e331bba2ffb21fd32f69602bce1834bd61b4b13fd5459728ef79,"[0.0006353172357194126,0.0005804485990665853]","[{""accumulated_microbatches"":1,""action_mean_shift"":0.0013604778796434402,""actor_gradient_norm_pre_clip"":11.251517295837402,""behavior_approximate_kl"":0.00036691251443699,""clip_fraction"":0.0853271484375,""epoch"":1,""minibatch"":1,""moving_forward_kl"":0.0004144984413869679},{""accumulated_microbatches"":1,""action_mean_shift"":0.0017010029405355453,""actor_gradient_norm_pre_clip"":15.02140998840332,""behavior_approximate_kl"":0.00042313389712944627,""clip_fraction"":0.1419677734375,""epoch"":1,""minibatch"":2,""moving_forward_kl"":0.0006098714657127857},{""accumulated_microbatches"":1,""action_mean_shift"":0.0015532911056652665,""actor_gradient_norm_pre_clip"":19.286012649536133,""behavior_approximate_kl"":0.00030366770806722343,""clip_fraction"":0.107666015625,""epoch"":1,""minibatch"":3,""moving_forward_kl"":0.0005028017330914736},{""accumulated_microbatches"":1,""action_mean_shift"":0.0017306641675531864,""actor_gradient_norm_pre_clip"":19.273773193359375,""behavior_approximate_kl"":0.0004083560488652438,""clip_fraction"":0.15313720703125,""epoch"":1,""minibatch"":4,""moving_forward_kl"":0.0006385568995028734},{""accumulated_microbatches"":1,""action_mean_shift"":0.0017048146110028028,""actor_gradient_norm_pre_clip"":17.89853286743164,""behavior_approximate_kl"":0.0005906919250264764,""clip_fraction"":0.14630126953125,""epoch"":2,""minibatch"":1,""moving_forward_kl"":0.0006285988492891192},{""accumulated_microbatches"":1,""action_mean_shift"":0.0017879661172628403,""actor_gradient_norm_pre_clip"":17.682449340820312,""behavior_approximate_kl"":0.00035027237026952207,""clip_fraction"":0.15863037109375,""epoch"":2,""minibatch"":2,""moving_forward_kl"":0.0006759203970432281},{""accumulated_microbatches"":1,""action_mean_shift"":0.0017009252915158868,""actor_gradient_norm_pre_clip"":19.77809715270996,""behavior_approximate_kl"":0.0008160269935615361,""clip_fraction"":0.14337158203125,""epoch"":2,""minibatch"":3,""moving_forward_kl"":0.0006115649593994021},{""accumulated_microbatches"":1,""action_mean_shift"":0.0016567496350035071,""actor_gradient_norm_pre_clip"":18.808483123779297,""behavior_approximate_kl"":0.0006657263729721308,""clip_fraction"":0.1343994140625,""epoch"":2,""minibatch"":4,""moving_forward_kl"":0.0005824064719490707}]",0.0,0.0,0.0,0.0,0.0,0.0,0.0,0.0,0.0,0.0,0.0,0.0,0.0,0.0,0.0,0.0,0.0,0.0,0.0,0.0,0.0,0.0,0.0,0.0
