context_id,specialist_mode,evaluation_role,comparison,old_role,new_role,paired_episodes,old_success_rate,new_success_rate,success_delta,success_delta_lcb95,success_delta_ucb95,old_fall_rate,new_fall_rate,fall_delta,fall_delta_lcb95,fall_delta_ucb95,base_failure_count,base_success_count,repair_count,regression_count,repair_rate,regression_rate,repair_minus_regression
L1,lateral,target,control_minus_base,base,control,1024,0.748046875,0.76953125,0.021484375,-0.013671875,0.056640625,0.251953125,0.23046875,-0.021484375,-0.056640625,0.013671875,258,766,182,160,0.7054263565891473,0.20887728459530025,0.49654907199384707
L1,lateral,target,v21_minus_base,base,v21,1024,0.748046875,0.744140625,-0.00390625,-0.0380859375,0.03125,0.251953125,0.255859375,0.00390625,-0.03125,0.0380859375,258,766,165,169,0.6395348837209303,0.2206266318537859,0.41890825186714437
L1,lateral,target,v21_minus_control,control,v21,1024,0.76953125,0.744140625,-0.025390625,-0.0615234375,0.0107421875,0.23046875,0.255859375,0.025390625,-0.009765625,0.0625,236,788,162,188,0.6864406779661016,0.23857868020304568,0.44786199776305596
L1,lateral,D0,control_minus_base,base,control,256,0.88671875,0.93359375,0.046875,0.0,0.09375,0.03125,0.0234375,-0.0078125,-0.03515625,0.01953125,29,227,24,12,0.8275862068965517,0.05286343612334802,0.7747227707732037
L1,lateral,D0,v21_minus_base,base,v21,256,0.88671875,0.91796875,0.03125,-0.01171875,0.07421875,0.03125,0.0234375,-0.0078125,-0.03125,0.015625,29,227,20,12,0.6896551724137931,0.05286343612334802,0.6367917362904452
L1,lateral,D0,v21_minus_control,control,v21,256,0.93359375,0.91796875,-0.015625,-0.0625,0.03125,0.0234375,0.0234375,0.0,-0.02734375,0.02734375,17,239,15,19,0.8823529411764706,0.0794979079497908,0.8028550332266797
L2,lateral,target,control_minus_base,base,control,1024,0.779296875,0.8076171875,0.0283203125,-0.00390625,0.0615234375,0.220703125,0.1923828125,-0.0283203125,-0.060546875,0.00390625,226,798,161,132,0.7123893805309734,0.16541353383458646,0.546975846696387
L2,lateral,target,v21_minus_base,base,v21,1024,0.779296875,0.787109375,0.0078125,-0.0263671875,0.0419921875,0.220703125,0.212890625,-0.0078125,-0.04296875,0.0263671875,226,798,168,160,0.7433628318584071,0.20050125313283207,0.5428615787255751
L2,lateral,target,v21_minus_control,control,v21,1024,0.8076171875,0.787109375,-0.0205078125,-0.0546875,0.0126953125,0.1923828125,0.212890625,0.0205078125,-0.0126953125,0.0546875,197,827,145,166,0.7360406091370558,0.2007255139056832,0.5353150952313727
L2,lateral,D0,control_minus_base,base,control,256,0.9375,0.90234375,-0.03515625,-0.08203125,0.0078125,0.0078125,0.0234375,0.015625,-0.00390625,0.0390625,16,240,13,22,0.8125,0.09166666666666666,0.7208333333333333
L2,lateral,D0,v21_minus_base,base,v21,256,0.9375,0.890625,-0.046875,-0.09765625,0.0,0.0078125,0.015625,0.0078125,-0.01171875,0.02734375,16,240,14,26,0.875,0.10833333333333334,0.7666666666666666
L2,lateral,D0,v21_minus_control,control,v21,256,0.90234375,0.890625,-0.01171875,-0.0625,0.0390625,0.0234375,0.015625,-0.0078125,-0.03125,0.015625,25,231,21,24,0.84,0.1038961038961039,0.736103896103896
L3,lateral,target,control_minus_base,base,control,1024,0.80078125,0.798828125,-0.001953125,-0.02734375,0.0234375,0.19921875,0.2001953125,0.0009765625,-0.0244140625,0.0263671875,204,820,89,91,0.4362745098039216,0.11097560975609756,0.325298900047824
L3,lateral,target,v21_minus_base,base,v21,1024,0.80078125,0.814453125,0.013671875,-0.0185546875,0.0458984375,0.19921875,0.185546875,-0.013671875,-0.0458984375,0.0185546875,204,820,150,136,0.7352941176470589,0.16585365853658537,0.5694404591104735
L3,lateral,target,v21_minus_control,control,v21,1024,0.798828125,0.814453125,0.015625,-0.017578125,0.0498046875,0.2001953125,0.185546875,-0.0146484375,-0.048828125,0.0185546875,206,818,162,146,0.7864077669902912,0.1784841075794621,0.6079236594108292
L3,lateral,D0,control_minus_base,base,control,256,0.8984375,0.8984375,0.0,-0.03125,0.03125,0.02734375,0.02734375,0.0,-0.015625,0.015625,26,230,9,9,0.34615384615384615,0.0391304347826087,0.30702341137123745
L3,lateral,D0,v21_minus_base,base,v21,256,0.8984375,0.9140625,0.015625,-0.03515625,0.06640625,0.02734375,0.0234375,-0.00390625,-0.03125,0.0234375,26,230,24,20,0.9230769230769231,0.08695652173913043,0.8361204013377928
L3,lateral,D0,v21_minus_control,control,v21,256,0.8984375,0.9140625,0.015625,-0.03515625,0.06640625,0.02734375,0.0234375,-0.00390625,-0.03125,0.0234375,26,230,24,20,0.9230769230769231,0.08695652173913043,0.8361204013377928
L4,lateral,target,control_minus_base,base,control,1024,0.7939453125,0.802734375,0.0087890625,-0.0244140625,0.041015625,0.2060546875,0.197265625,-0.0087890625,-0.041015625,0.0244140625,211,813,151,142,0.7156398104265402,0.17466174661746617,0.5409780638090741
L4,lateral,target,v21_minus_base,base,v21,1024,0.7939453125,0.7861328125,-0.0078125,-0.0390625,0.0234375,0.2060546875,0.2138671875,0.0078125,-0.0234375,0.0390625,211,813,129,137,0.6113744075829384,0.16851168511685116,0.4428627224660872
L4,lateral,target,v21_minus_control,control,v21,1024,0.802734375,0.7861328125,-0.0166015625,-0.0478515625,0.015625,0.197265625,0.2138671875,0.0166015625,-0.015625,0.048828125,202,822,132,149,0.6534653465346535,0.18126520681265207,0.4722001397220014
L4,lateral,D0,control_minus_base,base,control,256,0.9296875,0.9296875,0.0,-0.046875,0.046875,0.015625,0.0234375,0.0078125,-0.01171875,0.03125,18,238,17,17,0.9444444444444444,0.07142857142857142,0.873015873015873
L4,lateral,D0,v21_minus_base,base,v21,256,0.9296875,0.9140625,-0.015625,-0.0625,0.03125,0.015625,0.015625,0.0,-0.01953125,0.01953125,18,238,17,21,0.9444444444444444,0.08823529411764706,0.8562091503267973
L4,lateral,D0,v21_minus_control,control,v21,256,0.9296875,0.9140625,-0.015625,-0.0625,0.03125,0.0234375,0.015625,-0.0078125,-0.03125,0.015625,18,238,17,21,0.9444444444444444,0.08823529411764706,0.8562091503267973
L5,lateral,target,control_minus_base,base,control,1024,0.748046875,0.7451171875,-0.0029296875,-0.0361328125,0.03125,0.251953125,0.2548828125,0.0029296875,-0.0302734375,0.0361328125,258,766,152,155,0.5891472868217055,0.20234986945169714,0.38679741737000833
L5,lateral,target,v21_minus_base,base,v21,1024,0.748046875,0.751953125,0.00390625,-0.0302734375,0.0380859375,0.251953125,0.248046875,-0.00390625,-0.0390625,0.0302734375,258,766,166,162,0.6434108527131783,0.21148825065274152,0.4319226020604368
L5,lateral,target,v21_minus_control,control,v21,1024,0.7451171875,0.751953125,0.0068359375,-0.0283203125,0.041015625,0.2548828125,0.248046875,-0.0068359375,-0.041015625,0.02734375,261,763,165,158,0.632183908045977,0.20707732634338138,0.42510658170259563
L5,lateral,D0,control_minus_base,base,control,256,0.9140625,0.91796875,0.00390625,-0.04296875,0.05078125,0.01171875,0.015625,0.00390625,-0.01171875,0.0234375,22,234,18,17,0.8181818181818182,0.07264957264957266,0.7455322455322456
L5,lateral,D0,v21_minus_base,base,v21,256,0.9140625,0.91015625,-0.00390625,-0.0546875,0.046875,0.01171875,0.0234375,0.01171875,-0.01171875,0.03515625,22,234,20,21,0.9090909090909091,0.08974358974358974,0.8193473193473193
L5,lateral,D0,v21_minus_control,control,v21,256,0.91796875,0.91015625,-0.0078125,-0.05078125,0.03515625,0.015625,0.0234375,0.0078125,-0.015625,0.03125,21,235,16,18,0.7619047619047619,0.07659574468085106,0.6853090172239108
C1,contact_stability,target,control_minus_base,base,control,1024,0.8037109375,0.78125,-0.0224609375,-0.05859375,0.0126953125,0.1962890625,0.21875,0.0224609375,-0.0126953125,0.0576171875,201,823,155,178,0.7711442786069652,0.21628189550425272,0.5548623831027125
C1,contact_stability,target,v21_minus_base,base,v21,1024,0.8037109375,0.8134765625,0.009765625,-0.025390625,0.044921875,0.1962890625,0.1865234375,-0.009765625,-0.0439453125,0.025390625,201,823,170,160,0.845771144278607,0.19441069258809235,0.6513604516905147
C1,contact_stability,target,v21_minus_control,control,v21,1024,0.78125,0.8134765625,0.0322265625,-0.0029296875,0.068359375,0.21875,0.1865234375,-0.0322265625,-0.0673828125,0.0029541015624996447,224,800,185,152,0.8258928571428571,0.19,0.635892857142857
C1,contact_stability,D0,control_minus_base,base,control,256,0.93359375,0.921875,-0.01171875,-0.0546875,0.03515625,0.0078125,0.0,-0.0078125,-0.01953125,0.0,17,239,15,18,0.8823529411764706,0.07531380753138076,0.8070391336450898
C1,contact_stability,D0,v21_minus_base,base,v21,256,0.93359375,0.92578125,-0.0078125,-0.05078125,0.03515625,0.0078125,0.03515625,0.02734375,0.00390625,0.0546875,17,239,15,17,0.8823529411764706,0.07112970711297072,0.8112232340634998
C1,contact_stability,D0,v21_minus_control,control,v21,256,0.921875,0.92578125,0.00390625,-0.04296875,0.05078125,0.0,0.03515625,0.03515625,0.015625,0.05859375,20,236,19,18,0.95,0.07627118644067797,0.873728813559322
C2,contact_stability,target,control_minus_base,base,control,1024,0.7548828125,0.76171875,0.0068359375,-0.0302734375,0.04296875,0.2451171875,0.23828125,-0.0068359375,-0.0439453125,0.029296875,251,773,185,178,0.7370517928286853,0.23027166882276842,0.5067801240059169
C2,contact_stability,target,v21_minus_base,base,v21,1024,0.7548828125,0.7666015625,0.01171875,-0.025390625,0.048828125,0.2451171875,0.2333984375,-0.01171875,-0.0478515625,0.0263671875,251,773,194,182,0.7729083665338645,0.23544631306597671,0.5374620534678878
C2,contact_stability,target,v21_minus_control,control,v21,1024,0.76171875,0.7666015625,0.0048828125,-0.03125,0.041015625,0.23828125,0.2333984375,-0.0048828125,-0.04296875,0.03125,244,780,189,184,0.7745901639344263,0.2358974358974359,0.5386927280369904
C2,contact_stability,D0,control_minus_base,base,control,256,0.92578125,0.8984375,-0.02734375,-0.07421875,0.01953125,0.00390625,0.01171875,0.0078125,-0.0078125,0.0234375,19,237,16,23,0.8421052631578947,0.0970464135021097,0.745058849655785
C2,contact_stability,D0,v21_minus_base,base,v21,256,0.92578125,0.8984375,-0.02734375,-0.07421875,0.01953125,0.00390625,0.03125,0.02734375,0.0078125,0.05078125,19,237,16,23,0.8421052631578947,0.0970464135021097,0.745058849655785
C2,contact_stability,D0,v21_minus_control,control,v21,256,0.8984375,0.8984375,0.0,-0.046875,0.046875,0.01171875,0.03125,0.01953125,-0.00390625,0.04306640624999858,26,230,21,21,0.8076923076923077,0.09130434782608696,0.7163879598662207
C3,contact_stability,target,control_minus_base,base,control,1024,0.7841796875,0.8037109375,0.01953125,-0.013671875,0.0537109375,0.216796875,0.1962890625,-0.0205078125,-0.052734375,0.01171875,221,803,160,140,0.7239819004524887,0.17434620174346202,0.5496356987090266
C3,contact_stability,target,v21_minus_base,base,v21,1024,0.7841796875,0.794921875,0.0107421875,-0.0234375,0.044921875,0.216796875,0.205078125,-0.01171875,-0.0458984375,0.0224609375,221,803,168,157,0.7601809954751131,0.19551681195516812,0.564664183519945
C3,contact_stability,target,v21_minus_control,control,v21,1024,0.8037109375,0.794921875,-0.0087890625,-0.0419921875,0.0244140625,0.1962890625,0.205078125,0.0087890625,-0.024438476562499978,0.04296875,201,823,149,158,0.7412935323383084,0.1919805589307412,0.5493129734075672
C3,contact_stability,D0,control_minus_base,base,control,256,0.90625,0.9296875,0.0234375,-0.0234375,0.0703125,0.02734375,0.015625,-0.01171875,-0.03515625,0.01171875,24,232,21,15,0.875,0.06465517241379311,0.8103448275862069
C3,contact_stability,D0,v21_minus_base,base,v21,256,0.90625,0.91796875,0.01171875,-0.03515625,0.0625,0.02734375,0.02734375,0.0,-0.02734375,0.02734375,24,232,22,19,0.9166666666666666,0.08189655172413793,0.8347701149425287
C3,contact_stability,D0,v21_minus_control,control,v21,256,0.9296875,0.91796875,-0.01171875,-0.0546875,0.03125,0.015625,0.02734375,0.01171875,-0.01171875,0.0390625,18,238,16,19,0.8888888888888888,0.07983193277310924,0.8090569561157797
C4,contact_stability,target,control_minus_base,base,control,1024,0.787109375,0.7861328125,-0.0009765625,-0.0341796875,0.033203125,0.212890625,0.2138671875,0.0009765625,-0.033203125,0.0361328125,218,806,160,161,0.7339449541284404,0.19975186104218362,0.5341930930862568
C4,contact_stability,target,v21_minus_base,base,v21,1024,0.787109375,0.77734375,-0.009765625,-0.0439453125,0.025390625,0.212890625,0.22265625,0.009765625,-0.0244140625,0.044921875,218,806,164,174,0.7522935779816514,0.21588089330024815,0.5364126846814032
C4,contact_stability,target,v21_minus_control,control,v21,1024,0.7861328125,0.77734375,-0.0087890625,-0.0439453125,0.026391601562499645,0.2138671875,0.22265625,0.0087890625,-0.0263671875,0.0439453125,219,805,163,172,0.7442922374429224,0.21366459627329193,0.5306276411696305
C4,contact_stability,D0,control_minus_base,base,control,256,0.90234375,0.91796875,0.015625,-0.03515625,0.06640625,0.01953125,0.0234375,0.00390625,-0.01953125,0.03125,25,231,23,19,0.92,0.08225108225108226,0.8377489177489178
C4,contact_stability,D0,v21_minus_base,base,v21,256,0.90234375,0.91796875,0.015625,-0.03125,0.06640625,0.01953125,0.03125,0.01171875,-0.01171875,0.0390625,25,231,22,18,0.88,0.07792207792207792,0.8020779220779221
C4,contact_stability,D0,v21_minus_control,control,v21,256,0.91796875,0.91796875,0.0,-0.046875,0.046875,0.0234375,0.03125,0.0078125,-0.01953125,0.03515625,21,235,18,18,0.8571428571428571,0.07659574468085106,0.780547112462006
C5,contact_stability,target,control_minus_base,base,control,1024,0.8037109375,0.775390625,-0.0283203125,-0.0625,0.005859375,0.1962890625,0.224609375,0.0283203125,-0.0048828125,0.0615234375,201,823,140,169,0.6965174129353234,0.20534629404617255,0.4911711188891509
C5,contact_stability,target,v21_minus_base,base,v21,1024,0.8037109375,0.7724609375,-0.03125,-0.06640625,0.0029296875,0.1962890625,0.2275390625,0.03125,-0.0029296875,0.06640625,201,823,150,182,0.746268656716418,0.22114216281895505,0.5251264938974629
C5,contact_stability,target,v21_minus_control,control,v21,1024,0.775390625,0.7724609375,-0.0029296875,-0.0380859375,0.03125,0.224609375,0.2275390625,0.0029296875,-0.0322265625,0.0380859375,230,794,164,167,0.7130434782608696,0.21032745591939547,0.5027160223414741
C5,contact_stability,D0,control_minus_base,base,control,256,0.92578125,0.9140625,-0.01171875,-0.0546875,0.03125,0.01953125,0.02734375,0.0078125,-0.015625,0.03125,19,237,14,17,0.7368421052631579,0.07172995780590717,0.6651121474572507
C5,contact_stability,D0,v21_minus_base,base,v21,256,0.92578125,0.90234375,-0.0234375,-0.0703125,0.01953125,0.01953125,0.00390625,-0.015625,-0.03515625,0.0,19,237,15,21,0.7894736842105263,0.08860759493670886,0.7008660892738174
C5,contact_stability,D0,v21_minus_control,control,v21,256,0.9140625,0.90234375,-0.01171875,-0.05859375,0.03515625,0.02734375,0.00390625,-0.0234375,-0.046875,-0.00390625,22,234,17,20,0.7727272727272727,0.08547008547008547,0.6872571872571872
