context_id,specialist_mode,policy_role,evaluation_seed,environment_id,telemetry_rows,episode_steps,success,fell,failure_type,same_rollout_outcome_bound,abs_centerline_error_mean,abs_centerline_error_max,abs_heading_error_mean,abs_heading_error_max,abs_centerline_error_rate_mean,abs_centerline_error_rate_max,abs_heading_error_rate_mean,abs_heading_error_rate_max,command_vy_mean,command_vy_max,command_wz_mean,command_wz_max,cbf_correction_norm_mean,cbf_correction_norm_max,maximum_slip_speed_mean,maximum_slip_speed_max,contact_phase_mismatch_mean,contact_phase_mismatch_max,abs_roll_rad_mean,abs_roll_rad_max,abs_pitch_rad_mean,abs_pitch_rad_max,angular_velocity_norm_mean,angular_velocity_norm_max
C1,contact_stability,base,79150000,0,1010,1010,1,0,success,True,,,,,,,,,,,,,0.0014126743094789685,0.23225709795951843,0.19660248451884652,2.0,0.13762376237623763,1.0,0.046799294852913335,0.21160979568958282,0.12904487110822493,0.3307938575744629,1.9074524276032305,5.117038726806641
C1,contact_stability,base,79150001,0,947,947,1,0,success,True,,,,,,,,,,,,,0.000585034972188996,0.1599322408437729,0.20830544911080592,2.0,0.1457233368532207,1.0,0.0491604871803433,0.20751526951789856,0.12892734869472366,0.3524002730846405,1.9825784771721868,4.596813678741455
C1,contact_stability,base,79150002,0,463,463,0,1,contact_stability,True,,,,,,,,,,,,,0.001595469715442279,0.24949708580970764,0.19643088733700967,1.9979029893875122,0.15226781857451405,1.0,0.0524277276493055,0.40397417545318604,0.1338265823904237,1.1282209157943726,2.069297966895299,7.7977118492126465
C1,contact_stability,base,79150003,0,847,847,1,0,success,True,,,,,,,,,,,,,0.0006863274290227659,0.18305349349975586,0.19839534136480977,2.0,0.13754427390791027,1.0,0.05407162861056238,0.2022678107023239,0.12930987239188155,0.4106568694114685,2.040018683376391,5.7540283203125
C1,contact_stability,base,79150004,0,932,932,1,0,success,True,,,,,,,,,,,,,0.0009959713279058847,0.17970386147499084,0.21594743499102154,2.0,0.13465665236051502,1.0,0.053248144585901616,0.21836872398853302,0.12908582773640165,0.3743162453174591,2.0059392509478355,5.770068645477295
C1,contact_stability,base,79150005,0,1004,1004,1,0,success,True,,,,,,,,,,,,,0.0011465927861451445,0.23158609867095947,0.1976612499657999,2.0,0.14143426294820718,1.0,0.04872883190854076,0.19834844768047333,0.12969061437639806,0.3445269465446472,1.9595885596189841,4.619237899780273
C1,contact_stability,base,79150006,0,470,470,0,1,contact_stability,True,,,,,,,,,,,,,0.01065774187613814,0.7576587796211243,0.19897744038323079,2.0,0.15425531914893617,1.0,0.0658222659360638,1.129549503326416,0.12961597780063552,0.7853553891181946,2.1474433999112312,9.251068115234375
C1,contact_stability,base,79150007,0,1028,1028,1,0,success,True,,,,,,,,,,,,,0.002913644766643593,0.298458456993103,0.208631194687443,2.0,0.1546692607003891,1.0,0.051956783746831825,0.3940502107143402,0.12849453493436336,0.352120965719223,1.9293695992648834,5.455328941345215
C1,contact_stability,control,79150000,0,1091,1091,1,0,success,True,,,,,,,,,,,,,0.0015184147694483272,0.17055803537368774,0.1931920811692065,2.0,0.14802933088909256,1.0,0.0464855322774705,0.19216561317443848,0.12743305131314728,0.3273658752441406,1.896473425774264,5.240638732910156
C1,contact_stability,control,79150001,0,911,911,1,0,success,True,,,,,,,,,,,,,0.0011392872799884546,0.16652610898017883,0.2018702152025023,2.0,0.13830954994511527,1.0,0.052027318184470296,0.21139606833457947,0.12921317711446934,0.37201300263404846,1.9904536906175896,5.332705497741699
C1,contact_stability,control,79150002,0,959,959,1,0,success,True,,,,,,,,,,,,,0.000474446167312634,0.14409488439559937,0.2055808089606025,2.0,0.14181438998957246,1.0,0.05202916717575185,0.2703650891780853,0.12893390828778115,0.33521920442581177,2.021110652991579,5.353669166564941
C1,contact_stability,control,79150003,0,762,762,0,1,contact_stability,True,,,,,,,,,,,,,0.0009188670865536943,0.1538679152727127,0.19147444881891143,2.0,0.1463254593175853,1.0,0.05485889723866252,0.6561164259910583,0.13401671286166336,1.1297659873962402,2.0573058047788977,6.825047492980957
C1,contact_stability,control,79150004,0,973,973,1,0,success,True,,,,,,,,,,,,,0.0018028900801994885,0.2771681547164917,0.21072446799514966,2.0,0.14028776978417265,1.0,0.05118603410929923,0.2039506733417511,0.12907814036836576,0.3347262144088745,1.9887618282225983,5.944639682769775
C1,contact_stability,control,79150005,0,568,568,0,1,contact_stability,True,,,,,,,,,,,,,0.0019265500337006052,0.19241011142730713,0.20950122330334484,2.0,0.1487676056338028,1.0,0.056717179035535,0.7278644442558289,0.13372487872391745,1.0091373920440674,2.0541781575327187,7.663411617279053
C1,contact_stability,control,79150006,0,906,906,1,0,success,True,,,,,,,,,,,,,0.0011174470688955186,0.2030346691608429,0.20052477613628059,2.0,0.15562913907284767,1.0,0.054433495688957896,0.23441727459430695,0.12970095381446717,0.3627152144908905,2.0482329584033154,5.747429847717285
C1,contact_stability,control,79150007,0,1063,1063,1,0,success,True,,,,,,,,,,,,,0.001914778482855676,0.1946786493062973,0.18788393389876942,2.0,0.14816556914393228,1.0,0.044663244994053164,0.18771156668663025,0.1276357463518846,0.3492313325405121,1.911965392298667,4.767214775085449
C1,contact_stability,v21,79150000,0,1119,1119,1,0,success,True,,,,,,,,,,,,,0.001437078417771762,0.2726835012435913,0.19101800380273196,2.0,0.14343163538873996,1.0,0.045635078112372586,0.27405232191085815,0.12698634410708104,0.327412873506546,1.8640453631692533,4.502346515655518
C1,contact_stability,v21,79150001,0,1096,1096,1,0,success,True,,,,,,,,,,,,,0.0013606243790752225,0.18399347364902496,0.1935345467322771,2.0,0.1437043795620438,1.0,0.05030025079717513,0.29846298694610596,0.1283389902337586,0.4080297648906708,1.9677941984340657,7.291845321655273
C1,contact_stability,v21,79150002,0,971,971,1,0,success,True,,,,,,,,,,,,,0.002408975410223383,0.3419699966907501,0.19955051832634094,2.0,0.14160659114315138,1.0,0.05421794718539788,0.37081143260002136,0.13218547164292357,0.3794015049934387,2.0002709935303207,5.949913501739502
C1,contact_stability,v21,79150003,0,917,917,1,0,success,True,,,,,,,,,,,,,0.002096118243525021,0.7273290157318115,0.2102771553754524,2.0,0.1510359869138495,1.0,0.05795296397155105,0.24985425174236298,0.13128290905529805,0.39875528216362,2.021598551467045,5.499190807342529
C1,contact_stability,v21,79150004,0,1040,1040,1,0,success,True,,,,,,,,,,,,,0.001777612076323106,0.34681931138038635,0.19903809451416937,2.0,0.14423076923076922,1.0,0.05011388838548531,0.2582207918167114,0.12907373120671758,0.36984264850616455,1.9892577811144292,5.956441879272461
C1,contact_stability,v21,79150005,0,977,977,1,0,success,True,,,,,,,,,,,,,0.0010113530480981726,0.14621926844120026,0.2102264574016473,2.0,0.13971340839303992,1.0,0.051912050370986666,0.19322066009044647,0.1271884408040914,0.31016483902931213,1.9451818039741828,4.5569329261779785
C1,contact_stability,v21,79150006,0,520,520,0,1,contact_stability,True,,,,,,,,,,,,,0.0020542942555688884,0.26521503925323486,0.22165849031578266,2.0,0.1576923076923077,1.0,0.053202068250859345,0.3236921727657318,0.1356871768093639,1.1025265455245972,2.0387227123746503,9.619966506958008
C1,contact_stability,v21,79150007,0,988,988,1,0,success,True,,,,,,,,,,,,,0.001093681903257133,0.15798676013946533,0.20437849213902723,2.0,0.145748987854251,1.0,0.053637194108255105,0.20980893075466156,0.128392280031756,0.36060410737991333,1.9856790749861402,5.675360679626465
C2,contact_stability,base,79160000,0,851,851,1,0,success,True,,,,,,,,,,,,,0.0009621558231504583,0.1559101939201355,0.1969477013514085,2.0,0.14571092831962398,1.0,0.051452771384345196,0.19245833158493042,0.12890298053683533,0.3495887219905853,2.071181145121292,4.49561882019043
C2,contact_stability,base,79160001,0,949,949,1,0,success,True,,,,,,,,,,,,,0.0027876943198451003,0.28294122219085693,0.18703759153514857,2.0,0.14488935721812435,1.0,0.05613948984495424,0.21988171339035034,0.13091933780883966,0.3428744673728943,2.0246186128908765,4.80142879486084
C2,contact_stability,base,79160002,0,414,414,0,1,contact_stability,True,,,,,,,,,,,,,0.003527408161712432,0.1822013407945633,0.16903575249679909,2.0,0.1642512077294686,1.0,0.05872830415253106,0.46150368452072144,0.1286374120857758,1.0238075256347656,1.9848111009828135,9.273138046264648
C2,contact_stability,base,79160003,0,1005,1005,1,0,success,True,,,,,,,,,,,,,0.003099311886709818,0.35750216245651245,0.20151972241713595,2.0,0.1582089552238806,1.0,0.05767473404254717,0.457567423582077,0.13301273529423158,0.3718496859073639,2.031273852399926,5.845516681671143
C2,contact_stability,base,79160004,0,911,911,1,0,success,True,,,,,,,,,,,,,0.0025861918225948983,0.3066927492618561,0.2017904541365246,2.0,0.1421514818880351,1.0,0.0547066706099215,0.2563634514808655,0.13110682748844948,0.3582801818847656,2.0531864812031273,5.307056903839111
C2,contact_stability,base,79160005,0,1064,1064,1,0,success,True,,,,,,,,,,,,,0.0018560531142138212,0.17409412562847137,0.186034313097808,2.0,0.14097744360902256,1.0,0.05559204529877458,0.2994496524333954,0.13070529191447863,0.4173669219017029,1.9587958124011082,5.531231880187988
C2,contact_stability,base,79160006,0,916,916,1,0,success,True,,,,,,,,,,,,,0.0011774146638462905,0.19352957606315613,0.19245156623216195,2.0,0.15010917030567686,1.0,0.056006505258671846,0.3421652019023895,0.1328335427763791,0.3605577349662781,2.080692533907932,6.161921501159668
C2,contact_stability,base,79160007,0,990,990,1,0,success,True,,,,,,,,,,,,,0.0027758061178940192,0.3452540934085846,0.1806891841386478,2.0,0.15404040404040403,1.0,0.0516647714395037,0.21829143166542053,0.12980644534808458,0.3498610258102417,1.9678642177220547,5.378671169281006
C2,contact_stability,control,79160000,0,922,922,1,0,success,True,,,,,,,,,,,,,0.001933577004983616,0.35252124071121216,0.18586876578154266,2.0,0.14696312364425163,1.0,0.05316308351592173,0.19413328170776367,0.13000579046019703,0.35870951414108276,2.0383834329771116,4.770700931549072
C2,contact_stability,control,79160001,0,903,903,1,0,success,True,,,,,,,,,,,,,0.002149358220657804,0.24629132449626923,0.19257066925203248,2.0,0.14008859357696568,1.0,0.052008159155001114,0.19707605242729187,0.12970197822359472,0.3334388732910156,2.0184781724465384,4.96722412109375
C2,contact_stability,control,79160002,0,1065,1065,1,0,success,True,,,,,,,,,,,,,0.000873729188114523,0.14667633175849915,0.18369331965201094,2.0,0.13990610328638498,1.0,0.049930889474546394,0.23198044300079346,0.1296700119777011,0.38559356331825256,1.9565069850341814,5.3583245277404785
C2,contact_stability,control,79160003,0,918,918,1,0,success,True,,,,,,,,,,,,,0.0019326208090044434,0.1698305606842041,0.1816529110720795,2.0,0.14270152505446623,1.0,0.05024003888215202,0.2060941755771637,0.13035818273984406,0.3673069477081299,2.002791143158422,5.2792205810546875
C2,contact_stability,control,79160004,0,887,887,1,0,success,True,,,,,,,,,,,,,0.001941646936718834,0.3706953525543213,0.19021373359014498,2.0,0.13979706877113868,1.0,0.05327067527019448,0.19646720588207245,0.1297702593026554,0.3623490631580353,2.084414212333444,5.3043928146362305
C2,contact_stability,control,79160005,0,1035,1035,1,0,success,True,,,,,,,,,,,,,0.0017613935597193488,0.36552542448043823,0.1907052623857699,2.0,0.1463768115942029,1.0,0.05039120770813806,0.22740782797336578,0.12881942006640046,0.3629140257835388,1.936873867114385,5.430838584899902
C2,contact_stability,control,79160006,0,868,868,1,0,success,True,,,,,,,,,,,,,0.0019254645547265564,0.3339513838291168,0.18017919227955134,2.0,0.15380184331797234,1.0,0.05445740281269551,0.22292648255825043,0.13040789892987023,0.34951308369636536,2.0502427183434984,4.359136581420898
C2,contact_stability,control,79160007,0,762,762,0,1,contact_stability,True,,,,,,,,,,,,,0.002056520586215987,0.1976538747549057,0.20338656776897876,2.0,0.14304461942257218,1.0,0.05655249315268103,0.5819182395935059,0.13702575048592755,1.046286702156067,2.0564381475132594,9.102095603942871
C2,contact_stability,v21,79160000,0,928,928,1,0,success,True,,,,,,,,,,,,,0.0016425533860044718,0.42055025696754456,0.18675044092968415,2.0,0.13631465517241378,1.0,0.05370054985825694,0.20669011771678925,0.1294906997234687,0.3404086232185364,2.0432755513245175,4.595968246459961
C2,contact_stability,v21,79160001,0,1037,1037,1,0,success,True,,,,,,,,,,,,,0.003972270958297097,0.27862414717674255,0.1897714721787049,2.0,0.16489874638379942,1.0,0.059389966039186545,0.4115496873855591,0.13329923499897225,0.35476794838905334,2.023445839405405,6.361985206604004
C2,contact_stability,v21,79160002,0,1077,1077,1,0,success,True,,,,,,,,,,,,,0.001970863887907767,0.15085946023464203,0.1805727929902672,2.0,0.1392757660167131,1.0,0.04850033949352845,0.18630051612854004,0.12875232072839102,0.3166405260562897,1.920815700857088,4.497900485992432
C2,contact_stability,v21,79160003,0,940,940,1,0,success,True,,,,,,,,,,,,,0.0016172540079229007,0.17155513167381287,0.18924958986760257,2.0,0.1425531914893617,1.0,0.048796546871961874,0.20602989196777344,0.1298880968774425,0.36375293135643005,2.0089427990799256,5.267611026763916
C2,contact_stability,v21,79160004,0,916,916,1,0,success,True,,,,,,,,,,,,,0.0014350073485716226,0.21204373240470886,0.18399080962393083,2.0,0.13482532751091703,1.0,0.055883251961198095,0.23512883484363556,0.13110595196856395,0.36423394083976746,2.0770265865241337,5.489299774169922
C2,contact_stability,v21,79160005,0,1002,1002,1,0,success,True,,,,,,,,,,,,,0.001296243919777523,0.17456814646720886,0.19087694825101717,2.0,0.13373253493013973,1.0,0.04987124801673623,0.19297803938388824,0.13022078406504756,0.3672800362110138,1.9774542959507353,5.1667351722717285
C2,contact_stability,v21,79160006,0,947,947,1,0,success,True,,,,,,,,,,,,,0.002382637565288435,0.26307570934295654,0.19565567816103638,2.0,0.16261879619852165,1.0,0.05819206883095259,0.33456680178642273,0.13245632818408254,0.3844020366668701,2.085954206042708,5.511144638061523
C2,contact_stability,v21,79160007,0,357,357,0,1,contact_stability,True,,,,,,,,,,,,,0.024852977605091413,1.0961461067199707,0.18705663133865216,2.0,0.16526610644257703,1.0,0.06911775806717294,0.9394389390945435,0.14280662550932674,0.9335306286811829,2.0655627332481683,8.509725570678711
C3,contact_stability,base,79170000,0,668,668,1,0,success,True,,,,,,,,,,,,,0.0032041596400001126,0.5312924385070801,0.18862342043545566,2.0,0.1347305389221557,1.0,0.05762049999849523,0.22443170845508575,0.12652960526110246,0.3675650954246521,2.039442319936024,4.739564418792725
C3,contact_stability,base,79170001,0,616,616,0,1,contact_stability,True,,,,,,,,,,,,,0.012426984638261317,0.9607693552970886,0.2068089821157439,2.0,0.14691558441558442,1.0,0.07323085263430065,0.9157041907310486,0.13360228915131753,0.8026024699211121,2.202459288301406,6.103186130523682
C3,contact_stability,base,79170002,0,674,674,1,0,success,True,,,,,,,,,,,,,0.0019646654424730703,0.2631913125514984,0.19666781465406183,2.0,0.12388724035608309,1.0,0.05925940445268634,0.28281545639038086,0.12849194159892885,0.365134060382843,2.0276813186063967,4.7056379318237305
C3,contact_stability,base,79170003,0,682,682,1,0,success,True,,,,,,,,,,,,,0.0017181426841471168,0.2325982302427292,0.2064272857631647,2.0,0.1378299120234604,1.0,0.05995836458056718,0.2838590145111084,0.13018194273185366,0.35478103160858154,2.0317058482171855,4.981268405914307
C3,contact_stability,base,79170004,0,231,231,0,1,contact_stability,True,,,,,,,,,,,,,0.01991482257828726,0.8427739143371582,0.15521455937956188,1.9794354438781738,0.17316017316017315,1.0,0.06604309405434487,0.6292805671691895,0.13415296540930882,1.0968892574310303,1.958352548283932,7.000840663909912
C3,contact_stability,base,79170005,0,688,688,1,0,success,True,,,,,,,,,,,,,0.002117065443908451,0.28359562158584595,0.20929075319788332,2.0,0.13880813953488372,1.0,0.0679048767915453,0.4008695185184479,0.13512858672642508,0.4235643446445465,2.1209393699631787,5.50309944152832
C3,contact_stability,base,79170006,0,620,620,1,0,success,True,,,,,,,,,,,,,0.0006541160374864899,0.1580965220928192,0.20823944720360751,2.0,0.12741935483870967,1.0,0.05906021132198902,0.20728598535060883,0.12612054894712804,0.36157655715942383,2.0479282297434347,4.8421950340271
C3,contact_stability,base,79170007,0,631,631,1,0,success,True,,,,,,,,,,,,,0.0010142974814802486,0.16034634411334991,0.19605225935931098,2.0,0.12519809825673534,1.0,0.060138026168082864,0.19912885129451752,0.12602307593792528,0.3523329198360443,2.029064992056029,4.805545330047607
C3,contact_stability,control,79170000,0,647,647,1,0,success,True,,,,,,,,,,,,,0.0012397134238331844,0.21237137913703918,0.20687046284582955,2.0,0.13987635239567234,1.0,0.058925371959994,0.25558602809906006,0.1277905498954043,0.35653695464134216,2.0729919917754818,4.47109317779541
C3,contact_stability,control,79170001,0,676,676,1,0,success,True,,,,,,,,,,,,,0.0023197084877772268,0.23191750049591064,0.1838601818463225,2.0,0.13609467455621302,1.0,0.0632413200953045,0.357272207736969,0.12903764196218828,0.401755154132843,2.0617748226683874,6.171092510223389
C3,contact_stability,control,79170002,0,646,646,1,0,success,True,,,,,,,,,,,,,0.0008530824583288212,0.16909494996070862,0.19441818599927962,2.0,0.11842105263157894,1.0,0.05982297548031596,0.19400054216384888,0.12642968139110558,0.3595130741596222,2.032918734539404,4.733982086181641
C3,contact_stability,control,79170003,0,664,664,1,0,success,True,,,,,,,,,,,,,0.0015774630695436357,0.23243999481201172,0.19573860026016573,2.0,0.13253012048192772,1.0,0.056534018706466065,0.25440460443496704,0.12811106294735522,0.3503256142139435,1.9803897155426353,5.285848617553711
C3,contact_stability,control,79170004,0,648,648,1,0,success,True,,,,,,,,,,,,,0.00157700563713571,0.24254128336906433,0.19719369133235887,2.0,0.12422839506172839,1.0,0.05782996017035913,0.19247311353683472,0.12766306630220564,0.35775452852249146,2.0437768643009075,5.2540106773376465
C3,contact_stability,control,79170005,0,659,659,1,0,success,True,,,,,,,,,,,,,0.0015393291157772377,0.21833084523677826,0.2021814406590115,2.0,0.15705614567526555,1.0,0.06014344510652656,0.32585757970809937,0.1297234133134555,0.4095887839794159,2.0914439845021833,5.732364654541016
C3,contact_stability,control,79170006,0,632,632,1,0,success,True,,,,,,,,,,,,,0.0011443677745664165,0.2223713994026184,0.1962633389361421,2.0,0.13291139240506328,1.0,0.05707820275011788,0.21034836769104004,0.12647926454952413,0.3665083944797516,2.0390119466553385,5.683157444000244
C3,contact_stability,control,79170007,0,680,680,1,0,success,True,,,,,,,,,,,,,0.002778018115608542,0.3005407154560089,0.21298179624324856,2.0,0.1536764705882353,1.0,0.06425645825961063,0.4388370215892792,0.13099404280376975,0.3774402141571045,2.0725225522237665,6.209281921386719
C3,contact_stability,v21,79170000,0,613,613,1,0,success,True,,,,,,,,,,,,,0.0009563565695514711,0.18041089177131653,0.19797591073685408,2.0,0.12805872756933115,1.0,0.06504774728059558,0.22565190494060516,0.12717802637936532,0.34790170192718506,2.158764044184475,4.961318016052246
C3,contact_stability,v21,79170001,0,626,626,1,0,success,True,,,,,,,,,,,,,0.001301346845167515,0.17598490417003632,0.18490492501043188,2.0,0.13178913738019168,1.0,0.06712898608871729,0.26020368933677673,0.12872503338766458,0.35752779245376587,2.155213846066318,5.294106483459473
C3,contact_stability,v21,79170002,0,670,670,1,0,success,True,,,,,,,,,,,,,0.0012927567312835948,0.2471356838941574,0.19543512697681723,2.0,0.13134328358208955,1.0,0.05733566069075452,0.22174212336540222,0.12734386344220544,0.3632417619228363,2.032993648434753,4.574676990509033
C3,contact_stability,v21,79170003,0,637,637,1,0,success,True,,,,,,,,,,,,,0.0014284155223461474,0.23180469870567322,0.2153335258471041,2.0,0.1357927786499215,1.0,0.06054700533435348,0.20015621185302734,0.12700093583434768,0.3640618324279785,2.063968866104421,5.8137664794921875
C3,contact_stability,v21,79170004,0,630,630,1,0,success,True,,,,,,,,,,,,,0.0017908701970201783,0.2611135244369507,0.2053876994270092,2.0,0.13174603174603175,1.0,0.05857972686825514,0.21296526491641998,0.1278393992497711,0.3649071753025055,2.0265736858523082,4.62527322769165
C3,contact_stability,v21,79170005,0,675,675,1,0,success,True,,,,,,,,,,,,,0.0009907279626232448,0.15896488726139069,0.18731790222503522,2.0,0.1385185185185185,1.0,0.059413896284601427,0.3036976754665375,0.12989957578582897,0.3488057553768158,2.059517310857773,4.919339179992676
C3,contact_stability,v21,79170006,0,641,641,1,0,success,True,,,,,,,,,,,,,0.0006323051380596991,0.1562398076057434,0.19453125574746621,2.0,0.13182527301092042,1.0,0.05734861420820467,0.20607921481132507,0.12600062048131785,0.35239219665527344,2.0212503921781053,4.5752787590026855
C3,contact_stability,v21,79170007,0,568,568,0,1,contact_stability,True,,,,,,,,,,,,,0.0019168498577542485,0.16167931258678436,0.22323114242717054,2.0,0.14788732394366197,1.0,0.06446878104698557,0.5339435338973999,0.1287260149822006,1.2127083539962769,2.1773539492991607,10.362549781799316
C4,contact_stability,base,79180000,0,254,254,0,1,contact_stability,True,,,,,,,,,,,,,0.0078023201288880545,0.37589943408966064,0.22535978648289084,2.0,0.19291338582677164,1.0,0.08074643833408421,0.7588191628456116,0.13882952545838467,0.9926884770393372,2.1378870645141976,8.399630546569824
C4,contact_stability,base,79180001,0,609,609,1,0,success,True,,,,,,,,,,,,,0.0032245746166954838,0.46778643131256104,0.22164863138325813,2.0,0.11822660098522167,1.0,0.06364488688367913,0.21288132667541504,0.1286006763965882,0.36506786942481995,2.106014333065899,5.181634902954102
C4,contact_stability,base,79180002,0,617,617,1,0,success,True,,,,,,,,,,,,,0.0032398152676530573,0.5167543292045593,0.22109678999077065,2.0,0.11993517017828201,1.0,0.06372350749749511,0.20750969648361206,0.1243974125794991,0.3759617209434509,2.107238238499269,4.794919967651367
C4,contact_stability,base,79180003,0,810,810,1,0,success,True,,,,,,,,,,,,,0.0009120879105625431,0.15024325251579285,0.19952066013184203,2.0,0.15123456790123457,1.0,0.052611497922129366,0.21246378123760223,0.12334481215963027,0.3527541756629944,1.9120922191275491,5.720640659332275
C4,contact_stability,base,79180004,0,621,621,1,0,success,True,,,,,,,,,,,,,0.0012676401783954599,0.23104430735111237,0.21418392120398605,2.0,0.13848631239935588,1.0,0.058483144506480594,0.21892300248146057,0.125604464964165,0.37285497784614563,2.0520091506018154,4.910994052886963
C4,contact_stability,base,79180005,0,656,656,1,0,success,True,,,,,,,,,,,,,0.0024852715905790785,0.34186404943466187,0.21810320805205974,2.0,0.12652439024390244,1.0,0.056552793896337765,0.21775995194911957,0.1262772726239203,0.39581817388534546,1.9966254682711713,5.0947771072387695
C4,contact_stability,base,79180006,0,795,795,1,0,success,True,,,,,,,,,,,,,0.003947852820665819,0.6065953969955444,0.20592738634944416,2.0,0.15220125786163521,1.0,0.055832170482547204,0.23979876935482025,0.12532565627734,0.35793930292129517,1.8800319210163452,5.814828872680664
C4,contact_stability,base,79180007,0,709,709,1,0,success,True,,,,,,,,,,,,,0.0012894744573029727,0.19183292984962463,0.21317337476533452,2.0,0.15585331452750353,1.0,0.056605594698865724,0.21988102793693542,0.12443182443467621,0.39023077487945557,1.9914427523636515,5.369107723236084
C4,contact_stability,control,79180000,0,657,657,1,0,success,True,,,,,,,,,,,,,0.001728803332510661,0.3093985617160797,0.21592318108636685,2.0,0.13318112633181126,1.0,0.05790996189860034,0.22658218443393707,0.1265395555585894,0.3526155650615692,2.0331036010742913,7.449775695800781
C4,contact_stability,control,79180001,0,356,356,0,1,contact_stability,True,,,,,,,,,,,,,0.006639149995775124,0.48455554246902466,0.1861498437464117,2.0,0.17134831460674158,1.0,0.05936054342420662,0.1996760368347168,0.1283018554332926,1.0866960287094116,2.026732756264424,11.360344886779785
C4,contact_stability,control,79180002,0,684,684,1,0,success,True,,,,,,,,,,,,,0.0021378902611955647,0.20312704145908356,0.2143109898531894,2.0,0.14546783625730994,1.0,0.06677396687195329,0.3840498924255371,0.12858695813778148,0.3920140564441681,2.0719070049405794,5.703714847564697
C4,contact_stability,control,79180003,0,720,720,1,0,success,True,,,,,,,,,,,,,0.000999195634827752,0.19877050817012787,0.2004129498647267,2.0,0.13680555555555557,1.0,0.0625692449487555,0.3680139482021332,0.12740846270056713,0.3725041449069977,2.0127212243775525,6.413651466369629
C4,contact_stability,control,79180004,0,554,554,0,1,contact_stability,True,,,,,,,,,,,,,0.00908974462310401,1.1012121438980103,0.24025437618783987,2.0,0.18411552346570398,1.0,0.07593282925224272,1.0445678234100342,0.13765031930706167,0.8534767627716064,2.089123145552749,6.012668132781982
C4,contact_stability,control,79180005,0,300,300,0,1,contact_stability,True,,,,,,,,,,,,,0.014260713004292498,0.9526994228363037,0.19410410340332115,2.0,0.19833333333333333,1.0,0.05833070049004164,0.32247406244277954,0.14116052249213681,1.218587875366211,2.0361704136927923,7.774308681488037
C4,contact_stability,control,79180006,0,769,769,1,0,success,True,,,,,,,,,,,,,0.0030542197212823164,0.43687671422958374,0.20000342751873756,2.0,0.14889466840052015,1.0,0.051217768472025145,0.19805197417736053,0.12634353902705953,0.3743990361690521,1.8468294664151648,4.844037055969238
C4,contact_stability,control,79180007,0,385,385,0,1,contact_stability,True,,,,,,,,,,,,,0.0043747225410222055,0.34917670488357544,0.19851062521882742,2.0,0.17662337662337663,1.0,0.06587696860597239,0.40547415614128113,0.1312983081902798,1.0831035375595093,1.9908582480696888,9.123987197875977
C4,contact_stability,v21,79180000,0,644,644,1,0,success,True,,,,,,,,,,,,,0.0013662432340147761,0.2652929127216339,0.2071037981617597,2.0,0.1343167701863354,1.0,0.05761648875094716,0.23123857378959656,0.12670392259431942,0.3692166805267334,2.022875624552647,4.9434075355529785
C4,contact_stability,v21,79180001,0,702,702,1,0,success,True,,,,,,,,,,,,,0.003079625374410525,0.45328760147094727,0.23320163622683582,2.0,0.16096866096866097,1.0,0.06022020548700365,0.23065614700317383,0.1258146691551261,0.36318930983543396,2.0730454233551976,6.4966559410095215
C4,contact_stability,v21,79180002,0,650,650,1,0,success,True,,,,,,,,,,,,,0.001518858405260301,0.20345422625541687,0.22407137067809416,2.0,0.15153846153846154,1.0,0.06215201886066793,0.23138201236724854,0.12459713724914184,0.37358760833740234,2.090465025489147,5.922215938568115
C4,contact_stability,v21,79180003,0,737,737,1,0,success,True,,,,,,,,,,,,,0.004035136757416723,0.5152630805969238,0.18863095076068517,2.0,0.14925373134328357,1.0,0.055395358890942784,0.20894064009189606,0.1267123814625848,0.3696464002132416,1.9426238312811832,4.898147106170654
C4,contact_stability,v21,79180004,0,651,651,1,0,success,True,,,,,,,,,,,,,0.0012614582035629092,0.24053414165973663,0.21197955677079783,2.0,0.1359447004608295,1.0,0.060345732113488565,0.22580976784229279,0.12652526603391048,0.374472975730896,2.0259804365363903,5.470159530639648
C4,contact_stability,v21,79180005,0,693,693,1,0,success,True,,,,,,,,,,,,,0.003477885335935686,0.32953473925590515,0.19983695863255918,2.0,0.13852813852813853,1.0,0.057580236362166325,0.23716261982917786,0.12711752378508348,0.3745861351490021,2.0066208043397764,4.484142780303955
C4,contact_stability,v21,79180006,0,708,708,1,0,success,True,,,,,,,,,,,,,0.0025131456781834955,0.21859174966812134,0.21141099028343086,2.0,0.1384180790960452,1.0,0.05364218062155062,0.20313340425491333,0.12590313477139986,0.3799533247947693,1.9200756497639047,4.963552474975586
C4,contact_stability,v21,79180007,0,620,620,1,0,success,True,,,,,,,,,,,,,0.0019295492370045837,0.3201020061969757,0.22087696375017385,2.0,0.13306451612903225,1.0,0.06165118278188748,0.21845005452632904,0.12693076121110025,0.3883105218410492,2.0585425167554807,4.92834997177124
C5,contact_stability,base,79190000,0,731,731,1,0,success,True,,,,,,,,,,,,,0.004550380703332246,0.7351805567741394,0.2240585575457382,2.0,0.12448700410396717,1.0,0.05306740255285984,0.19615891575813293,0.12886355784713333,0.37221580743789673,1.9730217473940712,4.816473007202148
C5,contact_stability,base,79190001,0,810,810,1,0,success,True,,,,,,,,,,,,,0.008791856091545893,0.6624061465263367,0.22924313363552676,2.0,0.12530864197530864,1.0,0.05592399268902789,0.22838738560676575,0.12715120449127423,0.38533830642700195,1.9633325697647201,5.710153102874756
C5,contact_stability,base,79190002,0,737,737,1,0,success,True,,,,,,,,,,,,,0.008004918384789573,0.9241926670074463,0.21835898213894733,2.0,0.12143826322930801,1.0,0.060281177225348294,0.25132086873054504,0.13127892102955516,0.42756232619285583,2.0622557232629006,6.093058109283447
C5,contact_stability,base,79190003,0,708,708,1,0,success,True,,,,,,,,,,,,,0.004130450767433361,0.46039441227912903,0.2249992436684647,2.0,0.12146892655367232,1.0,0.05586216357479877,0.19955772161483765,0.12827344877931193,0.3787291944026947,2.032390834626842,4.592151641845703
C5,contact_stability,base,79190004,0,828,828,1,0,success,True,,,,,,,,,,,,,0.009143572657688233,0.8471007943153381,0.2355395317566075,2.0,0.14251207729468598,1.0,0.05972888073823618,0.25879111886024475,0.1317542687718573,0.3666817247867584,2.037680891526926,7.5822014808654785
C5,contact_stability,base,79190005,0,433,433,0,1,contact_stability,True,,,,,,,,,,,,,0.014442563553238976,0.49482500553131104,0.2193186108598821,2.0,0.14780600461893764,1.0,0.07330170267800021,0.6479049324989319,0.13877771265600986,1.1074588298797607,2.143903875598731,7.0309600830078125
C5,contact_stability,base,79190006,0,711,711,1,0,success,True,,,,,,,,,,,,,0.004028710787709302,0.48065292835235596,0.21898834160384992,2.0,0.12517580872011252,1.0,0.05490307017577579,0.20773503184318542,0.128576373144606,0.38273850083351135,1.9940264918716983,4.786996364593506
C5,contact_stability,base,79190007,0,768,768,1,0,success,True,,,,,,,,,,,,,0.008921298678020355,0.5347867608070374,0.2158265747959073,2.0,0.12109375,1.0,0.05464315337558797,0.20139308273792267,0.12688322735716187,0.35707399249076843,1.9790877574511494,4.794802188873291
C5,contact_stability,control,79190000,0,541,541,0,1,contact_stability,True,,,,,,,,,,,,,0.009099075958381272,0.6587643027305603,0.22307115479143486,2.0,0.12939001848428835,1.0,0.06477443599149411,0.7225275635719299,0.13408322762026847,1.021749496459961,2.082396206816111,6.738605976104736
C5,contact_stability,control,79190001,0,802,802,1,0,success,True,,,,,,,,,,,,,0.007654374412585889,0.6362370848655701,0.2121128592735384,2.0,0.14027431421446385,1.0,0.055745770812161616,0.2483605146408081,0.12816838352000948,0.3734816312789917,1.9865389720088527,5.101272106170654
C5,contact_stability,control,79190002,0,792,792,1,0,success,True,,,,,,,,,,,,,0.009347512051244906,0.6497009992599487,0.23220442871726588,2.0,0.12184343434343434,1.0,0.0617058901246934,0.23231227695941925,0.12946583348237106,0.4200301766395569,2.048479956057337,5.746596813201904
C5,contact_stability,control,79190003,0,137,137,0,1,contact_stability,True,,,,,,,,,,,,,0.00897919172921077,0.45116621255874634,0.17253410556594956,1.3536927700042725,0.21897810218978103,1.0,0.06500523864459258,0.7379084825515747,0.1302028778738835,0.9652906060218811,1.9810416535304411,8.499727249145508
C5,contact_stability,control,79190004,0,757,757,1,0,success,True,,,,,,,,,,,,,0.0062045519466203455,0.4308902323246002,0.22243062475020475,2.0,0.12351387054161163,1.0,0.05526821408857122,0.23149821162223816,0.12697299027472644,0.3590478003025055,1.9902898466886272,4.829293251037598
C5,contact_stability,control,79190005,0,677,677,1,0,success,True,,,,,,,,,,,,,0.004941912761389182,0.566871702671051,0.2114780895177934,2.0,0.10782865583456426,1.0,0.06247168087652707,0.21166662871837616,0.13099304722285404,0.37328076362609863,2.126304571042209,4.6590576171875
C5,contact_stability,control,79190006,0,668,668,1,0,success,True,,,,,,,,,,,,,0.005382034444775852,0.551838755607605,0.219763913652288,2.0,0.10479041916167664,1.0,0.06063889660160559,0.21432143449783325,0.1279843559237098,0.3872360587120056,2.0809361592916673,4.333948135375977
C5,contact_stability,control,79190007,0,752,752,1,0,success,True,,,,,,,,,,,,,0.006600923045259957,0.5383174419403076,0.21160904118671092,2.0,0.12234042553191489,1.0,0.054168892761771836,0.2075498253107071,0.12601168626340492,0.3641248345375061,1.9805801355854629,4.573019027709961
C5,contact_stability,v21,79190000,0,297,297,0,1,contact_stability,True,,,,,,,,,,,,,0.006406309056969814,0.4892944395542145,0.22259223314044488,2.0,0.19528619528619529,1.0,0.09344978596293882,0.9165703654289246,0.11922061729153516,0.7380866408348083,2.063133176654477,10.280863761901855
C5,contact_stability,v21,79190001,0,736,736,1,0,success,True,,,,,,,,,,,,,0.004941018689168915,0.5968486070632935,0.21151636340318478,2.0,0.10529891304347826,1.0,0.05225306424035199,0.181172713637352,0.1274022018144038,0.3631284236907959,1.9743531839112225,4.9213128089904785
C5,contact_stability,v21,79190002,0,771,771,1,0,success,True,,,,,,,,,,,,,0.006431849451766098,0.5501335263252258,0.22979682113766312,2.0,0.12127107652399481,1.0,0.05236444690891857,0.20862169563770294,0.12831750330713007,0.3595590889453888,1.9719934784330129,4.686761379241943
C5,contact_stability,v21,79190003,0,138,138,0,1,contact_stability,True,,,,,,,,,,,,,0.03302731213172518,0.7416539788246155,0.16691808769330924,1.4078954458236694,0.2028985507246377,1.0,0.07177200329415911,0.9137758612632751,0.13110842910149517,0.8268426060676575,2.042234107851982,7.811319828033447
C5,contact_stability,v21,79190004,0,617,617,0,1,contact_stability,True,,,,,,,,,,,,,0.00982056659219711,0.9522663354873657,0.226249376279634,2.0,0.14019448946515398,1.0,0.06439419390881239,0.8350287079811096,0.12989602010372425,0.826438844203949,2.0569005318263747,7.851187229156494
C5,contact_stability,v21,79190005,0,856,856,1,0,success,True,,,,,,,,,,,,,0.00558243657657079,0.5987563133239746,0.2188890526347541,2.0,0.13317757009345793,1.0,0.056879187892263754,0.370381623506546,0.1283647182693189,0.3426728844642639,1.9822252333582004,5.587855815887451
C5,contact_stability,v21,79190006,0,737,737,1,0,success,True,,,,,,,,,,,,,0.004851877550514588,0.7744579911231995,0.22945977128906936,2.0,0.1322930800542741,1.0,0.0620525709190351,0.24801290035247803,0.1310148004691122,0.3789690136909485,2.0729723712239854,5.428928375244141
C5,contact_stability,v21,79190007,0,749,749,1,0,success,True,,,,,,,,,,,,,0.007027135182834137,0.6575657725334167,0.2179620040778645,2.0,0.12016021361815754,1.0,0.05361719021529344,0.21285052597522736,0.12674306091539628,0.3622848689556122,2.012352961047151,5.127872467041016
L1,lateral,base,79100000,0,300,300,0,1,lateral_heading_drift,True,0.4612926569976359,1.5241421461105347,0.623544546465079,1.2757444381713867,0.3213793005235493,1.0421082973480225,1.2169166832976044,3.9384543895721436,0.07877889427977304,0.24342121183872223,0.0831527506870528,0.4654313325881958,0.07032949178481938,1.1443700790405273,,,,,,,,,,
L1,lateral,base,79100001,0,386,386,1,0,success,True,0.425353472656691,1.0193794965744019,0.85719108395761,1.437477707862854,0.19102508563142984,0.6683856248855591,1.106052048518829,4.111451148986816,-0.11018882178848638,0.012773126363754272,-0.48334189624298807,0.0,0.0017279545546239781,0.24698518216609955,,,,,,,,,,
L1,lateral,base,79100002,0,414,414,0,1,lateral_heading_drift,True,0.4277271432650938,1.4762252569198608,0.925354380098707,1.9143316745758057,0.23891238142074883,1.753091812133789,1.2020738018082753,4.716605186462402,-0.12202465663954237,0.018924277275800705,-0.4571971194976086,0.0,0.0020140835933831775,0.18839605152606964,,,,,,,,,,
L1,lateral,base,79100003,0,417,417,1,0,success,True,0.24108431320380624,0.5789303183555603,0.609811154408023,1.2142810821533203,0.1574287288185718,0.5680099129676819,1.274204830913771,3.894991159439087,-0.09980797698906661,0.03034357912838459,-0.4147647155191396,0.001989093841984868,0.0026416895923045192,0.3825458586215973,,,,,,,,,,
L1,lateral,base,79100004,0,371,371,1,0,success,True,0.21039275044507555,0.43565991520881653,0.47639923801048184,1.0799996852874756,0.16278714028179564,0.6785995960235596,1.2352664347868563,3.9425878524780273,-0.10223277228271885,0.02626708522439003,-0.3631723577437817,0.0,0.002327436575732556,0.2278270274400711,,,,,,,,,,
L1,lateral,base,79100005,0,400,400,1,0,success,True,0.10647056862129829,0.20236967504024506,0.34647510790964586,0.840000569820404,0.14646826275624336,0.6249358057975769,1.036751620657742,4.00262451171875,-0.07389988448834629,0.09553033113479614,-0.2876448044204153,0.06871016323566437,0.004669836194319213,0.491086483001709,,,,,,,,,,
L1,lateral,base,79100006,0,337,337,1,0,success,True,0.10634810754754519,0.3489120900630951,0.33634489063430545,0.8130903840065002,0.1665369745520792,0.6489174365997314,1.0182874815632488,3.7472009658813477,-0.07961744158763648,0.052592016756534576,-0.2851944057960395,0.0033924111630767584,0.003416353122322864,0.3268984854221344,,,,,,,,,,
L1,lateral,base,79100007,0,293,293,0,1,lateral_heading_drift,True,0.430926657723638,1.413372278213501,0.9196828249460499,1.600324273109436,0.28549325077098386,1.6100525856018066,1.2423633012742619,7.57612943649292,-0.11385001598479093,0.012684076093137264,-0.45567454257503204,0.0,0.009252263235205473,0.6990684270858765,,,,,,,,,,
L1,lateral,control,79100000,0,324,324,0,1,lateral_heading_drift,True,0.5486889736587693,1.801168441772461,0.9361947508870888,1.938639521598816,0.31280731151662305,1.2182533740997314,1.3013663947363787,5.885589599609375,-0.11064200187504383,0.02294919453561306,-0.4555735212813971,0.0,0.053935244714304775,2.938725233078003,,,,,,,,,,
L1,lateral,control,79100001,0,399,399,1,0,success,True,0.4625578332402951,0.902982234954834,0.8095793802673954,1.493772268295288,0.17387540096925913,0.6804525852203369,1.1980282317072077,4.28096342086792,-0.12112603118622157,0.012763689272105694,-0.4572822280288826,0.0,0.00042474833590982125,0.1694478839635849,,,,,,,,,,
L1,lateral,control,79100002,0,384,384,1,0,success,True,0.16743075701106136,0.2923312783241272,0.5645282287041482,0.9346089959144592,0.15439410815209462,0.5900323390960693,1.058733464635831,4.016348361968994,-0.12612274774801335,0.01891057938337326,-0.4106044082363951,0.0,0.001089260257155309,0.16410019993782043,,,,,,,,,,
L1,lateral,control,79100003,0,382,382,1,0,success,True,0.13886364220807035,0.5282272696495056,0.5381961464376008,1.2178955078125,0.1637407965185267,0.6197109818458557,1.1746004194323538,3.5700347423553467,-0.09963016352782035,0.05809616297483444,-0.36676546431107554,0.001987272873520851,0.00282578352641406,0.4823479652404785,,,,,,,,,,
L1,lateral,control,79100004,0,397,397,1,0,success,True,0.38572266258261817,0.915365993976593,0.8884394027067521,1.7214429378509521,0.1757393957559085,0.5191713571548462,1.1803468400542096,3.8674652576446533,-0.12209638362393835,0.02626432292163372,-0.4312787515073733,0.0,0.0016894680958886709,0.31475725769996643,,,,,,,,,,
L1,lateral,control,79100005,0,397,397,1,0,success,True,0.0944872735975974,0.20464679598808289,0.3889757086955696,0.8103348612785339,0.14764415427235422,0.5854766964912415,1.048537481702883,3.7487599849700928,-0.09924404341340422,0.01770276017487049,-0.34026078305322144,0.0,0.0022559828115984834,0.42218437790870667,,,,,,,,,,
L1,lateral,control,79100006,0,375,375,1,0,success,True,0.11864974140915244,0.32270318269729614,0.20095172503450887,0.6265830397605896,0.14553325434525807,0.6447278261184692,1.1119171584298213,3.896336555480957,-0.005957608226065834,0.12711498141288757,-0.15513965236612906,0.11549301445484161,0.0012282907878184565,0.2092151641845703,,,,,,,,,,
L1,lateral,control,79100007,0,391,391,1,0,success,True,0.40719015224624777,0.8712671995162964,0.8575892364296615,1.4187390804290771,0.18011585272410335,0.6414890289306641,1.1019445835800885,3.950566053390503,-0.12161165683308754,0.012674793601036072,-0.46260921486779627,0.0,0.0003238939224378944,0.12661686539649963,,,,,,,,,,
L1,lateral,v21,79100000,0,351,351,1,0,success,True,0.17458168460000983,0.3489992022514343,0.493725967682378,1.0247951745986938,0.1704990966643533,0.6324371099472046,1.1470485912885335,3.912153720855713,-0.09793304641362269,0.02294987440109253,-0.4116888175031271,0.0,0.002853088031524982,0.5991702079772949,,,,,,,,,,
L1,lateral,v21,79100001,0,341,341,1,0,success,True,0.1033878446485159,0.2395484447479248,0.3669760588179629,0.8593428730964661,0.15207150542993875,0.5840417146682739,1.042429430880024,4.0214152336120605,-0.08364928672274526,0.02609715610742569,-0.34124549536465987,0.0,0.004263239424304141,0.5038182735443115,,,,,,,,,,
L1,lateral,v21,79100002,0,402,402,1,0,success,True,0.38459196131621703,0.8350546956062317,0.8420613791633731,1.376129150390625,0.17179245285838102,0.5231112241744995,1.19554091589201,4.231166839599609,-0.1271990539577896,0.018931277096271515,-0.4455421432987115,0.0,0.005847253237299494,0.6280625462532043,,,,,,,,,,
L1,lateral,v21,79100003,0,344,344,1,0,success,True,0.04275146337259198,0.11008504778146744,0.2878966967908254,0.6321470737457275,0.15660934070217272,0.6317459344863892,1.04138044646378,3.7383601665496826,-0.07442003431043663,0.09521299600601196,-0.25659446723435647,0.0019904719665646553,0.0017130206318968547,0.18258549273014069,,,,,,,,,,
L1,lateral,v21,79100004,0,409,409,0,1,lateral_heading_drift,True,0.48116423813415543,1.7416142225265503,0.9880229071827837,2.3365023136138916,0.2576488350178764,1.228034496307373,1.2287774181180158,5.796873569488525,-0.11571075410689148,0.02626916393637657,-0.4405025554830003,0.0,0.0034269355281723777,0.48569202423095703,,,,,,,,,,
L1,lateral,v21,79100005,0,379,379,1,0,success,True,0.12038657124741568,0.25352808833122253,0.3255351213990197,0.8097230792045593,0.15174680857828235,0.6491608619689941,1.0778374272032512,3.7445931434631348,-0.07364558841784959,0.08592171221971512,-0.28675051187079076,0.0,0.0031814898497723844,0.42342180013656616,,,,,,,,,,
L1,lateral,v21,79100006,0,386,386,1,0,success,True,0.17767183026090028,0.6332568526268005,0.5831228996152927,1.4065828323364258,0.17152595799898854,0.695443868637085,1.0664983588883683,3.6496267318725586,-0.09431101274773131,0.03220364451408386,-0.39316932056424897,0.0033937953412532806,0.0071955787622380845,0.666788637638092,,,,,,,,,,
L1,lateral,v21,79100007,0,395,395,1,0,success,True,0.16978618806506462,0.32376790046691895,0.4724394915442725,0.9116267561912537,0.15751781173144716,0.7364092469215393,1.0687565082094714,4.225313663482666,-0.10969806386311126,0.012690568342804909,-0.3852119766482258,0.0,0.0006174565195965422,0.20166225731372833,,,,,,,,,,
L2,lateral,base,79110000,0,586,586,1,0,success,True,0.16783508983130388,0.7858660221099854,0.9469631368694859,2.3746166229248047,0.1718340736111378,0.619691789150238,1.2145174983507436,3.762483596801758,-0.1569802928731837,0.0,-0.4374526245487733,0.0,0.0015870887083538397,0.4204520881175995,,,,,,,,,,
L2,lateral,base,79110001,0,612,612,1,0,success,True,0.08678452283312534,0.22447550296783447,0.46384549134538744,0.9124354720115662,0.15069990608768136,0.6634604334831238,1.1505124679815293,3.1556248664855957,-0.15544191229056714,0.0,-0.4165597855607261,0.0,0.002280914743111161,0.4676663875579834,,,,,,,,,,
L2,lateral,base,79110002,0,555,555,1,0,success,True,0.1073264085832069,0.29840394854545593,0.6062895404594438,1.3011207580566406,0.15313863467660035,0.5974229574203491,1.2082509181588084,3.155750036239624,-0.1524833963764248,0.0,-0.4096407106985246,0.001376067055389285,0.00021462105614364262,0.04803374782204628,,,,,,,,,,
L2,lateral,base,79110003,0,503,503,0,1,lateral_heading_drift,True,0.3369136224595292,1.2610228061676025,0.9005792168733733,1.6803083419799805,0.20149322572510475,1.49918794631958,1.2075059000536,3.3512022495269775,-0.15572721515754404,0.0,-0.4298868904361931,0.0,0.003390192913891549,0.43698957562446594,,,,,,,,,,
L2,lateral,base,79110004,0,524,524,1,0,success,True,0.31212988530173685,0.9643822908401489,0.8680601108451338,2.000624179840088,0.16670575793228248,0.573207437992096,1.191131333902279,3.921243667602539,-0.1543130742835649,0.0,-0.4176014146705572,0.0,3.553509076128634e-05,0.018587598577141762,,,,,,,,,,
L2,lateral,base,79110005,0,450,450,0,1,lateral_heading_drift,True,0.3659615405341093,1.279996395111084,0.7717512634520729,1.7712998390197754,0.2119915553006447,1.1256873607635498,1.132177704754803,3.3699302673339844,-0.15510054120690459,0.0,-0.4255443073136525,0.0,0.053447207311878346,2.5264973640441895,,,,,,,,,,
L2,lateral,base,79110006,0,611,611,1,0,success,True,0.0784126488548481,0.18413616716861725,0.540937183568873,1.1416761875152588,0.14681487924986367,0.649753212928772,1.1718333019477158,3.6533846855163574,-0.15329180169338436,0.0,-0.4129935667778437,0.0,0.001920981598141195,0.17990486323833466,,,,,,,,,,
L2,lateral,base,79110007,0,413,413,0,1,lateral_heading_drift,True,0.3113850297753518,1.2686632871627808,0.8270252319007715,1.6468474864959717,0.22984527864608437,1.4351606369018555,1.2311548960843905,6.855127334594727,-0.1440724922495175,0.01644190587103367,-0.38819946296237967,0.03584153950214386,0.011463617127282656,0.5258835554122925,,,,,,,,,,
L2,lateral,control,79110000,0,551,551,1,0,success,True,0.17302520661956053,0.46776583790779114,0.7060592618759066,1.2675691843032837,0.15285344353239788,0.6434428691864014,1.1879069125803758,3.5448784828186035,-0.15668346978953876,0.0,-0.4341013600978791,0.0,0.0007123011624296527,0.14820894598960876,,,,,,,,,,
L2,lateral,control,79110001,0,609,609,1,0,success,True,0.16987015131399516,0.5573113560676575,0.6583965721149522,1.7271254062652588,0.15284759427110353,0.5209343433380127,1.1491523152844267,3.603461265563965,-0.12181144560135179,0.15711797773838043,-0.32653454110433144,0.3887181878089905,0.0009270593600913667,0.15472975373268127,,,,,,,,,,
L2,lateral,control,79110002,0,521,521,1,0,success,True,0.24329631129118043,0.7229753732681274,0.7621037266118856,1.4965018033981323,0.16161310528592704,0.5500435829162598,1.2468157739677035,3.0842690467834473,-0.1525409205280814,0.0,-0.41166720487815983,0.001367944641970098,0.0016425092930106141,0.31071338057518005,,,,,,,,,,
L2,lateral,control,79110003,0,537,537,0,1,lateral_heading_drift,True,0.36552916128057,1.2464534044265747,0.8922028595779362,2.0702600479125977,0.1975850389361576,1.1993825435638428,1.243843716258804,7.860314846038818,-0.15600503338986463,0.0,-0.43109853500114437,0.0,0.0007306241344373295,0.12598054111003876,,,,,,,,,,
L2,lateral,control,79110004,0,497,497,1,0,success,True,0.08697465192599192,0.22283145785331726,0.4868738495107526,1.097792148590088,0.14327775557680988,0.5384426712989807,1.242357219200229,3.6324377059936523,-0.14763590686306194,0.0,-0.395122394029082,0.0,0.0005613797269603672,0.27547547221183777,,,,,,,,,,
L2,lateral,control,79110005,0,528,528,1,0,success,True,0.12862199915801312,0.39627277851104736,0.6234866524764309,1.2215471267700195,0.14966578066885244,0.5989720225334167,1.1692922781256847,4.00107479095459,-0.154730805920377,0.0,-0.4249065088833132,0.0,0.0011282776712977958,0.3968859314918518,,,,,,,,,,
L2,lateral,control,79110006,0,639,639,1,0,success,True,0.19546512208721586,0.6859989762306213,0.820800189188272,1.917756199836731,0.1549521210976528,0.48961347341537476,1.1974296549244758,3.112471103668213,-0.15710596476298216,0.0,-0.43684486455702354,0.0,0.0014260289612017083,0.1798185259103775,,,,,,,,,,
L2,lateral,control,79110007,0,505,505,1,0,success,True,0.2739678349157756,0.5973563194274902,0.7800522076611471,1.5397664308547974,0.1649175716361197,0.6304487586021423,1.2851182739407119,3.400400161743164,-0.14719721982854944,0.016434215009212494,-0.40036281065480545,0.035828519612550735,9.593743853745768e-05,0.0297878198325634,,,,,,,,,,
L2,lateral,v21,79110000,0,517,517,1,0,success,True,0.06975632462774045,0.1742919534444809,0.40424619948066326,0.7213993668556213,0.14436242526588058,0.5135080814361572,1.1513062563564491,3.4674673080444336,-0.14859236296936437,0.0,-0.39311979638279293,0.0,0.0016754397725417714,0.41282588243484497,,,,,,,,,,
L2,lateral,v21,79110001,0,636,636,1,0,success,True,0.11884962996596445,0.23518218100070953,0.5729593939393899,1.0256309509277344,0.1480883782284346,0.5915552377700806,1.1790551966196805,3.632363796234131,-0.1556339875645584,0.0,-0.42248686212817876,0.0,0.0009870842656612222,0.15018713474273682,,,,,,,,,,
L2,lateral,v21,79110002,0,506,506,0,1,lateral_heading_drift,True,0.2821341884947564,1.2051458358764648,0.7831647746879681,1.6644840240478516,0.19625506588265212,0.9965777397155762,1.2689598203036683,5.3625640869140625,-0.15232469587220548,0.0,-0.41006874008469557,0.0013904046500101686,0.00018337346397424468,0.09275604784488678,,,,,,,,,,
L2,lateral,v21,79110003,0,554,554,1,0,success,True,0.31676253950891453,0.7113338708877563,0.8271690468280324,1.5403358936309814,0.1627178779409842,0.5625896453857422,1.2190093931335189,3.6200995445251465,-0.15606469276616694,0.0,-0.4304890658768207,0.0,0.0006694175803685557,0.12393419444561005,,,,,,,,,,
L2,lateral,v21,79110004,0,497,497,1,0,success,True,0.1056157153682906,0.29967647790908813,0.5101974415396091,1.1853644847869873,0.14089732238239566,0.5893852710723877,1.2180831352589836,3.1850979328155518,-0.1476019895555905,0.0,-0.393104543891043,0.0,0.0008765347601556672,0.25117284059524536,,,,,,,,,,
L2,lateral,v21,79110005,0,565,565,1,0,success,True,0.17911063038811126,0.6545798182487488,0.7033743099861705,1.509177565574646,0.16186654041397625,0.6293326616287231,1.2379336748239214,3.737133264541626,-0.15482364997506734,0.0,-0.4162554800403263,0.0,0.0010002163054517589,0.2000511735677719,,,,,,,,,,
L2,lateral,v21,79110006,0,616,616,1,0,success,True,0.19069507909951827,0.40602508187294006,0.6602168148323023,1.1336438655853271,0.15154641714058936,0.587493896484375,1.197760879896678,3.4946024417877197,-0.15664887289416843,0.0,-0.4330563886792629,0.0,0.0015711923954374275,0.18657945096492767,,,,,,,,,,
L2,lateral,v21,79110007,0,513,513,1,0,success,True,0.331572358434138,0.8435755372047424,0.8684100880765049,1.6244916915893555,0.1699535727326633,0.6195091009140015,1.243528857525823,3.4220666885375977,-0.14717852133444237,0.016468636691570282,-0.4004194557378123,0.03588917478919029,0.0008472704161749548,0.21092113852500916,,,,,,,,,,
L3,lateral,base,79120000,0,382,382,1,0,success,True,0.30494025993741153,0.6330819725990295,0.808519433618216,1.4738729000091553,0.17351799089637102,0.5459837913513184,1.075562736282798,3.6375224590301514,-0.10177481867292536,0.006976274773478508,-0.4000282653044246,0.0,0.0006099833704651442,0.08628687262535095,,,,,,,,,,
L3,lateral,base,79120001,0,407,407,1,0,success,True,0.4270324842404821,0.8635526895523071,0.871754105109035,1.4181419610977173,0.1628124679116125,0.6470203399658203,1.0951478770529024,4.219097137451172,-0.10060144252691838,0.0020041088573634624,-0.4069320272988381,0.0,0.004572660890213458,0.5140843987464905,,,,,,,,,,
L3,lateral,base,79120002,0,307,307,0,1,lateral_heading_drift,True,0.4821129917054883,1.5668535232543945,1.0090152522858462,2.148676872253418,0.2788632907313128,1.578277349472046,1.4489913887013637,10.213315963745117,-0.09787754483743956,0.00580847542732954,-0.3952281468044299,0.0,0.005805708849806073,0.3079740107059479,,,,,,,,,,
L3,lateral,base,79120003,0,391,391,1,0,success,True,0.2984952983759639,0.6950609087944031,0.790610459497701,1.4902061223983765,0.1670303761130175,0.5608618259429932,1.134163880520655,3.7031590938568115,-0.10364282814502392,0.01862526126205921,-0.38283388482299846,0.0,0.004133410075973693,0.286933571100235,,,,,,,,,,
L3,lateral,base,79120004,0,340,340,1,0,success,True,0.1771031639750136,0.31375008821487427,0.5157420218483928,1.0182809829711914,0.16559485723264517,0.5544908046722412,1.0639620364588849,3.3899664878845215,-0.08081479200319497,0.019524432718753815,-0.36761787052074557,0.0,0.002549607722663009,0.4729008674621582,,,,,,,,,,
L3,lateral,base,79120005,0,370,370,1,0,success,True,0.22765439586891678,0.5357741117477417,0.6719276481182188,1.3012611865997314,0.16507249341623204,0.5317073464393616,1.1209100501964222,3.8204903602600098,-0.10827841204339386,0.02133169397711754,-0.36209228274780575,0.0,0.005170861964963504,0.5821344256401062,,,,,,,,,,
L3,lateral,base,79120006,0,363,363,1,0,success,True,0.1452692564956577,0.21375195682048798,0.49508161846414905,0.7814748287200928,0.1556989084672665,0.6227098703384399,1.029358608427537,3.590369701385498,-0.08483807428498796,0.016719255596399307,-0.36577707504902995,0.0,0.0014477926785636565,0.2551089823246002,,,,,,,,,,
L3,lateral,base,79120007,0,377,377,1,0,success,True,0.3868723459324407,0.7763428688049316,0.8187114094440833,1.5290533304214478,0.1649585490754808,0.5120694637298584,1.1585157341039702,3.722578763961792,-0.10741332629127354,0.012346319854259491,-0.38158472165322077,0.0,0.0021876732036762857,0.4458346664905548,,,,,,,,,,
L3,lateral,control,79120000,0,384,384,1,0,success,True,0.31740270118946984,0.6535479426383972,0.8080171344602908,1.354136347770691,0.1742248086957261,0.5459808111190796,1.021273547259625,3.3132548332214355,-0.10297428188338624,0.006976275704801083,-0.40148237031462486,0.0,0.0009122956617392226,0.14897243678569794,,,,,,,,,,
L3,lateral,control,79120001,0,410,410,1,0,success,True,0.41417567244753606,0.7504264116287231,0.7768017448734764,1.3541889190673828,0.1564071882425285,0.5260378122329712,1.09617064561604,4.219091415405273,-0.11143249825179781,0.0020041093230247498,-0.3914162550030685,0.0,0.004590344819768178,0.5140789151191711,,,,,,,,,,
L3,lateral,control,79120002,0,296,296,0,1,lateral_heading_drift,True,0.4519993521499674,1.2595824003219604,0.9857880763608862,1.8058807849884033,0.23855744681094546,0.9004712104797363,1.1540911497699249,3.916066884994507,-0.0955349004405041,0.005808479618281126,-0.39510727847920024,0.0,0.00833946160656075,0.6560388207435608,,,,,,,,,,
L3,lateral,control,79120003,0,396,396,1,0,success,True,0.2937651407499821,0.587970495223999,0.7405052961066666,1.2110638618469238,0.15995292429520627,0.535157322883606,1.115533698298451,3.555328130722046,-0.10717637872445689,0.018625274300575256,-0.3832250294030514,0.0,0.003081882554653943,0.29510343074798584,,,,,,,,,,
L3,lateral,control,79120004,0,378,378,1,0,success,True,0.32700365681499033,0.7808191180229187,0.8226784626169811,1.4862579107284546,0.17320574735779137,0.6198257207870483,1.160076692473715,4.326361656188965,-0.08595277159967553,0.019524378702044487,-0.4079050427461634,0.0,0.002612536398243118,0.39606648683547974,,,,,,,,,,
L3,lateral,control,79120005,0,391,391,1,0,success,True,0.20489568739754024,0.4147386848926544,0.6059236908355332,1.1815897226333618,0.1564634589816603,0.531728208065033,1.0951805117032718,3.8204221725463867,-0.09462796063076043,0.021331626921892166,-0.374843261096879,0.0,0.0028263610129455785,0.41526633501052856,,,,,,,,,,
L3,lateral,control,79120006,0,353,353,1,0,success,True,0.16458964758360015,0.29796773195266724,0.5786611298494906,1.0800641775131226,0.16510523771260346,0.6226390600204468,1.0762074276351135,3.5900776386260986,-0.08306707416281167,0.016719330102205276,-0.3706545958992308,0.0,0.0015017208289264715,0.25531408190727234,,,,,,,,,,
L3,lateral,control,79120007,0,410,410,1,0,success,True,0.4127655337133059,0.8715431094169617,0.9058674622054507,1.877384066581726,0.16302342167714748,0.5120493173599243,1.2083159882666135,3.7225663661956787,-0.10006483650039427,0.012346502393484116,-0.39520898405121774,0.0,0.0005518416552917342,0.14056751132011414,,,,,,,,,,
L3,lateral,v21,79120000,0,457,457,1,0,success,True,0.4512621159634718,0.7679628133773804,0.8252925915028125,1.3670140504837036,0.1626059506047737,0.6511837244033813,1.1148816473798366,4.017507553100586,-0.11313341420471945,0.006972192320972681,-0.39448271017965886,0.0,0.004865680572737074,0.61107337474823,,,,,,,,,,
L3,lateral,v21,79120001,0,367,367,1,0,success,True,0.17345620655820754,0.33913174271583557,0.39706494997582864,0.9642608761787415,0.1652668562415754,0.6102617979049683,1.0172693799947685,3.6375973224639893,-0.06026806650341968,0.11558391153812408,-0.26970686406729494,0.04895543307065964,0.0073412070833493645,0.44326603412628174,,,,,,,,,,
L3,lateral,v21,79120002,0,422,422,1,0,success,True,0.46936458040699713,0.8235806226730347,0.8033991108308612,1.2329506874084473,0.18113937404589348,0.8571386337280273,1.160337905911508,5.195772171020508,-0.10002156693578844,0.005806594155728817,-0.41093458582302866,0.0,0.002068133008409062,0.24931378662586212,,,,,,,,,,
L3,lateral,v21,79120003,0,405,405,1,0,success,True,0.10809524621423564,0.20789077877998352,0.34799150945216323,0.8681837916374207,0.1422176131679688,0.6438280344009399,1.0362934746951968,3.791466236114502,-0.06969239888741509,0.08403278887271881,-0.23929488824654938,0.06398048996925354,0.004452742628535747,0.5464844107627869,,,,,,,,,,
L3,lateral,v21,79120004,0,440,440,1,0,success,True,0.32198896067500093,0.6021087169647217,0.6315216979943216,1.1163363456726074,0.16628300393508239,0.6131887435913086,1.158733102399856,4.484600067138672,-0.10367593523062003,0.01951228454709053,-0.38862471543940375,0.0,0.003329293993868265,0.3533836901187897,,,,,,,,,,
L3,lateral,v21,79120005,0,407,407,1,0,success,True,0.34140912993690653,0.8371691703796387,0.8123573825559613,1.4325345754623413,0.17203028232811124,0.4892416298389435,1.160652302864582,4.017961025238037,-0.0951770772437819,0.021320339292287827,-0.39278004004619155,0.0,0.008002691888397242,0.810494601726532,,,,,,,,,,
L3,lateral,v21,79120006,0,413,413,1,0,success,True,0.328396516872376,0.499011754989624,0.6616439140846019,1.1034674644470215,0.15480824572555088,0.5941495299339294,1.0355732086324303,3.8811862468719482,-0.09205081098832496,0.01670973002910614,-0.40875394575956864,0.0,0.0027756006403477835,0.3294040560722351,,,,,,,,,,
L3,lateral,v21,79120007,0,334,334,1,0,success,True,0.31303578865028425,0.5822039246559143,0.6940721398676762,1.2217090129852295,0.16081137848114538,0.59317946434021,1.1389020346885848,4.322117328643799,-0.10191335953482075,0.012339710257947445,-0.3733905336797282,0.0,0.0039124303217797285,0.5724778175354004,,,,,,,,,,
L4,lateral,base,79130000,0,510,510,1,0,success,True,0.0982338115473206,0.3514748215675354,0.4514190966916252,1.0980229377746582,0.14817195589672408,0.5476340651512146,1.1948073420162295,3.290039300918579,-0.1051466800039634,0.07735680788755417,-0.13256610623725196,0.4870566129684448,0.00046488617725582316,0.12257815152406693,,,,,,,,,,
L4,lateral,base,79130001,0,588,588,1,0,success,True,0.3430598460745263,1.032008409500122,0.9297743182655877,2.0002388954162598,0.17174744489602745,0.6207156777381897,1.158245783951767,3.343379497528076,-0.13840089727519397,0.0,-0.24732924545925034,0.02151426114141941,0.0019071743446360601,0.205465167760849,,,,,,,,,,
L4,lateral,base,79130002,0,474,474,1,0,success,True,0.3457585655404294,0.5684503316879272,0.6868117174000051,1.1828888654708862,0.1475360999316103,0.4885733127593994,1.1869584781585363,3.801661729812622,-0.13787845877993396,0.0,-0.25721602119802095,0.0056209685280919075,0.002752700409875139,0.41496405005455017,,,,,,,,,,
L4,lateral,base,79130003,0,413,413,0,1,lateral_heading_drift,True,0.2660338702469559,1.4592169523239136,0.8295355523704183,2.756225109100342,0.27731548735001477,1.657789945602417,1.2384072780816593,6.205916404724121,-0.1424402928872814,0.0,-0.2559121944732991,0.0030480960849672556,0.001173684825997646,0.21580323576927185,,,,,,,,,,
L4,lateral,base,79130004,0,509,509,1,0,success,True,0.30295503671575624,0.7896772027015686,0.7875378963748846,1.5048881769180298,0.17277148887075938,0.52519291639328,1.1944102655422886,3.058004379272461,-0.15009976244826156,0.0,-0.23664565832895723,0.006244407035410404,0.0011199539496700925,0.15036845207214355,,,,,,,,,,
L4,lateral,base,79130005,0,379,379,0,1,lateral_heading_drift,True,0.42997878173607007,1.642381191253662,0.9715026492759153,1.9226102828979492,0.26966823942192625,1.4116108417510986,1.252751545297439,4.189423084259033,-0.13734007833800757,0.0,-0.25164085628752325,0.013325938954949379,0.013046826148089047,0.45284581184387207,,,,,,,,,,
L4,lateral,base,79130006,0,535,535,1,0,success,True,0.35511736057613863,0.9790215492248535,0.906975016148465,1.6795783042907715,0.17381385912004615,0.5492806434631348,1.2735117007673622,3.296339988708496,-0.1451986039379964,0.0,-0.21890360927644456,0.04900111258029938,0.0032935493289599433,0.3407297432422638,,,,,,,,,,
L4,lateral,base,79130007,0,385,385,0,1,contact_stability,True,0.15167592171271174,0.3171333372592926,0.3091478325615942,1.1508694887161255,0.19379250848931925,0.9967040419578552,1.1980396864669665,4.325405120849609,-0.07747520646987507,0.08884835988283157,-0.04951752934411362,0.36498787999153137,0.0010002318838577989,0.18770724534988403,,,,,,,,,,
L4,lateral,control,79130000,0,544,544,1,0,success,True,0.09044279588001433,0.2800133526325226,0.4823296178467846,0.9836276173591614,0.14852174938834437,0.5514525175094604,1.162709235398592,3.853785514831543,-0.14143352639803197,0.0,-0.2228415609904058,0.027319492772221565,0.0005547067219783378,0.15522803366184235,,,,,,,,,,
L4,lateral,control,79130001,0,568,568,1,0,success,True,0.13786095476579774,0.40591588616371155,0.6203296070335954,1.2638789415359497,0.15564849120433585,0.6528258323669434,1.1977693052522995,3.4866690635681152,-0.14388272620845768,0.0,-0.2378002569508988,0.02150915563106537,0.0012562830788414858,0.22776640951633453,,,,,,,,,,
L4,lateral,control,79130002,0,404,404,0,1,lateral_heading_drift,True,0.42074687163908,1.8122020959854126,1.026996148104715,3.1395716667175293,0.28135522030810317,1.1919200420379639,1.3381451779404785,6.078826904296875,-0.1371935668555872,0.0,-0.2557467533117575,0.0056197745725512505,0.003662459153211134,0.2270849347114563,,,,,,,,,,
L4,lateral,control,79130003,0,449,449,0,1,lateral_heading_drift,True,0.5354794961107866,1.400778889656067,1.017232310201118,1.6338125467300415,0.20832080135167574,1.2017130851745605,1.30265372774599,5.161524295806885,-0.13730738244075452,0.0,-0.2733256030492775,0.0030480658169835806,0.0006846755426168059,0.11317545175552368,,,,,,,,,,
L4,lateral,control,79130004,0,461,461,1,0,success,True,0.26255012383591586,0.42843860387802124,0.5962899815767939,1.1559178829193115,0.14259515009384094,0.495341420173645,1.2397933516392803,3.240501880645752,-0.14611454703693566,0.0,-0.23532685524089073,0.006243192590773106,0.00031451314457780095,0.11001212149858475,,,,,,,,,,
L4,lateral,control,79130005,0,603,603,1,0,success,True,0.12782075899791367,0.5955066084861755,0.4629837958447969,1.2332936525344849,0.16181711503960947,0.683133602142334,1.151991971618624,3.505772352218628,-0.07429080525147505,0.16468703746795654,-0.07359580848146706,0.3799995481967926,0.0005316206268102157,0.11303339898586273,,,,,,,,,,
L4,lateral,control,79130006,0,576,576,1,0,success,True,0.12974179926744808,0.32062262296676636,0.2554660906876557,0.747938334941864,0.1468464809058787,0.5607843399047852,1.183714527038521,2.759183645248413,-0.08021122820281966,0.10692256689071655,-0.06604850948901407,0.2295255959033966,0.0005763404063265072,0.08869213610887527,,,,,,,,,,
L4,lateral,control,79130007,0,570,570,1,0,success,True,0.1697256432472434,0.4287894666194916,0.2836835702848539,0.6278975605964661,0.14711813739125143,0.6269879341125488,1.1536174780934265,3.1291089057922363,-0.06288131659221427,0.13782188296318054,-0.004152795474306402,0.3658801317214966,0.001800004657263716,0.4584941267967224,,,,,,,,,,
L4,lateral,v21,79130000,0,516,516,1,0,success,True,0.025915701857018067,0.09266531467437744,0.3583637398754268,0.8318853974342346,0.13761039443003634,0.5171482563018799,1.1793568289672682,3.025221824645996,-0.12149821538857163,0.0,-0.15920230917462921,0.2597808241844177,0.0006795253682258898,0.17342230677604675,,,,,,,,,,
L4,lateral,v21,79130001,0,373,373,0,1,contact_stability,True,0.09550933068151268,0.29835429787635803,0.5913120197330729,1.3138084411621094,0.16227063115801033,0.6287586092948914,1.184609367105181,4.359358787536621,-0.14201502146039546,0.0,-0.23167965951033595,0.021512016654014587,0.0017040931466928144,0.21105670928955078,,,,,,,,,,
L4,lateral,v21,79130002,0,500,500,0,1,lateral_heading_drift,True,0.4804634879231453,1.4858050346374512,0.9951179336830973,1.8426604270935059,0.2048870504796505,0.7465481758117676,1.1959632763005794,4.617923736572266,-0.13856139292661102,0.0,-0.2599824565909803,0.005619510542601347,0.0011827033326843206,0.15861831605434418,,,,,,,,,,
L4,lateral,v21,79130003,0,477,477,1,0,success,True,0.4856815287683245,0.9454103112220764,1.0164702610430978,1.6993964910507202,0.16670050401732606,0.5924433469772339,1.2013549357965057,3.968519449234009,-0.1451009523223078,0.0,-0.24279147112669824,0.00304784276522696,0.0002600360743362492,0.12400828301906586,,,,,,,,,,
L4,lateral,v21,79130004,0,449,449,1,0,success,True,0.2698821195283021,0.47935163974761963,0.6709729590202227,1.2115355730056763,0.14750373268910666,0.5630970001220703,1.1961505835697486,3.3702402114868164,-0.15288336983859074,0.0,-0.2297741496444935,0.0062429290264844894,0.0016111111208399903,0.34592679142951965,,,,,,,,,,
L4,lateral,v21,79130005,0,525,525,1,0,success,True,0.10809235654674315,0.3521789610385895,0.5766748952617248,1.2707871198654175,0.1558396152743981,0.5807477831840515,1.1989235531787077,3.4115524291992188,-0.14498500654828692,0.0,-0.23152229011014458,0.013324674218893051,0.0009018755203092712,0.18478696048259735,,,,,,,,,,
L4,lateral,v21,79130006,0,579,579,1,0,success,True,0.1182916181603634,0.2215757817029953,0.17613849481155058,0.5254332423210144,0.1492244606573836,0.7459014654159546,1.1968067908025828,2.86751389503479,-0.06104697835805487,0.14424873888492584,-0.04345727332872507,0.32734134793281555,0.0008237690533013277,0.10441114753484726,,,,,,,,,,
L4,lateral,v21,79130007,0,609,609,1,0,success,True,0.12610592102252813,0.4373683035373688,0.4134895434591243,1.267270803451538,0.16890095550970638,0.7090717554092407,1.2354996598559647,3.355198383331299,-0.12170779242941862,0.02941693738102913,-0.14825885577015702,0.139438658952713,0.0015086228866850343,0.23921488225460052,,,,,,,,,,
L5,lateral,base,79140000,0,566,566,1,0,success,True,0.05995196767368754,0.2129068821668625,0.36493169331212294,0.7535039186477661,0.15126454311360477,0.7166273593902588,1.165598552522674,3.6863579750061035,-0.047291783369129835,0.17273883521556854,-0.26369274285204,0.30726438760757446,0.00026879615657867946,0.15210352838039398,,,,,,,,,,
L5,lateral,base,79140001,0,529,529,1,0,success,True,0.21702663554802945,0.4529005289077759,0.7072393753537679,1.176175594329834,0.15469229717110416,0.5843356847763062,1.147538990796401,3.5390522480010986,-0.10047263609481331,0.018023602664470673,-0.3966831120878937,0.0,0.001158158593124425,0.17574873566627502,,,,,,,,,,
L5,lateral,base,79140002,0,591,591,0,1,lateral_heading_drift,True,0.5111038274257389,1.3675278425216675,1.0698983125127033,1.8378312587738037,0.18318304550312398,1.170879602432251,1.1917128491699192,3.4270827770233154,-0.09733488330619122,0.013657054863870144,-0.4151354665062729,0.0,0.0020202945822166397,0.16775758564472198,,,,,,,,,,
L5,lateral,base,79140003,0,552,552,1,0,success,True,0.15035134157759772,0.24938668310642242,0.5262077011967726,0.9956883192062378,0.14176023540937382,0.5975235104560852,1.1635401256760394,3.294947624206543,-0.09766264590966191,0.02347308024764061,-0.35984170046446007,0.01322793960571289,0.0007543913636933174,0.14062485098838806,,,,,,,,,,
L5,lateral,base,79140004,0,540,540,1,0,success,True,0.49269113790381835,1.246163010597229,1.0222265268365542,1.8007054328918457,0.17715425105006607,0.6256163120269775,1.2343574499676901,3.2372474670410156,-0.09860556446327354,0.0,-0.4212637469517412,0.0,0.0026434336745191776,0.41749945282936096,,,,,,,,,,
L5,lateral,base,79140005,0,493,493,1,0,success,True,0.23098903611237676,0.6750735640525818,0.6034915055564848,1.2912240028381348,0.16333820095047746,0.678330659866333,1.2213770731354159,3.065499782562256,-0.08849595315210355,0.03400678187608719,-0.36054860304358166,0.0034704525023698807,0.000567745719507255,0.2697194814682007,,,,,,,,,,
L5,lateral,base,79140006,0,529,529,1,0,success,True,0.4957070196142494,1.0987420082092285,0.9711240092714957,1.7592368125915527,0.16986353275681262,0.5874395370483398,1.2709327100482126,3.2437562942504883,-0.10253921723994999,0.0061541106551885605,-0.4066495257227317,0.0,0.0016773737157900258,0.28000274300575256,,,,,,,,,,
L5,lateral,base,79140007,0,560,560,1,0,success,True,0.20912043549890638,0.5892478227615356,0.5819630595535272,1.3070684671401978,0.16586771345131898,0.6087809801101685,1.171665821680134,3.566190719604492,-0.07587098280200735,0.04232681542634964,-0.3417657016697506,0.010006992146372795,0.00039106822640913743,0.21129541099071503,,,,,,,,,,
L5,lateral,control,79140000,0,509,509,1,0,success,True,0.11846922711269794,0.3847028315067291,0.5252269064158582,1.0735403299331665,0.15482833476147975,0.68044513463974,1.1841840437395692,3.630249261856079,-0.08994026735428655,0.02431725338101387,-0.3762159404163715,0.0,0.0006338105046582666,0.14997336268424988,,,,,,,,,,
L5,lateral,control,79140001,0,415,415,0,1,lateral_heading_drift,True,0.17664882478883479,0.6552114486694336,0.7069432184268463,1.6138492822647095,0.17366012952413903,0.6382286548614502,1.2240754488047707,3.9492313861846924,-0.09467353496969823,0.018035748973488808,-0.4036540685445968,0.0,0.01616585051002676,0.7452225089073181,,,,,,,,,,
L5,lateral,control,79140002,0,565,565,1,0,success,True,0.21263379439695088,0.5523824691772461,0.6883201955875332,1.2256333827972412,0.15442727072972112,0.5655146837234497,1.2235413307373502,3.2762885093688965,-0.0963751974948311,0.013659934513270855,-0.41792891891096284,0.0,0.001204199480404575,0.3038850426673889,,,,,,,,,,
L5,lateral,control,79140003,0,567,567,1,0,success,True,0.2265716380648302,0.4238625466823578,0.609707740389264,1.2964489459991455,0.14206320421878624,0.5744785070419312,1.1813990659026241,3.5277013778686523,-0.09264581239489901,0.015598621219396591,-0.37213865384406936,0.062066253274679184,0.0009552325733617227,0.144747793674469,,,,,,,,,,
L5,lateral,control,79140004,0,515,515,1,0,success,True,0.2606113718406668,0.3718281090259552,0.6127730029155907,1.0067567825317383,0.14433783407060846,0.5027956962585449,1.2064576980196735,3.6812453269958496,-0.09615785255016605,0.0,-0.4132688162938773,0.0,0.00024088773377682946,0.08479877561330795,,,,,,,,,,
L5,lateral,control,79140005,0,502,502,1,0,success,True,0.2874326243960907,0.9670759439468384,0.6439699823201673,1.4748859405517578,0.18075531805156772,0.6902307271957397,1.2220047718262768,3.0725836753845215,-0.07997125027649313,0.034013133496046066,-0.36139622856714426,0.0034725358709692955,0.0005136284561757884,0.12124946713447571,,,,,,,,,,
L5,lateral,control,79140006,0,520,520,1,0,success,True,0.4445471862402673,1.0732370615005493,0.9089281339099846,1.7502156496047974,0.17160052442206786,0.6898880004882812,1.261078266527217,3.500124931335449,-0.10951143574963611,0.006157059222459793,-0.38783230019303466,0.0,0.0013189143917744313,0.37169116735458374,,,,,,,,,,
L5,lateral,control,79140007,0,561,561,1,0,success,True,0.09793807785801274,0.22802366316318512,0.181803158092613,0.5634267330169678,0.14853412940361124,0.5592020153999329,1.1692986567861627,3.3062078952789307,-0.02806401195804756,0.07616649568080902,-0.20568426344925522,0.010011715814471245,0.001897650434547669,0.27000758051872253,,,,,,,,,,
L5,lateral,v21,79140000,0,585,585,1,0,success,True,0.22985353089125754,0.5027214884757996,0.6699922828194804,1.1540495157241821,0.15271640222631078,0.47107264399528503,1.1980090311131417,3.7148594856262207,-0.09334887160370366,0.024301767349243164,-0.4057781625921145,0.0,0.0007175691099732235,0.1401217132806778,,,,,,,,,,
L5,lateral,v21,79140001,0,507,507,1,0,success,True,0.14600970910970468,0.2836195230484009,0.6354433800005657,1.0797139406204224,0.1515808613305908,0.5374603271484375,1.1740055032574095,3.8088531494140625,-0.099343587982393,0.01801522821187973,-0.40103531585311925,0.0,0.0007752605308475872,0.16916435956954956,,,,,,,,,,
L5,lateral,v21,79140002,0,543,543,1,0,success,True,0.26201697080061664,0.6603519320487976,0.6893726504608495,1.5196783542633057,0.16324317700900207,0.5956068634986877,1.2437320905969123,3.1996636390686035,-0.09846767992112257,0.013654883950948715,-0.39110301328140346,0.0,0.0002750460031798874,0.07193353027105331,,,,,,,,,,
L5,lateral,v21,79140003,0,283,283,0,1,contact_stability,True,0.12188317717543339,0.18355531990528107,0.549435548128909,1.0074841976165771,0.15002126433613444,0.6213628053665161,1.2965619550629555,9.903207778930664,-0.1029882496519034,0.0,-0.39264174799563184,0.0,0.002726634211659799,0.36283814907073975,,,,,,,,,,
L5,lateral,v21,79140004,0,520,520,1,0,success,True,0.4637331016146793,0.8611223697662354,0.9058786522203054,1.5123088359832764,0.1598620848586926,0.5682513117790222,1.1898015720626482,3.703418254852295,-0.09907537355801861,0.0,-0.4210130795764808,0.0,0.00042131516190626006,0.11715725064277649,,,,,,,,,,
L5,lateral,v21,79140005,0,503,503,1,0,success,True,0.17246559482515894,0.6496992707252502,0.5842194486003014,1.507790207862854,0.16126691942912327,0.6303951144218445,1.196938726702931,3.0802206993103027,-0.08065028538396045,0.03400290012359619,-0.33615147421172603,0.041928041726350784,0.0007034095416360588,0.1344715654850006,,,,,,,,,,
L5,lateral,v21,79140006,0,510,510,1,0,success,True,0.22052305597884983,0.36765730381011963,0.5737926458684253,0.9410431981086731,0.14587333349912773,0.5194708704948425,1.2235765414787274,3.5610227584838867,-0.10772157174434659,0.00615288782864809,-0.3876171110928351,0.0,1.695395593100053e-05,0.008612983860075474,,,,,,,,,,
L5,lateral,v21,79140007,0,412,412,0,1,contact_stability,True,0.06284203376397501,0.2544034719467163,0.44029078515499687,1.412095546722412,0.16725842688386375,0.5632746815681458,1.2508412103702142,7.884547710418701,-0.07713091159488066,0.04231877624988556,-0.32399335765795223,0.010004846379160881,0.002014409539621933,0.3398599624633789,,,,,,,,,,
