specialist_mode,context_id,method_role,beta,round,actor_sha256,success_rate,fall_rate,success_delta_from_pi0,fall_delta_from_pi0,repair_rate_from_pi0,regression_rate_from_pi0
lateral,L1,control,0.0,0,f8e27e9b3bb92dd33a460f38ecbd72f8b0fe03809683f697d54d3549626d69bb,0.73046875,0.26953125,0.0,0.0,0.0,0.0
lateral,L1,control,0.0,1,8f89f47f84248f536abfe0550275b2395513666505d81c629a4764087692b76f,0.73828125,0.26171875,0.0078125,-0.0078125,0.4782608695652174,0.1657754010695187
lateral,L1,control,0.0,2,8f89f47f84248f536abfe0550275b2395513666505d81c629a4764087692b76f,0.76953125,0.23046875,0.0390625,-0.0390625,0.5507246376811594,0.1497326203208556
lateral,L1,control,0.0,3,8f89f47f84248f536abfe0550275b2395513666505d81c629a4764087692b76f,0.7578125,0.2421875,0.02734375,-0.02734375,0.5217391304347826,0.15508021390374332
lateral,L1,control,0.0,4,8f89f47f84248f536abfe0550275b2395513666505d81c629a4764087692b76f,0.765625,0.234375,0.03515625,-0.03515625,0.5217391304347826,0.1443850267379679
lateral,L1,control,0.0,5,5c7892da6487f4d4619148b80fd8ab6bda26e644b01edb895f151aaeaf506888,0.796875,0.203125,0.06640625,-0.06640625,0.5507246376811594,0.11229946524064172
lateral,L1,control,0.0,6,5c7892da6487f4d4619148b80fd8ab6bda26e644b01edb895f151aaeaf506888,0.76953125,0.23046875,0.0390625,-0.0390625,0.5217391304347826,0.13903743315508021
lateral,L1,control,0.0,7,5c7892da6487f4d4619148b80fd8ab6bda26e644b01edb895f151aaeaf506888,0.80078125,0.19921875,0.0703125,-0.0703125,0.5797101449275363,0.11764705882352941
lateral,L1,control,0.0,8,5c7892da6487f4d4619148b80fd8ab6bda26e644b01edb895f151aaeaf506888,0.7265625,0.2734375,-0.00390625,0.00390625,0.43478260869565216,0.1657754010695187
lateral,L1,v21,0.0,0,f8e27e9b3bb92dd33a460f38ecbd72f8b0fe03809683f697d54d3549626d69bb,0.7421875,0.2578125,0.0,0.0,0.0,0.0
lateral,L1,v21,0.0,1,5b55e4eacf526559294aa9b608ff068b7c1de8c3a1f9da1c5cdb481dc146eae1,0.7734375,0.2265625,0.03125,-0.03125,0.5303030303030303,0.14210526315789473
lateral,L1,v21,0.0,2,5b55e4eacf526559294aa9b608ff068b7c1de8c3a1f9da1c5cdb481dc146eae1,0.765625,0.234375,0.0234375,-0.0234375,0.5454545454545454,0.15789473684210525
lateral,L1,v21,0.0,3,1cff11319db3a598e0be2a8905ab5cab9841092a59e0b8fe14b75eee352730c7,0.71484375,0.28515625,-0.02734375,0.02734375,0.45454545454545453,0.19473684210526315
lateral,L1,v21,0.0,4,15c5b77c024bd723fa911dcedda14344d6afb94f80de825c786379bd67358c1d,0.7421875,0.2578125,0.0,0.0,0.5151515151515151,0.17894736842105263
lateral,L1,v21,0.0,5,15c5b77c024bd723fa911dcedda14344d6afb94f80de825c786379bd67358c1d,0.71484375,0.28515625,-0.02734375,0.02734375,0.45454545454545453,0.19473684210526315
lateral,L1,v21,0.0,6,15c5b77c024bd723fa911dcedda14344d6afb94f80de825c786379bd67358c1d,0.74609375,0.25390625,0.00390625,-0.00390625,0.48484848484848486,0.1631578947368421
lateral,L1,v21,0.0,7,15c5b77c024bd723fa911dcedda14344d6afb94f80de825c786379bd67358c1d,0.734375,0.265625,-0.0078125,0.0078125,0.48484848484848486,0.17894736842105263
lateral,L1,v21,0.0,8,15c5b77c024bd723fa911dcedda14344d6afb94f80de825c786379bd67358c1d,0.76953125,0.23046875,0.02734375,-0.02734375,0.5151515151515151,0.14210526315789473
lateral,L2,control,0.0,0,f8e27e9b3bb92dd33a460f38ecbd72f8b0fe03809683f697d54d3549626d69bb,0.8046875,0.1953125,0.0,0.0,0.0,0.0
lateral,L2,control,0.0,1,b5184f836bf21f6b6d7e5a8be6d2a5605d1ac8173b393c896870135a814aa4eb,0.80078125,0.19921875,-0.00390625,0.00390625,0.3,0.07766990291262135
lateral,L2,control,0.0,2,38bdbcd0094f2e2144ac095a0121b62eddba31eca76cdbc112866652e3c39e09,0.7734375,0.2265625,-0.03125,0.03125,0.34,0.12135922330097088
lateral,L2,control,0.0,3,38bdbcd0094f2e2144ac095a0121b62eddba31eca76cdbc112866652e3c39e09,0.78515625,0.21484375,-0.01953125,0.01953125,0.36,0.11165048543689321
lateral,L2,control,0.0,4,968863e71879f85fe91c435db04a19bddd8365b8fc0359fc22d1c2c64cf8ac63,0.74609375,0.25390625,-0.05859375,0.05859375,0.18,0.11650485436893204
lateral,L2,control,0.0,5,6716f4ebb6ec8e2436364e82b29905f5acad7c5b3bc7418e0a9aa2719e8fd2d7,0.76953125,0.23046875,-0.03515625,0.03515625,0.3,0.11650485436893204
lateral,L2,control,0.0,6,6716f4ebb6ec8e2436364e82b29905f5acad7c5b3bc7418e0a9aa2719e8fd2d7,0.76953125,0.23046875,-0.03515625,0.03515625,0.34,0.1262135922330097
lateral,L2,control,0.0,7,6716f4ebb6ec8e2436364e82b29905f5acad7c5b3bc7418e0a9aa2719e8fd2d7,0.796875,0.203125,-0.0078125,0.0078125,0.42,0.11165048543689321
lateral,L2,control,0.0,8,6716f4ebb6ec8e2436364e82b29905f5acad7c5b3bc7418e0a9aa2719e8fd2d7,0.80859375,0.19140625,0.00390625,-0.00390625,0.4,0.09223300970873786
lateral,L2,v21,0.0,0,f8e27e9b3bb92dd33a460f38ecbd72f8b0fe03809683f697d54d3549626d69bb,0.7578125,0.2421875,0.0,0.0,0.0,0.0
lateral,L2,v21,0.0,1,4b4cc504ab98fa4fe138bb76e6868834c91960d45b190c24bff54be9a0fc99d7,0.74609375,0.25390625,-0.01171875,0.01171875,0.3387096774193548,0.12371134020618557
lateral,L2,v21,0.0,2,45483e82f54cc0e6ccf513dd3903130de029a31b6d0e49429cf22667184d5c6f,0.75390625,0.24609375,-0.00390625,0.00390625,0.3064516129032258,0.10309278350515463
lateral,L2,v21,0.0,3,45483e82f54cc0e6ccf513dd3903130de029a31b6d0e49429cf22667184d5c6f,0.7265625,0.2734375,-0.03125,0.03125,0.25806451612903225,0.12371134020618557
lateral,L2,v21,0.0,4,45483e82f54cc0e6ccf513dd3903130de029a31b6d0e49429cf22667184d5c6f,0.7734375,0.2265625,0.015625,-0.015625,0.3064516129032258,0.07731958762886598
lateral,L2,v21,0.0,5,45483e82f54cc0e6ccf513dd3903130de029a31b6d0e49429cf22667184d5c6f,0.76953125,0.23046875,0.01171875,-0.01171875,0.25806451612903225,0.06701030927835051
lateral,L2,v21,0.0,6,34cad349b1c42173364c47529a3c0bc0fd54ccc0f0b6ab87ef8ef4efa687f882,0.76171875,0.23828125,0.00390625,-0.00390625,0.2903225806451613,0.08762886597938144
lateral,L2,v21,0.0,7,55e431cbb6fd3f6845e7024bb88862798c8fde7d45098f2f93ed85a765ec99c5,0.78125,0.21875,0.0234375,-0.0234375,0.3387096774193548,0.07731958762886598
lateral,L2,v21,0.0,8,13c86488c75bbc09d5e32db248211a5cfd1b87bb4cc028b9846ebcd5bcf2db34,0.7890625,0.2109375,0.03125,-0.03125,0.3870967741935484,0.08247422680412371
lateral,L3,control,0.0,0,f8e27e9b3bb92dd33a460f38ecbd72f8b0fe03809683f697d54d3549626d69bb,0.8359375,0.1640625,0.0,0.0,0.0,0.0
lateral,L3,control,0.0,1,f8e27e9b3bb92dd33a460f38ecbd72f8b0fe03809683f697d54d3549626d69bb,0.84375,0.15625,0.0078125,-0.0078125,0.7619047619047619,0.14018691588785046
lateral,L3,control,0.0,2,f8e27e9b3bb92dd33a460f38ecbd72f8b0fe03809683f697d54d3549626d69bb,0.76953125,0.23046875,-0.06640625,0.06640625,0.5238095238095238,0.1822429906542056
lateral,L3,control,0.0,3,f8e27e9b3bb92dd33a460f38ecbd72f8b0fe03809683f697d54d3549626d69bb,0.8046875,0.1953125,-0.03125,0.03125,0.6190476190476191,0.1588785046728972
lateral,L3,control,0.0,4,f8e27e9b3bb92dd33a460f38ecbd72f8b0fe03809683f697d54d3549626d69bb,0.796875,0.203125,-0.0390625,0.0390625,0.5476190476190477,0.1542056074766355
lateral,L3,control,0.0,5,f8e27e9b3bb92dd33a460f38ecbd72f8b0fe03809683f697d54d3549626d69bb,0.8125,0.1875,-0.0234375,0.0234375,0.6666666666666666,0.1588785046728972
lateral,L3,control,0.0,6,f8e27e9b3bb92dd33a460f38ecbd72f8b0fe03809683f697d54d3549626d69bb,0.80859375,0.19140625,-0.02734375,0.02734375,0.5238095238095238,0.13551401869158877
lateral,L3,control,0.0,7,f8e27e9b3bb92dd33a460f38ecbd72f8b0fe03809683f697d54d3549626d69bb,0.82421875,0.17578125,-0.01171875,0.01171875,0.6666666666666666,0.14485981308411214
lateral,L3,control,0.0,8,f8e27e9b3bb92dd33a460f38ecbd72f8b0fe03809683f697d54d3549626d69bb,0.80078125,0.19921875,-0.03515625,0.03515625,0.5714285714285714,0.1542056074766355
lateral,L3,v21,0.0,0,f8e27e9b3bb92dd33a460f38ecbd72f8b0fe03809683f697d54d3549626d69bb,0.8046875,0.1953125,0.0,0.0,0.0,0.0
lateral,L3,v21,0.0,1,f8e27e9b3bb92dd33a460f38ecbd72f8b0fe03809683f697d54d3549626d69bb,0.8203125,0.1796875,0.015625,-0.015625,0.58,0.12135922330097088
lateral,L3,v21,0.0,2,f8e27e9b3bb92dd33a460f38ecbd72f8b0fe03809683f697d54d3549626d69bb,0.8046875,0.1953125,0.0,0.0,0.62,0.15048543689320387
lateral,L3,v21,0.0,3,ce1d0eec2fd1e33f88c736f8bd008a398d5c26963b467b695885a871acd5841f,0.8515625,0.1484375,0.046875,-0.046875,0.68,0.10679611650485436
lateral,L3,v21,0.0,4,ce1d0eec2fd1e33f88c736f8bd008a398d5c26963b467b695885a871acd5841f,0.87890625,0.12109375,0.07421875,-0.07421875,0.72,0.0825242718446602
lateral,L3,v21,0.0,5,ce1d0eec2fd1e33f88c736f8bd008a398d5c26963b467b695885a871acd5841f,0.828125,0.171875,0.0234375,-0.0234375,0.58,0.11165048543689321
lateral,L3,v21,0.0,6,b1964620a5b78c54463194c1137e52af500632a047441eb4da5c2399c4c4988b,0.7734375,0.2265625,-0.03125,0.03125,0.48,0.1553398058252427
lateral,L3,v21,0.0,7,1c95295ef90a863e1e84e9fba0df220a926b62f094fb27bd2a6df605cc3a4322,0.7890625,0.2109375,-0.015625,0.015625,0.58,0.16019417475728157
lateral,L3,v21,0.0,8,1c95295ef90a863e1e84e9fba0df220a926b62f094fb27bd2a6df605cc3a4322,0.81640625,0.18359375,0.01171875,-0.01171875,0.54,0.11650485436893204
lateral,L4,control,0.0,0,f8e27e9b3bb92dd33a460f38ecbd72f8b0fe03809683f697d54d3549626d69bb,0.8125,0.18359375,0.0,0.0,0.0,0.0
lateral,L4,control,0.0,1,2b57203aac342ce317185c1202d73f7d6c67873cf69c75cb320b1f00628c6110,0.8203125,0.1796875,0.0078125,-0.00390625,0.3541666666666667,0.07211538461538461
lateral,L4,control,0.0,2,2b57203aac342ce317185c1202d73f7d6c67873cf69c75cb320b1f00628c6110,0.8359375,0.1640625,0.0234375,-0.01953125,0.375,0.057692307692307696
lateral,L4,control,0.0,3,1da45b147aacee5852b425f49d0ea3f809c6d509e50b1a64190f6aed265c1a90,0.8125,0.1875,0.0,0.00390625,0.375,0.08653846153846154
lateral,L4,control,0.0,4,1da45b147aacee5852b425f49d0ea3f809c6d509e50b1a64190f6aed265c1a90,0.8203125,0.1796875,0.0078125,-0.00390625,0.3541666666666667,0.07211538461538461
lateral,L4,control,0.0,5,95ccc220a210d2c5b0697aa4c9157f5f46cc9344dfe35825c476585b6fa8dade,0.78125,0.21875,-0.03125,0.03515625,0.3333333333333333,0.11538461538461539
lateral,L4,control,0.0,6,95ccc220a210d2c5b0697aa4c9157f5f46cc9344dfe35825c476585b6fa8dade,0.81640625,0.18359375,0.00390625,0.0,0.3958333333333333,0.08653846153846154
lateral,L4,control,0.0,7,95ccc220a210d2c5b0697aa4c9157f5f46cc9344dfe35825c476585b6fa8dade,0.81640625,0.18359375,0.00390625,0.0,0.3125,0.0673076923076923
lateral,L4,control,0.0,8,25a21b243877f4fb6de52de0762253c9182cd4b988da1d6d67eff42b25e54b35,0.83203125,0.16796875,0.01953125,-0.015625,0.3541666666666667,0.057692307692307696
lateral,L4,v21,0.0,0,f8e27e9b3bb92dd33a460f38ecbd72f8b0fe03809683f697d54d3549626d69bb,0.7890625,0.2109375,0.0,0.0,0.0,0.0
lateral,L4,v21,0.0,1,f8e27e9b3bb92dd33a460f38ecbd72f8b0fe03809683f697d54d3549626d69bb,0.7734375,0.2265625,-0.015625,0.015625,0.2962962962962963,0.09900990099009901
lateral,L4,v21,0.0,2,f8e27e9b3bb92dd33a460f38ecbd72f8b0fe03809683f697d54d3549626d69bb,0.796875,0.203125,0.0078125,-0.0078125,0.37037037037037035,0.0891089108910891
lateral,L4,v21,0.0,3,a56753c20a6448102f1f84edde2a48be02b283fc0eaa4282b89e70202cfca7c8,0.80859375,0.19140625,0.01953125,-0.01953125,0.3888888888888889,0.07920792079207921
lateral,L4,v21,0.0,4,a56753c20a6448102f1f84edde2a48be02b283fc0eaa4282b89e70202cfca7c8,0.79296875,0.20703125,0.00390625,-0.00390625,0.3888888888888889,0.09900990099009901
lateral,L4,v21,0.0,5,a56753c20a6448102f1f84edde2a48be02b283fc0eaa4282b89e70202cfca7c8,0.78515625,0.21484375,-0.00390625,0.00390625,0.3333333333333333,0.09405940594059406
lateral,L4,v21,0.0,6,abc2603884a63d618933ffc89fb3920a91adec41d0d35be1ce3f41b894a14289,0.8125,0.1875,0.0234375,-0.0234375,0.42592592592592593,0.08415841584158416
lateral,L4,v21,0.0,7,6a64f859ab5e530faafc315121741857f89d7cfbf23d756abceebb703cc17090,0.80859375,0.19140625,0.01953125,-0.01953125,0.37037037037037035,0.07425742574257425
lateral,L4,v21,0.0,8,6a64f859ab5e530faafc315121741857f89d7cfbf23d756abceebb703cc17090,0.8359375,0.1640625,0.046875,-0.046875,0.46296296296296297,0.06435643564356436
lateral,L5,control,0.0,0,f8e27e9b3bb92dd33a460f38ecbd72f8b0fe03809683f697d54d3549626d69bb,0.76953125,0.23046875,0.0,0.0,0.0,0.0
lateral,L5,control,0.0,1,e9411b68ff77181b41fcfcee5ec8cffcc475e454e7a42c177a7936bc2997e5c0,0.74609375,0.25390625,-0.0234375,0.0234375,0.23728813559322035,0.10152284263959391
lateral,L5,control,0.0,2,e9411b68ff77181b41fcfcee5ec8cffcc475e454e7a42c177a7936bc2997e5c0,0.7265625,0.2734375,-0.04296875,0.04296875,0.2711864406779661,0.13705583756345177
lateral,L5,control,0.0,3,322dbe2c85882901e36eb4b4f3f937e988131fc3522f45165b2f4e7919bf37db,0.74609375,0.25390625,-0.0234375,0.0234375,0.3050847457627119,0.1218274111675127
lateral,L5,control,0.0,4,322dbe2c85882901e36eb4b4f3f937e988131fc3522f45165b2f4e7919bf37db,0.7265625,0.2734375,-0.04296875,0.04296875,0.3050847457627119,0.14720812182741116
lateral,L5,control,0.0,5,322dbe2c85882901e36eb4b4f3f937e988131fc3522f45165b2f4e7919bf37db,0.734375,0.265625,-0.03515625,0.03515625,0.288135593220339,0.1319796954314721
lateral,L5,control,0.0,6,322dbe2c85882901e36eb4b4f3f937e988131fc3522f45165b2f4e7919bf37db,0.76171875,0.23828125,-0.0078125,0.0078125,0.2711864406779661,0.09137055837563451
lateral,L5,control,0.0,7,322dbe2c85882901e36eb4b4f3f937e988131fc3522f45165b2f4e7919bf37db,0.74609375,0.25390625,-0.0234375,0.0234375,0.3050847457627119,0.1218274111675127
lateral,L5,control,0.0,8,8d1e4a944b56bb7f8672f656f9c903e8ab20839c2b5a55e0a69e6d6b77988544,0.74609375,0.25390625,-0.0234375,0.0234375,0.2711864406779661,0.1116751269035533
lateral,L5,v21,0.0,0,f8e27e9b3bb92dd33a460f38ecbd72f8b0fe03809683f697d54d3549626d69bb,0.70703125,0.29296875,0.0,0.0,0.0,0.0
lateral,L5,v21,0.0,1,f8e27e9b3bb92dd33a460f38ecbd72f8b0fe03809683f697d54d3549626d69bb,0.7734375,0.2265625,0.06640625,-0.06640625,0.44,0.08839779005524862
lateral,L5,v21,0.0,2,33732268354d1091b56e2aa8a5b8fe5ee194e127df52baa9048e810ac4319bd5,0.76171875,0.23828125,0.0546875,-0.0546875,0.4266666666666667,0.09944751381215469
lateral,L5,v21,0.0,3,1328be2708fb72711ea798e94219c89ce12c037497dc81d11ddf897172c0956f,0.7421875,0.2578125,0.03515625,-0.03515625,0.44,0.13259668508287292
lateral,L5,v21,0.0,4,1328be2708fb72711ea798e94219c89ce12c037497dc81d11ddf897172c0956f,0.72265625,0.27734375,0.015625,-0.015625,0.4,0.143646408839779
lateral,L5,v21,0.0,5,a84e3a4e9573b725157e1d5bcea97d0466210359a53bcd9a876072031a51aa98,0.765625,0.234375,0.05859375,-0.05859375,0.4266666666666667,0.09392265193370165
lateral,L5,v21,0.0,6,c9fc9fc4615d2b26cc54e0be6f44a346fa0b6472758893bcc71daf63ba223ceb,0.7265625,0.2734375,0.01953125,-0.01953125,0.36,0.12154696132596685
lateral,L5,v21,0.0,7,c9fc9fc4615d2b26cc54e0be6f44a346fa0b6472758893bcc71daf63ba223ceb,0.76171875,0.23828125,0.0546875,-0.0546875,0.4266666666666667,0.09944751381215469
lateral,L5,v21,0.0,8,c9fc9fc4615d2b26cc54e0be6f44a346fa0b6472758893bcc71daf63ba223ceb,0.7421875,0.2578125,0.03515625,-0.03515625,0.38666666666666666,0.11049723756906077
contact_stability,C1,control,0.0,0,f8e27e9b3bb92dd33a460f38ecbd72f8b0fe03809683f697d54d3549626d69bb,0.828125,0.171875,0.0,0.0,0.0,0.0
contact_stability,C1,control,0.0,1,2ed296f52c87a853a907019006d3d8cd4c94e602c4427f81d859804688de2502,0.796875,0.203125,-0.03125,0.03125,0.06818181818181818,0.05188679245283019
contact_stability,C1,control,0.0,2,da4c534babb51a92cad5e97841b61833156074faedf0883ffc2ddfa48149f0a3,0.79296875,0.20703125,-0.03515625,0.03515625,0.09090909090909091,0.06132075471698113
contact_stability,C1,control,0.0,3,da4c534babb51a92cad5e97841b61833156074faedf0883ffc2ddfa48149f0a3,0.78515625,0.21484375,-0.04296875,0.04296875,0.09090909090909091,0.07075471698113207
contact_stability,C1,control,0.0,4,da4c534babb51a92cad5e97841b61833156074faedf0883ffc2ddfa48149f0a3,0.80078125,0.19921875,-0.02734375,0.02734375,0.09090909090909091,0.05188679245283019
contact_stability,C1,control,0.0,5,da4c534babb51a92cad5e97841b61833156074faedf0883ffc2ddfa48149f0a3,0.80859375,0.19140625,-0.01953125,0.01953125,0.1590909090909091,0.05660377358490566
contact_stability,C1,control,0.0,6,da4c534babb51a92cad5e97841b61833156074faedf0883ffc2ddfa48149f0a3,0.77734375,0.22265625,-0.05078125,0.05078125,0.13636363636363635,0.08962264150943396
contact_stability,C1,control,0.0,7,da4c534babb51a92cad5e97841b61833156074faedf0883ffc2ddfa48149f0a3,0.82421875,0.17578125,-0.00390625,0.00390625,0.1590909090909091,0.03773584905660377
contact_stability,C1,control,0.0,8,43ba44cff964b8060334193cee068251f14a89f91930b84c6d439a37cd40e95b,0.796875,0.203125,-0.03125,0.03125,0.18181818181818182,0.07547169811320754
contact_stability,C1,v21,0.0,0,f8e27e9b3bb92dd33a460f38ecbd72f8b0fe03809683f697d54d3549626d69bb,0.80859375,0.19140625,0.0,0.0,0.0,0.0
contact_stability,C1,v21,0.0,1,f8e27e9b3bb92dd33a460f38ecbd72f8b0fe03809683f697d54d3549626d69bb,0.828125,0.171875,0.01953125,-0.01953125,0.22448979591836735,0.028985507246376812
contact_stability,C1,v21,0.0,2,51662f463a28acde8b9d885387d0705e615e002c5f8ee068d5fd1ea65e6914d8,0.78515625,0.21484375,-0.0234375,0.0234375,0.12244897959183673,0.057971014492753624
contact_stability,C1,v21,0.0,3,885a21184038e62da31cb4c7b556eb61ee2b903f47501b2e9d7aae0019095d74,0.7734375,0.2265625,-0.03515625,0.03515625,0.08163265306122448,0.06280193236714976
contact_stability,C1,v21,0.0,4,f957206caebd470e828e73782a7d097ca3c05d931e7f2187fffa51b224b67c89,0.7734375,0.2265625,-0.03515625,0.03515625,0.08163265306122448,0.06280193236714976
contact_stability,C1,v21,0.0,5,f957206caebd470e828e73782a7d097ca3c05d931e7f2187fffa51b224b67c89,0.78125,0.21875,-0.02734375,0.02734375,0.14285714285714285,0.06763285024154589
contact_stability,C1,v21,0.0,6,b345aa7a6a2c1de9fef8778293f00f0105ca9b50dc4ff211baee31716d440bc3,0.80859375,0.19140625,0.0,0.0,0.1836734693877551,0.043478260869565216
contact_stability,C1,v21,0.0,7,b345aa7a6a2c1de9fef8778293f00f0105ca9b50dc4ff211baee31716d440bc3,0.8203125,0.1796875,0.01171875,-0.01171875,0.24489795918367346,0.043478260869565216
contact_stability,C1,v21,0.0,8,b345aa7a6a2c1de9fef8778293f00f0105ca9b50dc4ff211baee31716d440bc3,0.7890625,0.2109375,-0.01953125,0.01953125,0.14285714285714285,0.057971014492753624
contact_stability,C2,control,0.0,0,f8e27e9b3bb92dd33a460f38ecbd72f8b0fe03809683f697d54d3549626d69bb,0.79296875,0.20703125,0.0,0.0,0.0,0.0
contact_stability,C2,control,0.0,1,f8e27e9b3bb92dd33a460f38ecbd72f8b0fe03809683f697d54d3549626d69bb,0.79296875,0.20703125,0.0,0.0,0.22641509433962265,0.059113300492610835
contact_stability,C2,control,0.0,2,f8e27e9b3bb92dd33a460f38ecbd72f8b0fe03809683f697d54d3549626d69bb,0.8203125,0.1796875,0.02734375,-0.02734375,0.3018867924528302,0.04433497536945813
contact_stability,C2,control,0.0,3,4d8a5d5f87de97ecb4c827b69db48024477be8c7d12ff28501a3efa7a0a2fb1f,0.76953125,0.23046875,-0.0234375,0.0234375,0.07547169811320754,0.04926108374384237
contact_stability,C2,control,0.0,4,4da2908659ff45e7782395607f9ff8c6d60273cb142dfd49d100303ac1559ae7,0.74609375,0.25390625,-0.046875,0.046875,0.07547169811320754,0.07881773399014778
contact_stability,C2,control,0.0,5,021c9a23ff9df3b31722b2105d622ddf3ce34c6624a7dcfc129a31ea41e05a20,0.796875,0.203125,0.00390625,-0.00390625,0.1320754716981132,0.029556650246305417
contact_stability,C2,control,0.0,6,021c9a23ff9df3b31722b2105d622ddf3ce34c6624a7dcfc129a31ea41e05a20,0.703125,0.29296875,-0.08984375,0.0859375,0.018867924528301886,0.11822660098522167
contact_stability,C2,control,0.0,7,021c9a23ff9df3b31722b2105d622ddf3ce34c6624a7dcfc129a31ea41e05a20,0.7890625,0.2109375,-0.00390625,0.00390625,0.09433962264150944,0.029556650246305417
contact_stability,C2,control,0.0,8,021c9a23ff9df3b31722b2105d622ddf3ce34c6624a7dcfc129a31ea41e05a20,0.78125,0.21875,-0.01171875,0.01171875,0.1320754716981132,0.04926108374384237
contact_stability,C2,v21,0.0,0,f8e27e9b3bb92dd33a460f38ecbd72f8b0fe03809683f697d54d3549626d69bb,0.7578125,0.2421875,0.0,0.0,0.0,0.0
contact_stability,C2,v21,0.0,1,11f1ffd8c50a200f9dd7480d1d715e2563651a02f519040990d8aa1e2335ab02,0.796875,0.203125,0.0390625,-0.0390625,0.2903225806451613,0.041237113402061855
contact_stability,C2,v21,0.0,2,11f1ffd8c50a200f9dd7480d1d715e2563651a02f519040990d8aa1e2335ab02,0.7421875,0.2578125,-0.015625,0.015625,0.14516129032258066,0.06701030927835051
contact_stability,C2,v21,0.0,3,11f1ffd8c50a200f9dd7480d1d715e2563651a02f519040990d8aa1e2335ab02,0.73828125,0.26171875,-0.01953125,0.01953125,0.11290322580645161,0.061855670103092786
contact_stability,C2,v21,0.0,4,b708aa8a3c3eb5e81f534cea90b70f27b1ebd557590de300ba92216ca08df75f,0.7578125,0.2421875,0.0,0.0,0.14516129032258066,0.04639175257731959
contact_stability,C2,v21,0.0,5,a0c61cecf55bf70ed25f576d804e0c8ae0c56bcb08a9bd6f75539401789a040a,0.76171875,0.23828125,0.00390625,-0.00390625,0.20967741935483872,0.061855670103092786
contact_stability,C2,v21,0.0,6,a0c61cecf55bf70ed25f576d804e0c8ae0c56bcb08a9bd6f75539401789a040a,0.78125,0.21875,0.0234375,-0.0234375,0.25806451612903225,0.05154639175257732
contact_stability,C2,v21,0.0,7,a0c61cecf55bf70ed25f576d804e0c8ae0c56bcb08a9bd6f75539401789a040a,0.76953125,0.23046875,0.01171875,-0.01171875,0.24193548387096775,0.061855670103092786
contact_stability,C2,v21,0.0,8,a0c61cecf55bf70ed25f576d804e0c8ae0c56bcb08a9bd6f75539401789a040a,0.80078125,0.19921875,0.04296875,-0.04296875,0.2903225806451613,0.03608247422680412
contact_stability,C3,control,0.0,0,f8e27e9b3bb92dd33a460f38ecbd72f8b0fe03809683f697d54d3549626d69bb,0.78515625,0.21484375,0.0,0.0,0.0,0.0
contact_stability,C3,control,0.0,1,f8e27e9b3bb92dd33a460f38ecbd72f8b0fe03809683f697d54d3549626d69bb,0.81640625,0.18359375,0.03125,-0.03125,0.16363636363636364,0.004975124378109453
contact_stability,C3,control,0.0,2,f8e27e9b3bb92dd33a460f38ecbd72f8b0fe03809683f697d54d3549626d69bb,0.76953125,0.23046875,-0.015625,0.015625,0.09090909090909091,0.04477611940298507
contact_stability,C3,control,0.0,3,f8e27e9b3bb92dd33a460f38ecbd72f8b0fe03809683f697d54d3549626d69bb,0.78125,0.21875,-0.00390625,0.00390625,0.07272727272727272,0.024875621890547265
contact_stability,C3,control,0.0,4,f8e27e9b3bb92dd33a460f38ecbd72f8b0fe03809683f697d54d3549626d69bb,0.80078125,0.19921875,0.015625,-0.015625,0.12727272727272726,0.014925373134328358
contact_stability,C3,control,0.0,5,f8e27e9b3bb92dd33a460f38ecbd72f8b0fe03809683f697d54d3549626d69bb,0.75,0.25,-0.03515625,0.03515625,0.01818181818181818,0.04975124378109453
contact_stability,C3,control,0.0,6,48d2c028f5988330c311d78149fa75844801df82bf88377e8b7113921b2548eb,0.765625,0.234375,-0.01953125,0.01953125,0.07272727272727272,0.04477611940298507
contact_stability,C3,control,0.0,7,48d2c028f5988330c311d78149fa75844801df82bf88377e8b7113921b2548eb,0.8203125,0.1796875,0.03515625,-0.03515625,0.18181818181818182,0.004975124378109453
contact_stability,C3,control,0.0,8,48d2c028f5988330c311d78149fa75844801df82bf88377e8b7113921b2548eb,0.83203125,0.16796875,0.046875,-0.046875,0.21818181818181817,0.0
contact_stability,C3,v21,0.0,0,f8e27e9b3bb92dd33a460f38ecbd72f8b0fe03809683f697d54d3549626d69bb,0.76953125,0.23046875,0.0,0.0,0.0,0.0
contact_stability,C3,v21,0.0,1,43221c5084ebe5bcf89a25a259ea7fcba1a207572379e34a562f590b34f1323a,0.7578125,0.2421875,-0.01171875,0.01171875,0.06779661016949153,0.03553299492385787
contact_stability,C3,v21,0.0,2,43221c5084ebe5bcf89a25a259ea7fcba1a207572379e34a562f590b34f1323a,0.80078125,0.19921875,0.03125,-0.03125,0.23728813559322035,0.030456852791878174
contact_stability,C3,v21,0.0,3,ddedea3253c6452911cd06eabda68a1a334cec80a6b3090e54c03674f08b8662,0.80078125,0.19921875,0.03125,-0.03125,0.1694915254237288,0.01015228426395939
contact_stability,C3,v21,0.0,4,ddedea3253c6452911cd06eabda68a1a334cec80a6b3090e54c03674f08b8662,0.7734375,0.2265625,0.00390625,-0.00390625,0.2033898305084746,0.05583756345177665
contact_stability,C3,v21,0.0,5,ddedea3253c6452911cd06eabda68a1a334cec80a6b3090e54c03674f08b8662,0.796875,0.203125,0.02734375,-0.02734375,0.288135593220339,0.050761421319796954
contact_stability,C3,v21,0.0,6,ddedea3253c6452911cd06eabda68a1a334cec80a6b3090e54c03674f08b8662,0.78515625,0.21484375,0.015625,-0.015625,0.15254237288135594,0.025380710659898477
contact_stability,C3,v21,0.0,7,fe466ca9526ba3c8c990312a1a51d4068bf4514367dc881f183cea8a73c11d9c,0.73046875,0.26953125,-0.0390625,0.0390625,0.0847457627118644,0.07614213197969544
contact_stability,C3,v21,0.0,8,7bccaee45f109363fa268b9378e6d39dc4d11d0c86e82acc437d905a0556a2fc,0.828125,0.171875,0.05859375,-0.05859375,0.3050847457627119,0.015228426395939087
contact_stability,C4,control,0.0,0,f8e27e9b3bb92dd33a460f38ecbd72f8b0fe03809683f697d54d3549626d69bb,0.78515625,0.21484375,0.0,0.0,0.0,0.0
contact_stability,C4,control,0.0,1,f8e27e9b3bb92dd33a460f38ecbd72f8b0fe03809683f697d54d3549626d69bb,0.77734375,0.22265625,-0.0078125,0.0078125,0.10909090909090909,0.03980099502487562
contact_stability,C4,control,0.0,2,f8e27e9b3bb92dd33a460f38ecbd72f8b0fe03809683f697d54d3549626d69bb,0.83203125,0.16796875,0.046875,-0.046875,0.2727272727272727,0.014925373134328358
contact_stability,C4,control,0.0,3,f8e27e9b3bb92dd33a460f38ecbd72f8b0fe03809683f697d54d3549626d69bb,0.8046875,0.1953125,0.01953125,-0.01953125,0.14545454545454545,0.014925373134328358
contact_stability,C4,control,0.0,4,f8e27e9b3bb92dd33a460f38ecbd72f8b0fe03809683f697d54d3549626d69bb,0.80078125,0.19921875,0.015625,-0.015625,0.12727272727272726,0.014925373134328358
contact_stability,C4,control,0.0,5,f8e27e9b3bb92dd33a460f38ecbd72f8b0fe03809683f697d54d3549626d69bb,0.79296875,0.20703125,0.0078125,-0.0078125,0.12727272727272726,0.024875621890547265
contact_stability,C4,control,0.0,6,78b4f455d36d92bdf37dffa693f00e833338574a096a0e972c3e78b9ab77c89a,0.8125,0.1875,0.02734375,-0.02734375,0.14545454545454545,0.004975124378109453
contact_stability,C4,control,0.0,7,ad15fec158303e72958976e514e5a65176b895e538ee2dcab0da5648d715643f,0.78515625,0.21484375,0.0,0.0,0.10909090909090909,0.029850746268656716
contact_stability,C4,control,0.0,8,732fcaafc8a0b1331e96227106899f0a1cb4eb34ab1790751bffc6d9a88d9e64,0.79296875,0.20703125,0.0078125,-0.0078125,0.10909090909090909,0.01990049751243781
contact_stability,C4,v21,0.0,0,f8e27e9b3bb92dd33a460f38ecbd72f8b0fe03809683f697d54d3549626d69bb,0.828125,0.171875,0.0,0.0,0.0,0.0
contact_stability,C4,v21,0.0,1,f8e27e9b3bb92dd33a460f38ecbd72f8b0fe03809683f697d54d3549626d69bb,0.80078125,0.19921875,-0.02734375,0.02734375,0.045454545454545456,0.04245283018867924
contact_stability,C4,v21,0.0,2,f8e27e9b3bb92dd33a460f38ecbd72f8b0fe03809683f697d54d3549626d69bb,0.77734375,0.22265625,-0.05078125,0.05078125,0.022727272727272728,0.0660377358490566
contact_stability,C4,v21,0.0,3,f8e27e9b3bb92dd33a460f38ecbd72f8b0fe03809683f697d54d3549626d69bb,0.796875,0.203125,-0.03125,0.03125,0.06818181818181818,0.05188679245283019
contact_stability,C4,v21,0.0,4,190f52dbf937de3fc420e9bfd8f7190b8b6124bd55f370e3dc7eab6039bdf398,0.82421875,0.17578125,-0.00390625,0.00390625,0.18181818181818182,0.04245283018867924
contact_stability,C4,v21,0.0,5,190f52dbf937de3fc420e9bfd8f7190b8b6124bd55f370e3dc7eab6039bdf398,0.79296875,0.20703125,-0.03515625,0.03515625,0.022727272727272728,0.04716981132075472
contact_stability,C4,v21,0.0,6,190f52dbf937de3fc420e9bfd8f7190b8b6124bd55f370e3dc7eab6039bdf398,0.78515625,0.21484375,-0.04296875,0.04296875,0.045454545454545456,0.06132075471698113
contact_stability,C4,v21,0.0,7,f2d151a58cd32114debf20d4afc5d9f8e15aa697a302b918b6905b2cba9f7440,0.80859375,0.19140625,-0.01953125,0.01953125,0.045454545454545456,0.0330188679245283
contact_stability,C4,v21,0.0,8,f2d151a58cd32114debf20d4afc5d9f8e15aa697a302b918b6905b2cba9f7440,0.80078125,0.19921875,-0.02734375,0.02734375,0.045454545454545456,0.04245283018867924
contact_stability,C5,control,0.0,0,f8e27e9b3bb92dd33a460f38ecbd72f8b0fe03809683f697d54d3549626d69bb,0.7890625,0.2109375,0.0,0.0,0.0,0.0
contact_stability,C5,control,0.0,1,f8e27e9b3bb92dd33a460f38ecbd72f8b0fe03809683f697d54d3549626d69bb,0.75,0.25,-0.0390625,0.0390625,0.09259259259259259,0.07425742574257425
contact_stability,C5,control,0.0,2,6efd2575f151a435d6316c9a15fe26c52d9846d75cf076385c97ef4fc0a84aa6,0.796875,0.203125,0.0078125,-0.0078125,0.1111111111111111,0.019801980198019802
contact_stability,C5,control,0.0,3,38efa03c3d29dd840638b0ddc44600b50ca707ec399596e58ff0e0d0fe7f21b0,0.80859375,0.19140625,0.01953125,-0.01953125,0.18518518518518517,0.024752475247524754
contact_stability,C5,control,0.0,4,ac900981c85fd55cb9f5cbb3440063afaed7db263a619297129b63d29de7cb50,0.8203125,0.1796875,0.03125,-0.03125,0.2222222222222222,0.019801980198019802
contact_stability,C5,control,0.0,5,ac900981c85fd55cb9f5cbb3440063afaed7db263a619297129b63d29de7cb50,0.765625,0.234375,-0.0234375,0.0234375,0.09259259259259259,0.054455445544554455
contact_stability,C5,control,0.0,6,ac900981c85fd55cb9f5cbb3440063afaed7db263a619297129b63d29de7cb50,0.79296875,0.20703125,0.00390625,-0.00390625,0.16666666666666666,0.039603960396039604
contact_stability,C5,control,0.0,7,ac900981c85fd55cb9f5cbb3440063afaed7db263a619297129b63d29de7cb50,0.81640625,0.18359375,0.02734375,-0.02734375,0.18518518518518517,0.01485148514851485
contact_stability,C5,control,0.0,8,ac900981c85fd55cb9f5cbb3440063afaed7db263a619297129b63d29de7cb50,0.8125,0.1875,0.0234375,-0.0234375,0.18518518518518517,0.019801980198019802
contact_stability,C5,v21,0.0,0,f8e27e9b3bb92dd33a460f38ecbd72f8b0fe03809683f697d54d3549626d69bb,0.8203125,0.1796875,0.0,0.0,0.0,0.0
contact_stability,C5,v21,0.0,1,f8e27e9b3bb92dd33a460f38ecbd72f8b0fe03809683f697d54d3549626d69bb,0.7734375,0.2265625,-0.046875,0.046875,0.08695652173913043,0.0761904761904762
contact_stability,C5,v21,0.0,2,9ac7b140df53e81d32cec0a869e4e2969eecc8ee1d4eab93373abbee1d7aa66d,0.8125,0.1875,-0.0078125,0.0078125,0.2391304347826087,0.06190476190476191
contact_stability,C5,v21,0.0,3,9ac7b140df53e81d32cec0a869e4e2969eecc8ee1d4eab93373abbee1d7aa66d,0.77734375,0.22265625,-0.04296875,0.04296875,0.17391304347826086,0.09047619047619047
contact_stability,C5,v21,0.0,4,9ac7b140df53e81d32cec0a869e4e2969eecc8ee1d4eab93373abbee1d7aa66d,0.7734375,0.2265625,-0.046875,0.046875,0.13043478260869565,0.08571428571428572
contact_stability,C5,v21,0.0,5,9ac7b140df53e81d32cec0a869e4e2969eecc8ee1d4eab93373abbee1d7aa66d,0.78515625,0.21484375,-0.03515625,0.03515625,0.17391304347826086,0.08095238095238096
contact_stability,C5,v21,0.0,6,9ac7b140df53e81d32cec0a869e4e2969eecc8ee1d4eab93373abbee1d7aa66d,0.78125,0.21875,-0.0390625,0.0390625,0.13043478260869565,0.0761904761904762
contact_stability,C5,v21,0.0,7,9ac7b140df53e81d32cec0a869e4e2969eecc8ee1d4eab93373abbee1d7aa66d,0.80859375,0.19140625,-0.01171875,0.01171875,0.13043478260869565,0.04285714285714286
contact_stability,C5,v21,0.0,8,5d4673ea8b62e047bd97f3e3c8f63c5f859f5a1c32e3512584089ef976c643ea,0.79296875,0.20703125,-0.02734375,0.02734375,0.10869565217391304,0.05714285714285714
