specialist,adaptation_seed,round,baseline_target_success,baseline_target_fall,baseline_target_return,baseline_target_mean_reached_riser,current_target_success,current_target_fall,current_target_return,current_target_mean_reached_riser,accepted_target_success,accepted_target_fall,accepted_target_return,accepted_target_mean_reached_riser,target_diagnostic_seed,target_diagnostic_episodes,screen_delta_fraction_0_5,screen_delta_fraction_1_0,screen_delta_fraction_1_5,screen_best_fraction,confirmation_success_delta,confirmation_fall_delta,selected_candidate_fraction,retained_candidate_fraction,target_gate_accepted,d0_gate_passed,d0_rollback,d0_checked_candidate_success,d0_checked_candidate_fall,policy_changed_at_round_end,cumulative_retained_updates,ppo_policy_loss,ppo_value_loss,ppo_entropy,ppo_mean_kl,ppo_max_preupdate_kl,normal_transition_fraction,failure_transition_fraction,success_transition_fraction,normal_advantage_mean_before,normal_advantage_std_before,normal_advantage_mean_after,normal_advantage_std_after,failure_advantage_mean_before,failure_advantage_std_before,failure_advantage_mean_after,failure_advantage_std_after,success_advantage_mean_before,success_advantage_std_before,success_advantage_mean_after,success_advantage_std_after,failure_bank_size,success_pool_size,matched_success_bank_size,exact_pair_count,maximum_marginal_imbalance,bank_transactions_committed,bank_transactions_restored,d0_baseline_success,d0_success,d0_success_delta,d0_fall,cbf_interventions_per_riser,cbf_mean_correction_norm,new_input_column_rms,new_input_column_max_abs,legacy_input_column_max_drift,round_end_actor_sha256
contact_stability,373,0,0.765625,0.234375,-16.170141262933612,21.34375,0.765625,0.234375,-16.170141262933612,21.34375,0.765625,0.234375,-16.170141262933612,21.34375,300373,128,,,,,,,,,,,,,,,0,,,,,,,,,,,,,,,,,,,,,,,,,,,,0.8984375,0.8984375,0.0,0.03125,2.43627851549536,0.009396440589625854,0.0,0.0,0.0,f8e27e9b3bb92dd33a460f38ecbd72f8b0fe03809683f697d54d3549626d69bb
contact_stability,373,1,0.765625,0.234375,-16.170141262933612,21.34375,0.7109375,0.2890625,-15.78116163983941,20.515625,0.7109375,0.2890625,-15.78116163983941,20.515625,30373,128,-0.140625,-0.171875,-0.046875,1.5,0.0,0.0,,,False,True,False,0.9140625,0.015625,False,0,0.00035900698276236653,1.3476044833660126,-10.033629417419434,0.0002370364818489179,0.00043008910142816603,0.625,0.1875,0.1875,0.17988333106040955,0.693227231502533,-2.5285407545538874e-08,1.0,0.07606016844511032,1.3053768873214722,-4.346172310931706e-09,0.9999999403953552,0.36293500661849976,1.7297675609588623,-8.692344621863413e-09,0.9999998807907104,256,1024,69,12,0,2,0,0.8984375,0.9140625,0.015625,0.015625,2.563526265323162,0.009745444687723648,0.0,0.0,0.0,f8e27e9b3bb92dd33a460f38ecbd72f8b0fe03809683f697d54d3549626d69bb
contact_stability,373,2,0.765625,0.234375,-16.170141262933612,21.34375,0.71875,0.28125,-15.68401900306344,20.7109375,0.71875,0.28125,-15.68401900306344,20.7109375,50373,128,-0.046875,-0.015625,-0.015625,1.0,-0.015625,0.015625,,,False,True,False,0.9140625,0.0078125,False,0,0.0001481928920838982,1.2959371209144592,-10.033629417419434,0.00035518643562681973,0.000437691283877939,0.625,0.1875,0.1875,0.17524664103984833,0.6846271753311157,2.9802322831784522e-09,1.0,0.025349024683237076,1.3278162479400635,-8.07146260939362e-09,0.9999998807907104,0.2973199784755707,1.6454098224639893,-1.3969838619232178e-08,1.0,256,1024,103,12,0,2,0,0.8984375,0.9140625,0.015625,0.0078125,2.4333457304164767,0.010117287820321508,0.0,0.0,0.0,f8e27e9b3bb92dd33a460f38ecbd72f8b0fe03809683f697d54d3549626d69bb
contact_stability,373,3,0.765625,0.234375,-16.170141262933612,21.34375,0.7578125,0.2421875,-17.17899738997221,21.84375,0.7578125,0.2421875,-17.17899738997221,21.84375,70373,128,0.0,-0.140625,-0.140625,0.5,-0.046875,0.046875,,,False,True,False,0.90625,0.0234375,False,0,0.0002047843299806118,1.3531943559646606,-10.033629417419434,0.00026150967460125685,0.00037261590478010476,0.625,0.1875,0.1875,0.1820306032896042,0.6586930155754089,-2.3888423683615656e-08,1.0,0.05055208131670952,1.4584885835647583,-2.561137080192566e-09,1.0,0.33655232191085815,1.6410499811172485,-2.2506963404111957e-08,1.0,256,1024,88,12,0,2,0,0.8984375,0.90625,0.0078125,0.0234375,2.19783622212708,0.009604190461686812,0.0,0.0,0.0,f8e27e9b3bb92dd33a460f38ecbd72f8b0fe03809683f697d54d3549626d69bb
contact_stability,373,4,0.765625,0.234375,-16.170141262933612,21.34375,0.703125,0.296875,-15.489737058058381,20.375,0.7578125,0.2421875,-15.795985525473952,20.8515625,90373,128,0.140625,0.078125,0.03125,0.5,0.0546875,-0.0546875,0.5,0.5,True,True,False,0.890625,0.03125,True,1,0.0002373129827901721,1.4242905974388123,-10.033629417419434,0.00034484293428249657,0.0004081251099705696,0.625,0.1875,0.1875,0.1656961292028427,0.6540467739105225,-4.200265024678629e-08,1.0,0.09177350997924805,1.4496970176696777,3.259629011154175e-09,1.0,0.42848122119903564,1.756856918334961,-4.6566128730773926e-09,1.0,256,1024,87,12,0,2,0,0.8984375,0.890625,-0.0078125,0.03125,2.4946530451998115,0.009981989893276477,5.262092145130737e-06,9.988058081944473e-06,0.0,7f0c2658585159b8acffa04cba6652a0109d2da777ebb5475f64574273671af3
contact_stability,373,5,0.765625,0.234375,-16.170141262933612,21.34375,0.6796875,0.3203125,-15.975480875000358,20.6640625,0.78125,0.21875,-16.362928925082088,21.75,110373,128,-0.046875,-0.09375,-0.03125,1.5,0.1015625,-0.1015625,1.5,1.5,True,True,False,0.8828125,0.03125,True,2,0.00019392726244404912,1.3092495799064636,-10.033629417419434,0.0003224652027711272,0.0003632970037870109,0.625,0.1875,0.1875,0.1916530579328537,0.6118845343589783,-6.984919309616089e-10,1.0,0.15176957845687866,1.4614230394363403,-1.4901161193847656e-08,0.9999998807907104,0.4673555791378021,1.602598786354065,-1.1563922264201665e-08,1.0,256,1024,102,12,0,2,0,0.8984375,0.8828125,-0.015625,0.03125,2.2322635911405087,0.009766438059159555,1.4668908079329412e-05,3.79752746084705e-05,0.0,d7da1a444bd7fc6382354ca85d508a553305300648e9dbe901fd039eee7a0d4f
contact_stability,373,6,0.765625,0.234375,-16.170141262933612,21.34375,0.7421875,0.2578125,-15.605914376676083,20.6875,0.7421875,0.2578125,-15.605914376676083,20.6875,130373,128,0.0,0.03125,0.15625,1.5,-0.0390625,0.0390625,,,False,True,False,0.875,0.0234375,False,2,0.0002479167887941003,1.2190284729003906,-10.033629417419434,0.0002689874963834882,0.00043527918751351535,0.625,0.1875,0.1875,0.1828555017709732,0.5838916897773743,6.05359673500061e-09,0.9999999403953552,0.29909953474998474,1.3708029985427856,-4.967053879312289e-09,1.0,0.555122971534729,1.5355299711227417,3.1044087300813317e-09,0.9999999403953552,256,1024,127,12,0,2,0,0.8984375,0.875,-0.0234375,0.0234375,2.535944120027125,0.009544509222905617,1.4668908079329412e-05,3.79752746084705e-05,0.0,d7da1a444bd7fc6382354ca85d508a553305300648e9dbe901fd039eee7a0d4f
contact_stability,373,7,0.765625,0.234375,-16.170141262933612,21.34375,0.71875,0.28125,-16.567390337586403,20.8671875,0.71875,0.28125,-16.567390337586403,20.8671875,150373,128,-0.21875,-0.09375,-0.0625,1.5,0.0,0.0,,,False,True,False,0.875,0.015625,False,2,0.0002933134092018008,1.2715617418289185,-10.033629417419434,0.0003313631168566644,0.0004568271688185632,0.625,0.1875,0.1875,0.19195234775543213,0.5793940424919128,-2.1886081835731375e-09,1.0,0.270347535610199,1.3645905256271362,-9.934107758624577e-09,1.0,0.6154533624649048,1.6120473146438599,-2.3244259850230264e-08,1.0,256,1024,109,12,0,2,0,0.8984375,0.875,-0.0234375,0.015625,2.537748464383185,0.009811082014493877,1.4668908079329412e-05,3.79752746084705e-05,0.0,d7da1a444bd7fc6382354ca85d508a553305300648e9dbe901fd039eee7a0d4f
contact_stability,373,8,0.765625,0.234375,-16.170141262933612,21.34375,0.7421875,0.2578125,-15.832150731235743,21.15625,0.7421875,0.2578125,-15.832150731235743,21.15625,170373,128,0.03125,-0.0625,0.015625,0.5,-0.078125,0.078125,,,False,True,False,0.8671875,0.046875,False,2,0.0002673055278137326,1.3310684561729431,-10.033629417419434,0.00030181059264577925,0.0003771825577132404,0.625,0.1875,0.1875,0.193552166223526,0.5703786015510559,-4.470348535789981e-09,1.0,0.2816985547542572,1.422110915184021,-9.468446471316838e-09,0.9999999403953552,0.6630332469940186,1.6541708707809448,1.7384689243726825e-08,1.0,256,1024,111,12,0,2,0,0.8984375,0.8671875,-0.03125,0.046875,2.3203890323638916,0.00962064210762037,1.4668908079329412e-05,3.79752746084705e-05,0.0,d7da1a444bd7fc6382354ca85d508a553305300648e9dbe901fd039eee7a0d4f
